ISO-10303-21;
HEADER;
/* Generated by software containing ST-Developer
 * from STEP Tools, Inc. (www.steptools.com) 
 */
/* OPTION: using custom renumber hook */

FILE_DESCRIPTION(
/* description */ ('STEP AP214'),
/* implementation_level */ '2;1');

FILE_NAME(
/* name */ 'JECX-MF-160-J-EXLA-40-180(0)',
/* time_stamp */ '2026-07-06T09:35:30+02:00',
/* author */ ('License CC BY-ND 4.0'),
/* organization */ ('CADENAS'),
/* preprocessor_version */ 'ST-DEVELOPER v20',
/* originating_system */ 'PARTsolutions',
/* authorisation */ '  ');

FILE_SCHEMA (('AUTOMOTIVE_DESIGN {1 0 10303 214 3 1 1}'));
ENDSEC;

DATA;
#10=PROPERTY_DEFINITION_REPRESENTATION(#14,#12);
#11=PROPERTY_DEFINITION_REPRESENTATION(#15,#13);
#12=REPRESENTATION('',(#16),#4173);
#13=REPRESENTATION('',(#17),#4173);
#14=PROPERTY_DEFINITION('pmi validation property','',#4182);
#15=PROPERTY_DEFINITION('pmi validation property','',#4182);
#16=VALUE_REPRESENTATION_ITEM('number of annotations',COUNT_MEASURE(0.));
#17=VALUE_REPRESENTATION_ITEM('number of views',COUNT_MEASURE(0.));
#18=ELLIPSE('',#2893,11.5660844666209,11.);
#19=ELLIPSE('',#2894,11.5660844666209,11.);
#20=B_SPLINE_CURVE_WITH_KNOTS('',3,(#3967,#3968,#3969,#3970),
 .UNSPECIFIED.,.F.,.F.,(4,4),(8.88896448372065E-7,0.00129090944308789),
 .UNSPECIFIED.);
#21=B_SPLINE_CURVE_WITH_KNOTS('',3,(#3974,#3975,#3976,#3977),
 .UNSPECIFIED.,.F.,.F.,(4,4),(0.016451575078223,0.0177465360254505),
 .UNSPECIFIED.);
#22=B_SPLINE_CURVE_WITH_KNOTS('',3,(#3979,#3980,#3981,#3982),
 .UNSPECIFIED.,.F.,.F.,(4,4),(0.016451575078223,0.0177465360254505),
 .UNSPECIFIED.);
#23=B_SPLINE_CURVE_WITH_KNOTS('',3,(#3984,#3985,#3986,#3987),
 .UNSPECIFIED.,.F.,.F.,(4,4),(8.88896448372065E-7,0.00129090944308789),
 .UNSPECIFIED.);
#24=B_SPLINE_CURVE_WITH_KNOTS('',3,(#4018,#4019,#4020,#4021),
 .UNSPECIFIED.,.F.,.F.,(4,4),(2.38072964551818E-7,0.00701044503480715),
 .UNSPECIFIED.);
#25=B_SPLINE_CURVE_WITH_KNOTS('',3,(#4023,#4024,#4025,#4026),
 .UNSPECIFIED.,.F.,.F.,(4,4),(0.0224973516409143,0.0295460122041791),
 .UNSPECIFIED.);
#26=B_SPLINE_CURVE_WITH_KNOTS('',3,(#4028,#4029,#4030,#4031),
 .UNSPECIFIED.,.F.,.F.,(4,4),(2.38072964550696E-7,0.00701044503480715),
 .UNSPECIFIED.);
#27=B_SPLINE_CURVE_WITH_KNOTS('',3,(#4033,#4034,#4035,#4036),
 .UNSPECIFIED.,.F.,.F.,(4,4),(0.00701044503480715,0.0139944395566053),
 .UNSPECIFIED.);
#28=B_SPLINE_CURVE_WITH_KNOTS('',3,(#4038,#4039,#4040,#4041),
 .UNSPECIFIED.,.F.,.F.,(4,4),(0.00701044503480715,0.0139944395566053),
 .UNSPECIFIED.);
#29=B_SPLINE_CURVE_WITH_KNOTS('',3,(#4043,#4044,#4045,#4046),
 .UNSPECIFIED.,.F.,.F.,(4,4),(0.0154504742088547,0.0224973516409143),
 .UNSPECIFIED.);
#30=B_SPLINE_CURVE_WITH_KNOTS('',3,(#4048,#4049,#4050,#4051),
 .UNSPECIFIED.,.F.,.F.,(4,4),(2.38072964551818E-7,0.00701044503480715),
 .UNSPECIFIED.);
#31=B_SPLINE_CURVE_WITH_KNOTS('',3,(#4053,#4054,#4055,#4056),
 .UNSPECIFIED.,.F.,.F.,(4,4),(0.0224973516409143,0.0295460122041791),
 .UNSPECIFIED.);
#32=B_SPLINE_CURVE_WITH_KNOTS('',3,(#4058,#4059,#4060,#4061),
 .UNSPECIFIED.,.F.,.F.,(4,4),(2.38072964550696E-7,0.00701044503480715),
 .UNSPECIFIED.);
#33=B_SPLINE_CURVE_WITH_KNOTS('',3,(#4063,#4064,#4065,#4066),
 .UNSPECIFIED.,.F.,.F.,(4,4),(0.00701044503480715,0.0139944395566053),
 .UNSPECIFIED.);
#34=B_SPLINE_CURVE_WITH_KNOTS('',3,(#4068,#4069,#4070,#4071),
 .UNSPECIFIED.,.F.,.F.,(4,4),(0.0154504742088547,0.0224973516409143),
 .UNSPECIFIED.);
#35=B_SPLINE_CURVE_WITH_KNOTS('',3,(#4073,#4074,#4075,#4076),
 .UNSPECIFIED.,.F.,.F.,(4,4),(0.00701044503480715,0.0139944395566053),
 .UNSPECIFIED.);
#36=B_SPLINE_CURVE_WITH_KNOTS('',3,(#4080,#4081,#4082,#4083),
 .UNSPECIFIED.,.F.,.F.,(4,4),(2.38072964552064E-7,0.00701044503480715),
 .UNSPECIFIED.);
#37=B_SPLINE_CURVE_WITH_KNOTS('',3,(#4085,#4086,#4087,#4088),
 .UNSPECIFIED.,.F.,.F.,(4,4),(0.00701044503480715,0.0139944395566053),
 .UNSPECIFIED.);
#38=B_SPLINE_CURVE_WITH_KNOTS('',3,(#4092,#4093,#4094,#4095),
 .UNSPECIFIED.,.F.,.F.,(4,4),(2.38072964551368E-7,0.00701044503480715),
 .UNSPECIFIED.);
#39=B_SPLINE_CURVE_WITH_KNOTS('',3,(#4097,#4098,#4099,#4100),
 .UNSPECIFIED.,.F.,.F.,(4,4),(0.00701044503480715,0.0139944395566053),
 .UNSPECIFIED.);
#40=B_SPLINE_CURVE_WITH_KNOTS('',3,(#4104,#4105,#4106,#4107),
 .UNSPECIFIED.,.F.,.F.,(4,4),(0.0154504742088547,0.0224973516409143),
 .UNSPECIFIED.);
#41=B_SPLINE_CURVE_WITH_KNOTS('',3,(#4109,#4110,#4111,#4112),
 .UNSPECIFIED.,.F.,.F.,(4,4),(0.0224973516409143,0.0295460122041791),
 .UNSPECIFIED.);
#42=B_SPLINE_CURVE_WITH_KNOTS('',3,(#4116,#4117,#4118,#4119),
 .UNSPECIFIED.,.F.,.F.,(4,4),(2.38072964552064E-7,0.00701044503480715),
 .UNSPECIFIED.);
#43=B_SPLINE_CURVE_WITH_KNOTS('',3,(#4121,#4122,#4123,#4124),
 .UNSPECIFIED.,.F.,.F.,(4,4),(0.00701044503480715,0.0139944395566053),
 .UNSPECIFIED.);
#44=B_SPLINE_CURVE_WITH_KNOTS('',3,(#4128,#4129,#4130,#4131),
 .UNSPECIFIED.,.F.,.F.,(4,4),(2.38072964552848E-7,0.00701044503480715),
 .UNSPECIFIED.);
#45=B_SPLINE_CURVE_WITH_KNOTS('',3,(#4133,#4134,#4135,#4136),
 .UNSPECIFIED.,.F.,.F.,(4,4),(0.00701044503480715,0.0139944395566053),
 .UNSPECIFIED.);
#46=B_SPLINE_CURVE_WITH_KNOTS('',3,(#4140,#4141,#4142,#4143),
 .UNSPECIFIED.,.F.,.F.,(4,4),(0.0154504742088547,0.0224973516409143),
 .UNSPECIFIED.);
#47=B_SPLINE_CURVE_WITH_KNOTS('',3,(#4145,#4146,#4147,#4148),
 .UNSPECIFIED.,.F.,.F.,(4,4),(0.0224973516409143,0.0295460122041791),
 .UNSPECIFIED.);
#48=CONTEXT_DEPENDENT_SHAPE_REPRESENTATION(#52,#4184);
#49=CONTEXT_DEPENDENT_SHAPE_REPRESENTATION(#53,#4186);
#50=NEXT_ASSEMBLY_USAGE_OCCURRENCE('NAUO1',
'JECX-MF-EXLA-40-180(0_body)','JECX-MF-EXLA-40-180(0_body)',#4187,#4188,
'');
#51=NEXT_ASSEMBLY_USAGE_OCCURRENCE('NAUO2','JECX-MF-EXLA-40-180(0_rod)',
'JECX-MF-EXLA-40-180(0_rod)',#4187,#4189,'');
#52=(
REPRESENTATION_RELATIONSHIP(' ',' ',#2711,#2710)
REPRESENTATION_RELATIONSHIP_WITH_TRANSFORMATION(#54)
SHAPE_REPRESENTATION_RELATIONSHIP()
);
#53=(
REPRESENTATION_RELATIONSHIP(' ',' ',#2712,#2710)
REPRESENTATION_RELATIONSHIP_WITH_TRANSFORMATION(#55)
SHAPE_REPRESENTATION_RELATIONSHIP()
);
#54=ITEM_DEFINED_TRANSFORMATION(' ',' ',#2713,#2872);
#55=ITEM_DEFINED_TRANSFORMATION(' ',' ',#2713,#2936);
#56=SHAPE_REPRESENTATION_RELATIONSHIP('','',#2711,#58);
#57=SHAPE_REPRESENTATION_RELATIONSHIP('','',#2712,#59);
#58=ADVANCED_BREP_SHAPE_REPRESENTATION('',(#2705),#4174);
#59=ADVANCED_BREP_SHAPE_REPRESENTATION('',(#2706),#4175);
#60=VERTEX_LOOP('',#1052);
#61=VERTEX_LOOP('',#1054);
#62=VERTEX_LOOP('',#1097);
#63=VERTEX_LOOP('',#1099);
#64=CONICAL_SURFACE('',#2813,2.,1.0471975511966);
#65=CONICAL_SURFACE('',#2816,2.,1.0471975511966);
#66=CONICAL_SURFACE('',#2820,3.,0.78539816339745);
#67=CONICAL_SURFACE('',#2824,2.4585,0.785398163397453);
#68=CONICAL_SURFACE('',#2828,3.,0.785398163397439);
#69=CONICAL_SURFACE('',#2832,2.45850000000003,0.785398163397442);
#70=CONICAL_SURFACE('',#2835,2.40000000000001,0.785398163397448);
#71=CONICAL_SURFACE('',#2840,2.39999999999996,0.785398163397448);
#72=CONICAL_SURFACE('',#2866,0.,1.0471975511966);
#73=CONICAL_SURFACE('',#2869,0.,1.0471975511966);
#74=CONICAL_SURFACE('',#2887,10.5,0.463647609000806);
#75=CONICAL_SURFACE('',#2889,10.5,0.463647609000806);
#76=CONICAL_SURFACE('',#2904,7.99999999999998,0.785398163397446);
#77=CONICAL_SURFACE('',#2905,12.,1.0471975511966);
#78=CONICAL_SURFACE('',#2906,12.,1.0471975511966);
#79=CONICAL_SURFACE('',#2907,12.,1.0471975511966);
#80=CONICAL_SURFACE('',#2908,12.,1.0471975511966);
#81=CONICAL_SURFACE('',#2909,12.,1.0471975511966);
#82=CONICAL_SURFACE('',#2910,12.,1.0471975511966);
#83=CONICAL_SURFACE('',#2917,17.5,1.0471975511966);
#84=CONICAL_SURFACE('',#2919,17.5,1.0471975511966);
#85=CONICAL_SURFACE('',#2921,17.5,1.0471975511966);
#86=CONICAL_SURFACE('',#2923,17.5,1.0471975511966);
#87=CONICAL_SURFACE('',#2925,17.5,1.0471975511966);
#88=CONICAL_SURFACE('',#2927,17.5,1.0471975511966);
#89=CONICAL_SURFACE('',#2931,7.08,0.785398163397446);
#90=COLOUR_RGB('',0.67500001192093,0.71399998664856,0.41600000858307);
#91=COLOUR_RGB('',0.689999997615814,0.689999997615814,0.689999997615814);
#92=CYLINDRICAL_SURFACE('',#2723,5.5);
#93=CYLINDRICAL_SURFACE('',#2726,5.5);
#94=CYLINDRICAL_SURFACE('',#2729,5.5);
#95=CYLINDRICAL_SURFACE('',#2732,5.5);
#96=CYLINDRICAL_SURFACE('',#2756,8.75);
#97=CYLINDRICAL_SURFACE('',#2760,8.75);
#98=CYLINDRICAL_SURFACE('',#2766,8.74999999999999);
#99=CYLINDRICAL_SURFACE('',#2770,8.75000000000001);
#100=CYLINDRICAL_SURFACE('',#2775,10.25);
#101=CYLINDRICAL_SURFACE('',#2776,7.75);
#102=CYLINDRICAL_SURFACE('',#2780,5.);
#103=CYLINDRICAL_SURFACE('',#2786,10.2499999999999);
#104=CYLINDRICAL_SURFACE('',#2787,7.75);
#105=CYLINDRICAL_SURFACE('',#2791,5.);
#106=CYLINDRICAL_SURFACE('',#2794,26.);
#107=CYLINDRICAL_SURFACE('',#2798,25.3);
#108=CYLINDRICAL_SURFACE('',#2806,20.);
#109=CYLINDRICAL_SURFACE('',#2810,11.);
#110=CYLINDRICAL_SURFACE('',#2811,2.);
#111=CYLINDRICAL_SURFACE('',#2814,2.);
#112=CYLINDRICAL_SURFACE('',#2822,2.4585);
#113=CYLINDRICAL_SURFACE('',#2830,2.45850000000003);
#114=CYLINDRICAL_SURFACE('',#2833,2.40000000000001);
#115=CYLINDRICAL_SURFACE('',#2838,2.39999999999996);
#116=CYLINDRICAL_SURFACE('',#2857,26.);
#117=CYLINDRICAL_SURFACE('',#2861,25.3);
#118=CYLINDRICAL_SURFACE('',#2868,2.);
#119=CYLINDRICAL_SURFACE('',#2871,2.);
#120=CYLINDRICAL_SURFACE('',#2881,7.99999999999998);
#121=CYLINDRICAL_SURFACE('',#2891,11.);
#122=CYLINDRICAL_SURFACE('',#2897,20.);
#123=CYLINDRICAL_SURFACE('',#2933,7.99999999999998);
#124=CIRCLE('',#2715,5.5);
#125=CIRCLE('',#2716,5.5);
#126=CIRCLE('',#2717,10.2499999999999);
#127=CIRCLE('',#2719,5.5);
#128=CIRCLE('',#2720,5.5);
#129=CIRCLE('',#2721,10.25);
#130=CIRCLE('',#2724,5.5);
#131=CIRCLE('',#2727,5.5);
#132=CIRCLE('',#2730,5.5);
#133=CIRCLE('',#2733,5.5);
#134=CIRCLE('',#2736,3.);
#135=CIRCLE('',#2737,3.);
#136=CIRCLE('',#2741,8.74999999999999);
#137=CIRCLE('',#2742,8.75);
#138=CIRCLE('',#2743,8.75);
#139=CIRCLE('',#2744,8.75000000000001);
#140=CIRCLE('',#2746,26.);
#141=CIRCLE('',#2748,26.);
#142=CIRCLE('',#2753,8.75);
#143=CIRCLE('',#2758,8.75);
#144=CIRCLE('',#2763,8.74999999999999);
#145=CIRCLE('',#2768,8.75000000000001);
#146=CIRCLE('',#2773,10.25);
#147=CIRCLE('',#2774,7.75);
#148=CIRCLE('',#2777,7.75);
#149=CIRCLE('',#2779,5.);
#150=CIRCLE('',#2781,5.);
#151=CIRCLE('',#2784,10.25);
#152=CIRCLE('',#2785,7.75);
#153=CIRCLE('',#2788,7.75);
#154=CIRCLE('',#2790,5.);
#155=CIRCLE('',#2792,5.);
#156=CIRCLE('',#2795,26.);
#157=CIRCLE('',#2797,25.3);
#158=CIRCLE('',#2799,25.3);
#159=CIRCLE('',#2801,2.);
#160=CIRCLE('',#2802,2.);
#161=CIRCLE('',#2803,11.);
#162=CIRCLE('',#2805,20.);
#163=CIRCLE('',#2807,20.);
#164=CIRCLE('',#2809,11.);
#165=CIRCLE('',#2812,2.);
#166=CIRCLE('',#2815,2.);
#167=CIRCLE('',#2818,2.40000000000001);
#168=CIRCLE('',#2819,3.);
#169=CIRCLE('',#2821,2.4585);
#170=CIRCLE('',#2823,2.4585);
#171=CIRCLE('',#2826,2.39999999999996);
#172=CIRCLE('',#2827,3.);
#173=CIRCLE('',#2829,2.45850000000003);
#174=CIRCLE('',#2831,2.45850000000003);
#175=CIRCLE('',#2834,2.40000000000001);
#176=CIRCLE('',#2836,1.90000000000001);
#177=CIRCLE('',#2839,2.39999999999996);
#178=CIRCLE('',#2841,1.89999999999996);
#179=CIRCLE('',#2858,26.);
#180=CIRCLE('',#2860,25.3);
#181=CIRCLE('',#2862,25.3);
#182=CIRCLE('',#2864,2.);
#183=CIRCLE('',#2865,2.);
#184=CIRCLE('',#2867,2.);
#185=CIRCLE('',#2870,2.);
#186=CIRCLE('',#2874,7.99999999999998);
#187=CIRCLE('',#2875,12.);
#188=CIRCLE('',#2876,12.);
#189=CIRCLE('',#2877,12.);
#190=CIRCLE('',#2878,12.);
#191=CIRCLE('',#2879,12.);
#192=CIRCLE('',#2880,12.);
#193=CIRCLE('',#2882,7.99999999999998);
#194=CIRCLE('',#2884,7.08);
#195=CIRCLE('',#2885,10.5);
#196=CIRCLE('',#2886,10.5);
#197=CIRCLE('',#2888,11.);
#198=CIRCLE('',#2890,11.);
#199=CIRCLE('',#2892,11.);
#200=CIRCLE('',#2896,20.);
#201=CIRCLE('',#2898,20.);
#202=CIRCLE('',#2918,12.);
#203=CIRCLE('',#2920,12.);
#204=CIRCLE('',#2922,12.);
#205=CIRCLE('',#2924,12.);
#206=CIRCLE('',#2926,12.);
#207=CIRCLE('',#2928,12.);
#208=CIRCLE('',#2930,7.08);
#209=CIRCLE('',#2932,7.99999999999999);
#210=CIRCLE('',#2934,7.99999999999998);
#211=ORIENTED_EDGE('',*,*,#709,.T.);
#212=ORIENTED_EDGE('',*,*,#710,.T.);
#213=ORIENTED_EDGE('',*,*,#711,.F.);
#214=ORIENTED_EDGE('',*,*,#712,.T.);
#215=ORIENTED_EDGE('',*,*,#713,.T.);
#216=ORIENTED_EDGE('',*,*,#714,.T.);
#217=ORIENTED_EDGE('',*,*,#715,.T.);
#218=ORIENTED_EDGE('',*,*,#716,.F.);
#219=ORIENTED_EDGE('',*,*,#717,.F.);
#220=ORIENTED_EDGE('',*,*,#718,.T.);
#221=ORIENTED_EDGE('',*,*,#719,.F.);
#222=ORIENTED_EDGE('',*,*,#720,.T.);
#223=ORIENTED_EDGE('',*,*,#721,.T.);
#224=ORIENTED_EDGE('',*,*,#722,.T.);
#225=ORIENTED_EDGE('',*,*,#723,.F.);
#226=ORIENTED_EDGE('',*,*,#724,.F.);
#227=ORIENTED_EDGE('',*,*,#725,.T.);
#228=ORIENTED_EDGE('',*,*,#726,.T.);
#229=ORIENTED_EDGE('',*,*,#714,.F.);
#230=ORIENTED_EDGE('',*,*,#727,.F.);
#231=ORIENTED_EDGE('',*,*,#728,.F.);
#232=ORIENTED_EDGE('',*,*,#729,.F.);
#233=ORIENTED_EDGE('',*,*,#730,.T.);
#234=ORIENTED_EDGE('',*,*,#731,.T.);
#235=ORIENTED_EDGE('',*,*,#713,.F.);
#236=ORIENTED_EDGE('',*,*,#732,.F.);
#237=ORIENTED_EDGE('',*,*,#733,.F.);
#238=ORIENTED_EDGE('',*,*,#734,.T.);
#239=ORIENTED_EDGE('',*,*,#735,.F.);
#240=ORIENTED_EDGE('',*,*,#736,.F.);
#241=ORIENTED_EDGE('',*,*,#721,.F.);
#242=ORIENTED_EDGE('',*,*,#737,.F.);
#243=ORIENTED_EDGE('',*,*,#738,.F.);
#244=ORIENTED_EDGE('',*,*,#739,.T.);
#245=ORIENTED_EDGE('',*,*,#740,.F.);
#246=ORIENTED_EDGE('',*,*,#741,.F.);
#247=ORIENTED_EDGE('',*,*,#720,.F.);
#248=ORIENTED_EDGE('',*,*,#742,.F.);
#249=ORIENTED_EDGE('',*,*,#743,.T.);
#250=ORIENTED_EDGE('',*,*,#731,.F.);
#251=ORIENTED_EDGE('',*,*,#744,.T.);
#252=ORIENTED_EDGE('',*,*,#711,.T.);
#253=ORIENTED_EDGE('',*,*,#745,.T.);
#254=ORIENTED_EDGE('',*,*,#746,.T.);
#255=ORIENTED_EDGE('',*,*,#747,.T.);
#256=ORIENTED_EDGE('',*,*,#716,.T.);
#257=ORIENTED_EDGE('',*,*,#748,.F.);
#258=ORIENTED_EDGE('',*,*,#749,.F.);
#259=ORIENTED_EDGE('',*,*,#750,.F.);
#260=ORIENTED_EDGE('',*,*,#751,.F.);
#261=ORIENTED_EDGE('',*,*,#752,.T.);
#262=ORIENTED_EDGE('',*,*,#739,.F.);
#263=ORIENTED_EDGE('',*,*,#753,.F.);
#264=ORIENTED_EDGE('',*,*,#754,.F.);
#265=ORIENTED_EDGE('',*,*,#755,.F.);
#266=ORIENTED_EDGE('',*,*,#756,.F.);
#267=ORIENTED_EDGE('',*,*,#757,.F.);
#268=ORIENTED_EDGE('',*,*,#758,.F.);
#269=ORIENTED_EDGE('',*,*,#759,.T.);
#270=ORIENTED_EDGE('',*,*,#736,.T.);
#271=ORIENTED_EDGE('',*,*,#760,.F.);
#272=ORIENTED_EDGE('',*,*,#761,.F.);
#273=ORIENTED_EDGE('',*,*,#762,.T.);
#274=ORIENTED_EDGE('',*,*,#763,.T.);
#275=ORIENTED_EDGE('',*,*,#764,.F.);
#276=ORIENTED_EDGE('',*,*,#718,.F.);
#277=ORIENTED_EDGE('',*,*,#765,.F.);
#278=ORIENTED_EDGE('',*,*,#766,.F.);
#279=ORIENTED_EDGE('',*,*,#767,.F.);
#280=ORIENTED_EDGE('',*,*,#709,.F.);
#281=ORIENTED_EDGE('',*,*,#768,.T.);
#282=ORIENTED_EDGE('',*,*,#724,.T.);
#283=ORIENTED_EDGE('',*,*,#769,.F.);
#284=ORIENTED_EDGE('',*,*,#749,.T.);
#285=ORIENTED_EDGE('',*,*,#770,.F.);
#286=ORIENTED_EDGE('',*,*,#771,.F.);
#287=ORIENTED_EDGE('',*,*,#772,.F.);
#288=ORIENTED_EDGE('',*,*,#773,.T.);
#289=ORIENTED_EDGE('',*,*,#774,.F.);
#290=ORIENTED_EDGE('',*,*,#763,.F.);
#291=ORIENTED_EDGE('',*,*,#775,.F.);
#292=ORIENTED_EDGE('',*,*,#726,.F.);
#293=ORIENTED_EDGE('',*,*,#776,.T.);
#294=ORIENTED_EDGE('',*,*,#729,.T.);
#295=ORIENTED_EDGE('',*,*,#777,.F.);
#296=ORIENTED_EDGE('',*,*,#778,.F.);
#297=ORIENTED_EDGE('',*,*,#779,.F.);
#298=ORIENTED_EDGE('',*,*,#741,.T.);
#299=ORIENTED_EDGE('',*,*,#780,.F.);
#300=ORIENTED_EDGE('',*,*,#781,.F.);
#301=ORIENTED_EDGE('',*,*,#782,.F.);
#302=ORIENTED_EDGE('',*,*,#771,.T.);
#303=ORIENTED_EDGE('',*,*,#783,.F.);
#304=ORIENTED_EDGE('',*,*,#773,.F.);
#305=ORIENTED_EDGE('',*,*,#784,.F.);
#306=ORIENTED_EDGE('',*,*,#785,.F.);
#307=ORIENTED_EDGE('',*,*,#786,.F.);
#308=ORIENTED_EDGE('',*,*,#734,.F.);
#309=ORIENTED_EDGE('',*,*,#787,.F.);
#310=ORIENTED_EDGE('',*,*,#788,.F.);
#311=ORIENTED_EDGE('',*,*,#789,.T.);
#312=ORIENTED_EDGE('',*,*,#730,.F.);
#313=ORIENTED_EDGE('',*,*,#776,.F.);
#314=ORIENTED_EDGE('',*,*,#725,.F.);
#315=ORIENTED_EDGE('',*,*,#768,.F.);
#316=ORIENTED_EDGE('',*,*,#712,.F.);
#317=ORIENTED_EDGE('',*,*,#744,.F.);
#318=ORIENTED_EDGE('',*,*,#790,.F.);
#319=ORIENTED_EDGE('',*,*,#770,.T.);
#320=ORIENTED_EDGE('',*,*,#748,.T.);
#321=ORIENTED_EDGE('',*,*,#719,.T.);
#322=ORIENTED_EDGE('',*,*,#764,.T.);
#323=ORIENTED_EDGE('',*,*,#774,.T.);
#324=ORIENTED_EDGE('',*,*,#783,.T.);
#325=ORIENTED_EDGE('',*,*,#746,.F.);
#326=ORIENTED_EDGE('',*,*,#791,.F.);
#327=ORIENTED_EDGE('',*,*,#766,.T.);
#328=ORIENTED_EDGE('',*,*,#792,.T.);
#329=ORIENTED_EDGE('',*,*,#747,.F.);
#330=ORIENTED_EDGE('',*,*,#792,.F.);
#331=ORIENTED_EDGE('',*,*,#765,.T.);
#332=ORIENTED_EDGE('',*,*,#717,.T.);
#333=ORIENTED_EDGE('',*,*,#745,.F.);
#334=ORIENTED_EDGE('',*,*,#710,.F.);
#335=ORIENTED_EDGE('',*,*,#767,.T.);
#336=ORIENTED_EDGE('',*,*,#791,.T.);
#337=ORIENTED_EDGE('',*,*,#793,.T.);
#338=ORIENTED_EDGE('',*,*,#751,.T.);
#339=ORIENTED_EDGE('',*,*,#794,.T.);
#340=ORIENTED_EDGE('',*,*,#795,.T.);
#341=ORIENTED_EDGE('',*,*,#742,.T.);
#342=ORIENTED_EDGE('',*,*,#740,.T.);
#343=ORIENTED_EDGE('',*,*,#752,.F.);
#344=ORIENTED_EDGE('',*,*,#793,.F.);
#345=ORIENTED_EDGE('',*,*,#796,.T.);
#346=ORIENTED_EDGE('',*,*,#780,.T.);
#347=ORIENTED_EDGE('',*,*,#769,.T.);
#348=ORIENTED_EDGE('',*,*,#782,.T.);
#349=ORIENTED_EDGE('',*,*,#797,.F.);
#350=ORIENTED_EDGE('',*,*,#794,.F.);
#351=ORIENTED_EDGE('',*,*,#750,.T.);
#352=ORIENTED_EDGE('',*,*,#781,.T.);
#353=ORIENTED_EDGE('',*,*,#796,.F.);
#354=ORIENTED_EDGE('',*,*,#795,.F.);
#355=ORIENTED_EDGE('',*,*,#797,.T.);
#356=ORIENTED_EDGE('',*,*,#798,.T.);
#357=ORIENTED_EDGE('',*,*,#799,.T.);
#358=ORIENTED_EDGE('',*,*,#800,.T.);
#359=ORIENTED_EDGE('',*,*,#761,.T.);
#360=ORIENTED_EDGE('',*,*,#737,.T.);
#361=ORIENTED_EDGE('',*,*,#735,.T.);
#362=ORIENTED_EDGE('',*,*,#786,.T.);
#363=ORIENTED_EDGE('',*,*,#801,.F.);
#364=ORIENTED_EDGE('',*,*,#798,.F.);
#365=ORIENTED_EDGE('',*,*,#760,.T.);
#366=ORIENTED_EDGE('',*,*,#785,.T.);
#367=ORIENTED_EDGE('',*,*,#802,.F.);
#368=ORIENTED_EDGE('',*,*,#799,.F.);
#369=ORIENTED_EDGE('',*,*,#801,.T.);
#370=ORIENTED_EDGE('',*,*,#772,.T.);
#371=ORIENTED_EDGE('',*,*,#762,.F.);
#372=ORIENTED_EDGE('',*,*,#800,.F.);
#373=ORIENTED_EDGE('',*,*,#802,.T.);
#374=ORIENTED_EDGE('',*,*,#784,.T.);
#375=ORIENTED_EDGE('',*,*,#803,.T.);
#376=ORIENTED_EDGE('',*,*,#754,.T.);
#377=ORIENTED_EDGE('',*,*,#804,.T.);
#378=ORIENTED_EDGE('',*,*,#805,.T.);
#379=ORIENTED_EDGE('',*,*,#732,.T.);
#380=ORIENTED_EDGE('',*,*,#728,.T.);
#381=ORIENTED_EDGE('',*,*,#743,.F.);
#382=ORIENTED_EDGE('',*,*,#803,.F.);
#383=ORIENTED_EDGE('',*,*,#806,.T.);
#384=ORIENTED_EDGE('',*,*,#777,.T.);
#385=ORIENTED_EDGE('',*,*,#738,.T.);
#386=ORIENTED_EDGE('',*,*,#779,.T.);
#387=ORIENTED_EDGE('',*,*,#807,.F.);
#388=ORIENTED_EDGE('',*,*,#804,.F.);
#389=ORIENTED_EDGE('',*,*,#753,.T.);
#390=ORIENTED_EDGE('',*,*,#778,.T.);
#391=ORIENTED_EDGE('',*,*,#806,.F.);
#392=ORIENTED_EDGE('',*,*,#805,.F.);
#393=ORIENTED_EDGE('',*,*,#807,.T.);
#394=ORIENTED_EDGE('',*,*,#808,.T.);
#395=ORIENTED_EDGE('',*,*,#809,.T.);
#396=ORIENTED_EDGE('',*,*,#810,.T.);
#397=ORIENTED_EDGE('',*,*,#758,.T.);
#398=ORIENTED_EDGE('',*,*,#727,.T.);
#399=ORIENTED_EDGE('',*,*,#723,.T.);
#400=ORIENTED_EDGE('',*,*,#775,.T.);
#401=ORIENTED_EDGE('',*,*,#811,.F.);
#402=ORIENTED_EDGE('',*,*,#808,.F.);
#403=ORIENTED_EDGE('',*,*,#757,.T.);
#404=ORIENTED_EDGE('',*,*,#788,.T.);
#405=ORIENTED_EDGE('',*,*,#812,.F.);
#406=ORIENTED_EDGE('',*,*,#809,.F.);
#407=ORIENTED_EDGE('',*,*,#811,.T.);
#408=ORIENTED_EDGE('',*,*,#733,.T.);
#409=ORIENTED_EDGE('',*,*,#759,.F.);
#410=ORIENTED_EDGE('',*,*,#810,.F.);
#411=ORIENTED_EDGE('',*,*,#812,.T.);
#412=ORIENTED_EDGE('',*,*,#787,.T.);
#413=ORIENTED_EDGE('',*,*,#813,.F.);
#414=ORIENTED_EDGE('',*,*,#814,.T.);
#415=ORIENTED_EDGE('',*,*,#722,.F.);
#416=ORIENTED_EDGE('',*,*,#813,.T.);
#417=ORIENTED_EDGE('',*,*,#814,.F.);
#418=ORIENTED_EDGE('',*,*,#815,.T.);
#419=ORIENTED_EDGE('',*,*,#816,.F.);
#420=ORIENTED_EDGE('',*,*,#816,.T.);
#421=ORIENTED_EDGE('',*,*,#817,.F.);
#422=ORIENTED_EDGE('',*,*,#817,.T.);
#423=ORIENTED_EDGE('',*,*,#815,.F.);
#424=ORIENTED_EDGE('',*,*,#818,.F.);
#425=ORIENTED_EDGE('',*,*,#819,.T.);
#426=ORIENTED_EDGE('',*,*,#715,.F.);
#427=ORIENTED_EDGE('',*,*,#818,.T.);
#428=ORIENTED_EDGE('',*,*,#819,.F.);
#429=ORIENTED_EDGE('',*,*,#820,.T.);
#430=ORIENTED_EDGE('',*,*,#821,.F.);
#431=ORIENTED_EDGE('',*,*,#821,.T.);
#432=ORIENTED_EDGE('',*,*,#822,.F.);
#433=ORIENTED_EDGE('',*,*,#822,.T.);
#434=ORIENTED_EDGE('',*,*,#820,.F.);
#435=ORIENTED_EDGE('',*,*,#823,.F.);
#436=ORIENTED_EDGE('',*,*,#790,.T.);
#437=ORIENTED_EDGE('',*,*,#824,.F.);
#438=ORIENTED_EDGE('',*,*,#823,.T.);
#439=ORIENTED_EDGE('',*,*,#824,.T.);
#440=ORIENTED_EDGE('',*,*,#825,.F.);
#441=ORIENTED_EDGE('',*,*,#826,.T.);
#442=ORIENTED_EDGE('',*,*,#827,.T.);
#443=ORIENTED_EDGE('',*,*,#828,.F.);
#444=ORIENTED_EDGE('',*,*,#825,.T.);
#445=ORIENTED_EDGE('',*,*,#829,.F.);
#446=ORIENTED_EDGE('',*,*,#829,.T.);
#447=ORIENTED_EDGE('',*,*,#830,.F.);
#448=ORIENTED_EDGE('',*,*,#830,.T.);
#449=ORIENTED_EDGE('',*,*,#831,.F.);
#450=ORIENTED_EDGE('',*,*,#831,.T.);
#451=ORIENTED_EDGE('',*,*,#828,.T.);
#452=ORIENTED_EDGE('',*,*,#832,.T.);
#453=ORIENTED_EDGE('',*,*,#827,.F.);
#454=ORIENTED_EDGE('',*,*,#832,.F.);
#455=ORIENTED_EDGE('',*,*,#833,.T.);
#456=ORIENTED_EDGE('',*,*,#826,.F.);
#457=ORIENTED_EDGE('',*,*,#833,.F.);
#458=ORIENTED_EDGE('',*,*,#834,.F.);
#459=ORIENTED_EDGE('',*,*,#835,.T.);
#460=ORIENTED_EDGE('',*,*,#836,.T.);
#461=ORIENTED_EDGE('',*,*,#835,.F.);
#462=ORIENTED_EDGE('',*,*,#837,.T.);
#463=ORIENTED_EDGE('',*,*,#836,.F.);
#464=ORIENTED_EDGE('',*,*,#756,.T.);
#465=ORIENTED_EDGE('',*,*,#837,.F.);
#466=ORIENTED_EDGE('',*,*,#838,.F.);
#467=ORIENTED_EDGE('',*,*,#839,.T.);
#468=ORIENTED_EDGE('',*,*,#840,.T.);
#469=ORIENTED_EDGE('',*,*,#839,.F.);
#470=ORIENTED_EDGE('',*,*,#841,.T.);
#471=ORIENTED_EDGE('',*,*,#840,.F.);
#472=ORIENTED_EDGE('',*,*,#755,.T.);
#473=ORIENTED_EDGE('',*,*,#841,.F.);
#474=ORIENTED_EDGE('',*,*,#842,.F.);
#475=ORIENTED_EDGE('',*,*,#834,.T.);
#476=ORIENTED_EDGE('',*,*,#843,.F.);
#477=ORIENTED_EDGE('',*,*,#842,.T.);
#478=ORIENTED_EDGE('',*,*,#844,.F.);
#479=ORIENTED_EDGE('',*,*,#845,.F.);
#480=ORIENTED_EDGE('',*,*,#846,.F.);
#481=ORIENTED_EDGE('',*,*,#847,.F.);
#482=ORIENTED_EDGE('',*,*,#848,.F.);
#483=ORIENTED_EDGE('',*,*,#849,.F.);
#484=ORIENTED_EDGE('',*,*,#843,.T.);
#485=ORIENTED_EDGE('',*,*,#850,.F.);
#486=ORIENTED_EDGE('',*,*,#838,.T.);
#487=ORIENTED_EDGE('',*,*,#851,.F.);
#488=ORIENTED_EDGE('',*,*,#850,.T.);
#489=ORIENTED_EDGE('',*,*,#852,.F.);
#490=ORIENTED_EDGE('',*,*,#853,.F.);
#491=ORIENTED_EDGE('',*,*,#854,.F.);
#492=ORIENTED_EDGE('',*,*,#855,.F.);
#493=ORIENTED_EDGE('',*,*,#856,.F.);
#494=ORIENTED_EDGE('',*,*,#857,.F.);
#495=ORIENTED_EDGE('',*,*,#851,.T.);
#496=ORIENTED_EDGE('',*,*,#845,.T.);
#497=ORIENTED_EDGE('',*,*,#858,.F.);
#498=ORIENTED_EDGE('',*,*,#859,.F.);
#499=ORIENTED_EDGE('',*,*,#860,.T.);
#500=ORIENTED_EDGE('',*,*,#844,.T.);
#501=ORIENTED_EDGE('',*,*,#861,.F.);
#502=ORIENTED_EDGE('',*,*,#862,.F.);
#503=ORIENTED_EDGE('',*,*,#858,.T.);
#504=ORIENTED_EDGE('',*,*,#849,.T.);
#505=ORIENTED_EDGE('',*,*,#863,.F.);
#506=ORIENTED_EDGE('',*,*,#864,.F.);
#507=ORIENTED_EDGE('',*,*,#861,.T.);
#508=ORIENTED_EDGE('',*,*,#848,.T.);
#509=ORIENTED_EDGE('',*,*,#865,.F.);
#510=ORIENTED_EDGE('',*,*,#866,.F.);
#511=ORIENTED_EDGE('',*,*,#863,.T.);
#512=ORIENTED_EDGE('',*,*,#847,.T.);
#513=ORIENTED_EDGE('',*,*,#867,.F.);
#514=ORIENTED_EDGE('',*,*,#868,.F.);
#515=ORIENTED_EDGE('',*,*,#865,.T.);
#516=ORIENTED_EDGE('',*,*,#846,.T.);
#517=ORIENTED_EDGE('',*,*,#860,.F.);
#518=ORIENTED_EDGE('',*,*,#869,.F.);
#519=ORIENTED_EDGE('',*,*,#867,.T.);
#520=ORIENTED_EDGE('',*,*,#859,.T.);
#521=ORIENTED_EDGE('',*,*,#862,.T.);
#522=ORIENTED_EDGE('',*,*,#864,.T.);
#523=ORIENTED_EDGE('',*,*,#866,.T.);
#524=ORIENTED_EDGE('',*,*,#868,.T.);
#525=ORIENTED_EDGE('',*,*,#869,.T.);
#526=ORIENTED_EDGE('',*,*,#853,.T.);
#527=ORIENTED_EDGE('',*,*,#870,.F.);
#528=ORIENTED_EDGE('',*,*,#871,.F.);
#529=ORIENTED_EDGE('',*,*,#872,.T.);
#530=ORIENTED_EDGE('',*,*,#852,.T.);
#531=ORIENTED_EDGE('',*,*,#873,.F.);
#532=ORIENTED_EDGE('',*,*,#874,.F.);
#533=ORIENTED_EDGE('',*,*,#870,.T.);
#534=ORIENTED_EDGE('',*,*,#857,.T.);
#535=ORIENTED_EDGE('',*,*,#875,.F.);
#536=ORIENTED_EDGE('',*,*,#876,.F.);
#537=ORIENTED_EDGE('',*,*,#873,.T.);
#538=ORIENTED_EDGE('',*,*,#856,.T.);
#539=ORIENTED_EDGE('',*,*,#877,.F.);
#540=ORIENTED_EDGE('',*,*,#878,.F.);
#541=ORIENTED_EDGE('',*,*,#875,.T.);
#542=ORIENTED_EDGE('',*,*,#855,.T.);
#543=ORIENTED_EDGE('',*,*,#879,.F.);
#544=ORIENTED_EDGE('',*,*,#880,.F.);
#545=ORIENTED_EDGE('',*,*,#877,.T.);
#546=ORIENTED_EDGE('',*,*,#854,.T.);
#547=ORIENTED_EDGE('',*,*,#872,.F.);
#548=ORIENTED_EDGE('',*,*,#881,.F.);
#549=ORIENTED_EDGE('',*,*,#879,.T.);
#550=ORIENTED_EDGE('',*,*,#871,.T.);
#551=ORIENTED_EDGE('',*,*,#874,.T.);
#552=ORIENTED_EDGE('',*,*,#876,.T.);
#553=ORIENTED_EDGE('',*,*,#878,.T.);
#554=ORIENTED_EDGE('',*,*,#880,.T.);
#555=ORIENTED_EDGE('',*,*,#881,.T.);
#556=ORIENTED_EDGE('',*,*,#882,.T.);
#557=ORIENTED_EDGE('',*,*,#789,.F.);
#558=ORIENTED_EDGE('',*,*,#883,.F.);
#559=ORIENTED_EDGE('',*,*,#882,.F.);
#560=ORIENTED_EDGE('',*,*,#883,.T.);
#561=ORIENTED_EDGE('',*,*,#884,.T.);
#562=ORIENTED_EDGE('',*,*,#885,.F.);
#563=ORIENTED_EDGE('',*,*,#886,.F.);
#564=ORIENTED_EDGE('',*,*,#884,.F.);
#565=ORIENTED_EDGE('',*,*,#887,.T.);
#566=ORIENTED_EDGE('',*,*,#886,.T.);
#567=ORIENTED_EDGE('',*,*,#887,.F.);
#568=ORIENTED_EDGE('',*,*,#888,.T.);
#569=ORIENTED_EDGE('',*,*,#885,.T.);
#570=ORIENTED_EDGE('',*,*,#888,.F.);
#571=ORIENTED_EDGE('',*,*,#889,.T.);
#572=ORIENTED_EDGE('',*,*,#890,.F.);
#573=ORIENTED_EDGE('',*,*,#891,.T.);
#574=ORIENTED_EDGE('',*,*,#892,.T.);
#575=ORIENTED_EDGE('',*,*,#893,.T.);
#576=ORIENTED_EDGE('',*,*,#894,.T.);
#577=ORIENTED_EDGE('',*,*,#895,.T.);
#578=ORIENTED_EDGE('',*,*,#896,.F.);
#579=ORIENTED_EDGE('',*,*,#889,.F.);
#580=ORIENTED_EDGE('',*,*,#897,.T.);
#581=ORIENTED_EDGE('',*,*,#898,.F.);
#582=ORIENTED_EDGE('',*,*,#899,.F.);
#583=ORIENTED_EDGE('',*,*,#900,.T.);
#584=ORIENTED_EDGE('',*,*,#901,.F.);
#585=ORIENTED_EDGE('',*,*,#902,.F.);
#586=ORIENTED_EDGE('',*,*,#903,.F.);
#587=ORIENTED_EDGE('',*,*,#904,.F.);
#588=ORIENTED_EDGE('',*,*,#899,.T.);
#589=ORIENTED_EDGE('',*,*,#905,.F.);
#590=ORIENTED_EDGE('',*,*,#901,.T.);
#591=ORIENTED_EDGE('',*,*,#906,.F.);
#592=ORIENTED_EDGE('',*,*,#907,.F.);
#593=ORIENTED_EDGE('',*,*,#908,.F.);
#594=ORIENTED_EDGE('',*,*,#909,.F.);
#595=ORIENTED_EDGE('',*,*,#910,.F.);
#596=ORIENTED_EDGE('',*,*,#907,.T.);
#597=ORIENTED_EDGE('',*,*,#911,.F.);
#598=ORIENTED_EDGE('',*,*,#912,.F.);
#599=ORIENTED_EDGE('',*,*,#913,.F.);
#600=ORIENTED_EDGE('',*,*,#903,.T.);
#601=ORIENTED_EDGE('',*,*,#914,.F.);
#602=ORIENTED_EDGE('',*,*,#915,.F.);
#603=ORIENTED_EDGE('',*,*,#908,.T.);
#604=ORIENTED_EDGE('',*,*,#916,.F.);
#605=ORIENTED_EDGE('',*,*,#915,.T.);
#606=ORIENTED_EDGE('',*,*,#916,.T.);
#607=ORIENTED_EDGE('',*,*,#904,.T.);
#608=ORIENTED_EDGE('',*,*,#913,.T.);
#609=ORIENTED_EDGE('',*,*,#917,.T.);
#610=ORIENTED_EDGE('',*,*,#911,.T.);
#611=ORIENTED_EDGE('',*,*,#906,.T.);
#612=ORIENTED_EDGE('',*,*,#900,.F.);
#613=ORIENTED_EDGE('',*,*,#912,.T.);
#614=ORIENTED_EDGE('',*,*,#917,.F.);
#615=ORIENTED_EDGE('',*,*,#909,.T.);
#616=ORIENTED_EDGE('',*,*,#918,.T.);
#617=ORIENTED_EDGE('',*,*,#905,.T.);
#618=ORIENTED_EDGE('',*,*,#910,.T.);
#619=ORIENTED_EDGE('',*,*,#918,.F.);
#620=ORIENTED_EDGE('',*,*,#914,.T.);
#621=ORIENTED_EDGE('',*,*,#902,.T.);
#622=ORIENTED_EDGE('',*,*,#898,.T.);
#623=ORIENTED_EDGE('',*,*,#897,.F.);
#624=ORIENTED_EDGE('',*,*,#896,.T.);
#625=ORIENTED_EDGE('',*,*,#890,.T.);
#626=ORIENTED_EDGE('',*,*,#919,.F.);
#627=ORIENTED_EDGE('',*,*,#920,.F.);
#628=ORIENTED_EDGE('',*,*,#895,.F.);
#629=ORIENTED_EDGE('',*,*,#921,.F.);
#630=ORIENTED_EDGE('',*,*,#922,.F.);
#631=ORIENTED_EDGE('',*,*,#923,.F.);
#632=ORIENTED_EDGE('',*,*,#894,.F.);
#633=ORIENTED_EDGE('',*,*,#924,.F.);
#634=ORIENTED_EDGE('',*,*,#893,.F.);
#635=ORIENTED_EDGE('',*,*,#925,.F.);
#636=ORIENTED_EDGE('',*,*,#926,.F.);
#637=ORIENTED_EDGE('',*,*,#892,.F.);
#638=ORIENTED_EDGE('',*,*,#927,.F.);
#639=ORIENTED_EDGE('',*,*,#928,.F.);
#640=ORIENTED_EDGE('',*,*,#891,.F.);
#641=ORIENTED_EDGE('',*,*,#929,.F.);
#642=ORIENTED_EDGE('',*,*,#930,.F.);
#643=ORIENTED_EDGE('',*,*,#931,.F.);
#644=ORIENTED_EDGE('',*,*,#932,.T.);
#645=ORIENTED_EDGE('',*,*,#933,.T.);
#646=ORIENTED_EDGE('',*,*,#934,.T.);
#647=ORIENTED_EDGE('',*,*,#921,.T.);
#648=ORIENTED_EDGE('',*,*,#923,.T.);
#649=ORIENTED_EDGE('',*,*,#934,.F.);
#650=ORIENTED_EDGE('',*,*,#935,.T.);
#651=ORIENTED_EDGE('',*,*,#936,.T.);
#652=ORIENTED_EDGE('',*,*,#937,.T.);
#653=ORIENTED_EDGE('',*,*,#919,.T.);
#654=ORIENTED_EDGE('',*,*,#922,.T.);
#655=ORIENTED_EDGE('',*,*,#937,.F.);
#656=ORIENTED_EDGE('',*,*,#938,.T.);
#657=ORIENTED_EDGE('',*,*,#939,.T.);
#658=ORIENTED_EDGE('',*,*,#940,.T.);
#659=ORIENTED_EDGE('',*,*,#929,.T.);
#660=ORIENTED_EDGE('',*,*,#920,.T.);
#661=ORIENTED_EDGE('',*,*,#940,.F.);
#662=ORIENTED_EDGE('',*,*,#941,.T.);
#663=ORIENTED_EDGE('',*,*,#942,.T.);
#664=ORIENTED_EDGE('',*,*,#943,.T.);
#665=ORIENTED_EDGE('',*,*,#927,.T.);
#666=ORIENTED_EDGE('',*,*,#930,.T.);
#667=ORIENTED_EDGE('',*,*,#943,.F.);
#668=ORIENTED_EDGE('',*,*,#944,.T.);
#669=ORIENTED_EDGE('',*,*,#945,.T.);
#670=ORIENTED_EDGE('',*,*,#946,.T.);
#671=ORIENTED_EDGE('',*,*,#925,.T.);
#672=ORIENTED_EDGE('',*,*,#928,.T.);
#673=ORIENTED_EDGE('',*,*,#946,.F.);
#674=ORIENTED_EDGE('',*,*,#947,.T.);
#675=ORIENTED_EDGE('',*,*,#948,.T.);
#676=ORIENTED_EDGE('',*,*,#931,.T.);
#677=ORIENTED_EDGE('',*,*,#924,.T.);
#678=ORIENTED_EDGE('',*,*,#926,.T.);
#679=ORIENTED_EDGE('',*,*,#936,.F.);
#680=ORIENTED_EDGE('',*,*,#949,.F.);
#681=ORIENTED_EDGE('',*,*,#938,.F.);
#682=ORIENTED_EDGE('',*,*,#933,.F.);
#683=ORIENTED_EDGE('',*,*,#950,.T.);
#684=ORIENTED_EDGE('',*,*,#935,.F.);
#685=ORIENTED_EDGE('',*,*,#951,.T.);
#686=ORIENTED_EDGE('',*,*,#932,.F.);
#687=ORIENTED_EDGE('',*,*,#948,.F.);
#688=ORIENTED_EDGE('',*,*,#952,.T.);
#689=ORIENTED_EDGE('',*,*,#947,.F.);
#690=ORIENTED_EDGE('',*,*,#945,.F.);
#691=ORIENTED_EDGE('',*,*,#953,.T.);
#692=ORIENTED_EDGE('',*,*,#944,.F.);
#693=ORIENTED_EDGE('',*,*,#942,.F.);
#694=ORIENTED_EDGE('',*,*,#939,.F.);
#695=ORIENTED_EDGE('',*,*,#954,.T.);
#696=ORIENTED_EDGE('',*,*,#941,.F.);
#697=ORIENTED_EDGE('',*,*,#955,.F.);
#698=ORIENTED_EDGE('',*,*,#956,.F.);
#699=ORIENTED_EDGE('',*,*,#955,.T.);
#700=ORIENTED_EDGE('',*,*,#957,.T.);
#701=ORIENTED_EDGE('',*,*,#956,.T.);
#702=ORIENTED_EDGE('',*,*,#957,.F.);
#703=ORIENTED_EDGE('',*,*,#954,.F.);
#704=ORIENTED_EDGE('',*,*,#949,.T.);
#705=ORIENTED_EDGE('',*,*,#950,.F.);
#706=ORIENTED_EDGE('',*,*,#951,.F.);
#707=ORIENTED_EDGE('',*,*,#952,.F.);
#708=ORIENTED_EDGE('',*,*,#953,.F.);
#709=EDGE_CURVE('',#958,#959,#1145,.T.);
#710=EDGE_CURVE('',#959,#960,#1146,.T.);
#711=EDGE_CURVE('',#961,#960,#1147,.T.);
#712=EDGE_CURVE('',#961,#958,#1148,.T.);
#713=EDGE_CURVE('',#962,#962,#124,.T.);
#714=EDGE_CURVE('',#963,#963,#125,.T.);
#715=EDGE_CURVE('',#964,#964,#126,.T.);
#716=EDGE_CURVE('',#965,#966,#1149,.T.);
#717=EDGE_CURVE('',#967,#965,#1150,.T.);
#718=EDGE_CURVE('',#967,#968,#1151,.T.);
#719=EDGE_CURVE('',#966,#968,#1152,.T.);
#720=EDGE_CURVE('',#969,#969,#127,.T.);
#721=EDGE_CURVE('',#970,#970,#128,.T.);
#722=EDGE_CURVE('',#971,#971,#129,.T.);
#723=EDGE_CURVE('',#972,#973,#1153,.T.);
#724=EDGE_CURVE('',#974,#972,#1154,.T.);
#725=EDGE_CURVE('',#974,#975,#1155,.T.);
#726=EDGE_CURVE('',#975,#973,#1156,.T.);
#727=EDGE_CURVE('',#976,#976,#130,.F.);
#728=EDGE_CURVE('',#977,#978,#1157,.T.);
#729=EDGE_CURVE('',#979,#977,#1158,.T.);
#730=EDGE_CURVE('',#979,#980,#1159,.T.);
#731=EDGE_CURVE('',#980,#978,#1160,.T.);
#732=EDGE_CURVE('',#981,#981,#131,.F.);
#733=EDGE_CURVE('',#982,#983,#1161,.T.);
#734=EDGE_CURVE('',#982,#984,#1162,.T.);
#735=EDGE_CURVE('',#985,#984,#1163,.T.);
#736=EDGE_CURVE('',#983,#985,#1164,.T.);
#737=EDGE_CURVE('',#986,#986,#132,.F.);
#738=EDGE_CURVE('',#987,#988,#1165,.T.);
#739=EDGE_CURVE('',#987,#989,#1166,.T.);
#740=EDGE_CURVE('',#990,#989,#1167,.T.);
#741=EDGE_CURVE('',#988,#990,#1168,.T.);
#742=EDGE_CURVE('',#991,#991,#133,.F.);
#743=EDGE_CURVE('',#992,#978,#1169,.T.);
#744=EDGE_CURVE('',#980,#961,#1170,.T.);
#745=EDGE_CURVE('',#960,#993,#1171,.T.);
#746=EDGE_CURVE('',#993,#994,#1172,.T.);
#747=EDGE_CURVE('',#994,#965,#1173,.T.);
#748=EDGE_CURVE('',#995,#966,#1174,.T.);
#749=EDGE_CURVE('',#996,#995,#1175,.T.);
#750=EDGE_CURVE('',#997,#996,#1176,.T.);
#751=EDGE_CURVE('',#998,#997,#1177,.T.);
#752=EDGE_CURVE('',#998,#989,#1178,.T.);
#753=EDGE_CURVE('',#999,#987,#1179,.T.);
#754=EDGE_CURVE('',#992,#999,#1180,.T.);
#755=EDGE_CURVE('',#1000,#1000,#134,.T.);
#756=EDGE_CURVE('',#1001,#1001,#135,.T.);
#757=EDGE_CURVE('',#1002,#972,#1181,.T.);
#758=EDGE_CURVE('',#1003,#1002,#1182,.T.);
#759=EDGE_CURVE('',#1003,#983,#1183,.T.);
#760=EDGE_CURVE('',#1004,#985,#1184,.T.);
#761=EDGE_CURVE('',#1005,#1004,#1185,.T.);
#762=EDGE_CURVE('',#1005,#1006,#1186,.T.);
#763=EDGE_CURVE('',#1006,#1007,#1187,.T.);
#764=EDGE_CURVE('',#968,#1007,#1188,.T.);
#765=EDGE_CURVE('',#1008,#967,#1189,.T.);
#766=EDGE_CURVE('',#1009,#1008,#1190,.T.);
#767=EDGE_CURVE('',#959,#1009,#1191,.T.);
#768=EDGE_CURVE('',#958,#974,#1192,.T.);
#769=EDGE_CURVE('',#996,#1010,#1193,.T.);
#770=EDGE_CURVE('',#1011,#995,#1194,.T.);
#771=EDGE_CURVE('',#1010,#1011,#1195,.T.);
#772=EDGE_CURVE('',#1012,#1006,#1196,.T.);
#773=EDGE_CURVE('',#1012,#1013,#1197,.T.);
#774=EDGE_CURVE('',#1007,#1013,#1198,.T.);
#775=EDGE_CURVE('',#973,#1014,#1199,.T.);
#776=EDGE_CURVE('',#975,#979,#1200,.T.);
#777=EDGE_CURVE('',#1015,#977,#1201,.T.);
#778=EDGE_CURVE('',#1016,#1015,#136,.T.);
#779=EDGE_CURVE('',#988,#1016,#1202,.T.);
#780=EDGE_CURVE('',#1017,#990,#1203,.T.);
#781=EDGE_CURVE('',#1018,#1017,#137,.T.);
#782=EDGE_CURVE('',#1010,#1018,#1204,.T.);
#783=EDGE_CURVE('',#1013,#1011,#1205,.T.);
#784=EDGE_CURVE('',#1019,#1012,#1206,.T.);
#785=EDGE_CURVE('',#1020,#1019,#138,.T.);
#786=EDGE_CURVE('',#984,#1020,#1207,.T.);
#787=EDGE_CURVE('',#1021,#982,#1208,.T.);
#788=EDGE_CURVE('',#1014,#1021,#139,.T.);
#789=EDGE_CURVE('',#1022,#1022,#140,.T.);
#790=EDGE_CURVE('',#1023,#1023,#141,.T.);
#791=EDGE_CURVE('',#1009,#993,#1209,.T.);
#792=EDGE_CURVE('',#1008,#994,#1210,.T.);
#793=EDGE_CURVE('',#1024,#998,#1211,.T.);
#794=EDGE_CURVE('',#997,#1025,#1212,.T.);
#795=EDGE_CURVE('',#1025,#1024,#142,.T.);
#796=EDGE_CURVE('',#1024,#1017,#1213,.T.);
#797=EDGE_CURVE('',#1025,#1018,#1214,.T.);
#798=EDGE_CURVE('',#1004,#1026,#1215,.T.);
#799=EDGE_CURVE('',#1026,#1027,#143,.T.);
#800=EDGE_CURVE('',#1027,#1005,#1216,.T.);
#801=EDGE_CURVE('',#1026,#1020,#1217,.T.);
#802=EDGE_CURVE('',#1027,#1019,#1218,.T.);
#803=EDGE_CURVE('',#1028,#992,#1219,.T.);
#804=EDGE_CURVE('',#999,#1029,#1220,.T.);
#805=EDGE_CURVE('',#1029,#1028,#144,.T.);
#806=EDGE_CURVE('',#1028,#1015,#1221,.T.);
#807=EDGE_CURVE('',#1029,#1016,#1222,.T.);
#808=EDGE_CURVE('',#1002,#1030,#1223,.T.);
#809=EDGE_CURVE('',#1030,#1031,#145,.T.);
#810=EDGE_CURVE('',#1031,#1003,#1224,.T.);
#811=EDGE_CURVE('',#1030,#1014,#1225,.T.);
#812=EDGE_CURVE('',#1031,#1021,#1226,.T.);
#813=EDGE_CURVE('',#1032,#1032,#146,.T.);
#814=EDGE_CURVE('',#1033,#1033,#147,.T.);
#815=EDGE_CURVE('',#1034,#1034,#148,.T.);
#816=EDGE_CURVE('',#1035,#1035,#149,.T.);
#817=EDGE_CURVE('',#1036,#1036,#150,.T.);
#818=EDGE_CURVE('',#1037,#1037,#151,.T.);
#819=EDGE_CURVE('',#1038,#1038,#152,.T.);
#820=EDGE_CURVE('',#1039,#1039,#153,.T.);
#821=EDGE_CURVE('',#1040,#1040,#154,.T.);
#822=EDGE_CURVE('',#1041,#1041,#155,.T.);
#823=EDGE_CURVE('',#1042,#1042,#156,.T.);
#824=EDGE_CURVE('',#1043,#1043,#157,.T.);
#825=EDGE_CURVE('',#1044,#1044,#158,.T.);
#826=EDGE_CURVE('',#1045,#1045,#159,.T.);
#827=EDGE_CURVE('',#1046,#1046,#160,.T.);
#828=EDGE_CURVE('',#1047,#1047,#161,.T.);
#829=EDGE_CURVE('',#1048,#1048,#162,.T.);
#830=EDGE_CURVE('',#1049,#1049,#163,.T.);
#831=EDGE_CURVE('',#1050,#1050,#164,.T.);
#832=EDGE_CURVE('',#1051,#1051,#165,.T.);
#833=EDGE_CURVE('',#1053,#1053,#166,.T.);
#834=EDGE_CURVE('',#1055,#1055,#167,.T.);
#835=EDGE_CURVE('',#1056,#1056,#168,.T.);
#836=EDGE_CURVE('',#1057,#1057,#169,.T.);
#837=EDGE_CURVE('',#1058,#1058,#170,.T.);
#838=EDGE_CURVE('',#1059,#1059,#171,.T.);
#839=EDGE_CURVE('',#1060,#1060,#172,.T.);
#840=EDGE_CURVE('',#1061,#1061,#173,.T.);
#841=EDGE_CURVE('',#1062,#1062,#174,.T.);
#842=EDGE_CURVE('',#1063,#1063,#175,.T.);
#843=EDGE_CURVE('',#1064,#1064,#176,.T.);
#844=EDGE_CURVE('',#1065,#1066,#1227,.T.);
#845=EDGE_CURVE('',#1067,#1065,#1228,.T.);
#846=EDGE_CURVE('',#1068,#1067,#1229,.T.);
#847=EDGE_CURVE('',#1069,#1068,#1230,.T.);
#848=EDGE_CURVE('',#1070,#1069,#1231,.T.);
#849=EDGE_CURVE('',#1066,#1070,#1232,.T.);
#850=EDGE_CURVE('',#1071,#1071,#177,.T.);
#851=EDGE_CURVE('',#1072,#1072,#178,.T.);
#852=EDGE_CURVE('',#1073,#1074,#1233,.T.);
#853=EDGE_CURVE('',#1075,#1073,#1234,.T.);
#854=EDGE_CURVE('',#1076,#1075,#1235,.T.);
#855=EDGE_CURVE('',#1077,#1076,#1236,.T.);
#856=EDGE_CURVE('',#1078,#1077,#1237,.T.);
#857=EDGE_CURVE('',#1074,#1078,#1238,.T.);
#858=EDGE_CURVE('',#1079,#1065,#1239,.T.);
#859=EDGE_CURVE('',#1080,#1079,#1240,.T.);
#860=EDGE_CURVE('',#1080,#1067,#1241,.T.);
#861=EDGE_CURVE('',#1081,#1066,#1242,.T.);
#862=EDGE_CURVE('',#1079,#1081,#1243,.T.);
#863=EDGE_CURVE('',#1082,#1070,#1244,.T.);
#864=EDGE_CURVE('',#1081,#1082,#1245,.T.);
#865=EDGE_CURVE('',#1083,#1069,#1246,.T.);
#866=EDGE_CURVE('',#1082,#1083,#1247,.T.);
#867=EDGE_CURVE('',#1084,#1068,#1248,.T.);
#868=EDGE_CURVE('',#1083,#1084,#1249,.T.);
#869=EDGE_CURVE('',#1084,#1080,#1250,.T.);
#870=EDGE_CURVE('',#1085,#1073,#1251,.T.);
#871=EDGE_CURVE('',#1086,#1085,#1252,.T.);
#872=EDGE_CURVE('',#1086,#1075,#1253,.T.);
#873=EDGE_CURVE('',#1087,#1074,#1254,.T.);
#874=EDGE_CURVE('',#1085,#1087,#1255,.T.);
#875=EDGE_CURVE('',#1088,#1078,#1256,.T.);
#876=EDGE_CURVE('',#1087,#1088,#1257,.T.);
#877=EDGE_CURVE('',#1089,#1077,#1258,.T.);
#878=EDGE_CURVE('',#1088,#1089,#1259,.T.);
#879=EDGE_CURVE('',#1090,#1076,#1260,.T.);
#880=EDGE_CURVE('',#1089,#1090,#1261,.T.);
#881=EDGE_CURVE('',#1090,#1086,#1262,.T.);
#882=EDGE_CURVE('',#1091,#1091,#179,.T.);
#883=EDGE_CURVE('',#1092,#1092,#180,.F.);
#884=EDGE_CURVE('',#1093,#1093,#181,.T.);
#885=EDGE_CURVE('',#1094,#1094,#182,.T.);
#886=EDGE_CURVE('',#1095,#1095,#183,.T.);
#887=EDGE_CURVE('',#1096,#1096,#184,.T.);
#888=EDGE_CURVE('',#1098,#1098,#185,.T.);
#889=EDGE_CURVE('',#1100,#1100,#186,.T.);
#890=EDGE_CURVE('',#1101,#1102,#187,.T.);
#891=EDGE_CURVE('',#1101,#1103,#188,.F.);
#892=EDGE_CURVE('',#1103,#1104,#189,.F.);
#893=EDGE_CURVE('',#1104,#1105,#190,.F.);
#894=EDGE_CURVE('',#1105,#1106,#191,.F.);
#895=EDGE_CURVE('',#1106,#1102,#192,.F.);
#896=EDGE_CURVE('',#1107,#1107,#193,.T.);
#897=EDGE_CURVE('',#1108,#1108,#194,.T.);
#898=EDGE_CURVE('',#1109,#1110,#1263,.T.);
#899=EDGE_CURVE('',#1111,#1109,#195,.T.);
#900=EDGE_CURVE('',#1111,#1112,#1264,.T.);
#901=EDGE_CURVE('',#1110,#1112,#196,.T.);
#902=EDGE_CURVE('',#1113,#1109,#20,.T.);
#903=EDGE_CURVE('',#1114,#1113,#197,.T.);
#904=EDGE_CURVE('',#1111,#1114,#21,.T.);
#905=EDGE_CURVE('',#1110,#1115,#22,.T.);
#906=EDGE_CURVE('',#1116,#1112,#23,.T.);
#907=EDGE_CURVE('',#1115,#1116,#198,.T.);
#908=EDGE_CURVE('',#1117,#1117,#199,.T.);
#909=EDGE_CURVE('',#1118,#1119,#18,.T.);
#910=EDGE_CURVE('',#1115,#1118,#1265,.T.);
#911=EDGE_CURVE('',#1120,#1116,#1266,.F.);
#912=EDGE_CURVE('',#1121,#1120,#19,.T.);
#913=EDGE_CURVE('',#1114,#1121,#1267,.T.);
#914=EDGE_CURVE('',#1119,#1113,#1268,.F.);
#915=EDGE_CURVE('',#1122,#1122,#200,.T.);
#916=EDGE_CURVE('',#1123,#1123,#201,.T.);
#917=EDGE_CURVE('',#1121,#1120,#1269,.T.);
#918=EDGE_CURVE('',#1119,#1118,#1270,.T.);
#919=EDGE_CURVE('',#1124,#1102,#24,.T.);
#920=EDGE_CURVE('',#1101,#1124,#25,.T.);
#921=EDGE_CURVE('',#1125,#1106,#26,.T.);
#922=EDGE_CURVE('',#1102,#1125,#27,.T.);
#923=EDGE_CURVE('',#1106,#1126,#28,.T.);
#924=EDGE_CURVE('',#1126,#1105,#29,.T.);
#925=EDGE_CURVE('',#1127,#1104,#30,.T.);
#926=EDGE_CURVE('',#1105,#1127,#31,.T.);
#927=EDGE_CURVE('',#1128,#1103,#32,.T.);
#928=EDGE_CURVE('',#1104,#1128,#33,.T.);
#929=EDGE_CURVE('',#1129,#1101,#34,.T.);
#930=EDGE_CURVE('',#1103,#1129,#35,.T.);
#931=EDGE_CURVE('',#1130,#1126,#1271,.T.);
#932=EDGE_CURVE('',#1130,#1131,#36,.T.);
#933=EDGE_CURVE('',#1131,#1132,#37,.T.);
#934=EDGE_CURVE('',#1132,#1125,#1272,.T.);
#935=EDGE_CURVE('',#1132,#1133,#38,.T.);
#936=EDGE_CURVE('',#1133,#1134,#39,.T.);
#937=EDGE_CURVE('',#1134,#1124,#1273,.T.);
#938=EDGE_CURVE('',#1134,#1135,#40,.T.);
#939=EDGE_CURVE('',#1135,#1136,#41,.T.);
#940=EDGE_CURVE('',#1136,#1129,#1274,.T.);
#941=EDGE_CURVE('',#1136,#1137,#42,.T.);
#942=EDGE_CURVE('',#1137,#1138,#43,.T.);
#943=EDGE_CURVE('',#1138,#1128,#1275,.T.);
#944=EDGE_CURVE('',#1138,#1139,#44,.T.);
#945=EDGE_CURVE('',#1139,#1140,#45,.T.);
#946=EDGE_CURVE('',#1140,#1127,#1276,.T.);
#947=EDGE_CURVE('',#1140,#1141,#46,.T.);
#948=EDGE_CURVE('',#1141,#1130,#47,.T.);
#949=EDGE_CURVE('',#1135,#1133,#202,.T.);
#950=EDGE_CURVE('',#1131,#1133,#203,.F.);
#951=EDGE_CURVE('',#1141,#1131,#204,.F.);
#952=EDGE_CURVE('',#1139,#1141,#205,.F.);
#953=EDGE_CURVE('',#1137,#1139,#206,.F.);
#954=EDGE_CURVE('',#1135,#1137,#207,.F.);
#955=EDGE_CURVE('',#1142,#1142,#208,.T.);
#956=EDGE_CURVE('',#1143,#1143,#209,.T.);
#957=EDGE_CURVE('',#1144,#1144,#210,.T.);
#958=VERTEX_POINT('',#3520);
#959=VERTEX_POINT('',#3521);
#960=VERTEX_POINT('',#3523);
#961=VERTEX_POINT('',#3525);
#962=VERTEX_POINT('',#3528);
#963=VERTEX_POINT('',#3530);
#964=VERTEX_POINT('',#3532);
#965=VERTEX_POINT('',#3535);
#966=VERTEX_POINT('',#3536);
#967=VERTEX_POINT('',#3538);
#968=VERTEX_POINT('',#3540);
#969=VERTEX_POINT('',#3543);
#970=VERTEX_POINT('',#3545);
#971=VERTEX_POINT('',#3547);
#972=VERTEX_POINT('',#3550);
#973=VERTEX_POINT('',#3551);
#974=VERTEX_POINT('',#3553);
#975=VERTEX_POINT('',#3555);
#976=VERTEX_POINT('',#3559);
#977=VERTEX_POINT('',#3562);
#978=VERTEX_POINT('',#3563);
#979=VERTEX_POINT('',#3565);
#980=VERTEX_POINT('',#3567);
#981=VERTEX_POINT('',#3571);
#982=VERTEX_POINT('',#3574);
#983=VERTEX_POINT('',#3575);
#984=VERTEX_POINT('',#3577);
#985=VERTEX_POINT('',#3579);
#986=VERTEX_POINT('',#3583);
#987=VERTEX_POINT('',#3586);
#988=VERTEX_POINT('',#3587);
#989=VERTEX_POINT('',#3589);
#990=VERTEX_POINT('',#3591);
#991=VERTEX_POINT('',#3595);
#992=VERTEX_POINT('',#3598);
#993=VERTEX_POINT('',#3601);
#994=VERTEX_POINT('',#3603);
#995=VERTEX_POINT('',#3606);
#996=VERTEX_POINT('',#3608);
#997=VERTEX_POINT('',#3610);
#998=VERTEX_POINT('',#3612);
#999=VERTEX_POINT('',#3615);
#1000=VERTEX_POINT('',#3619);
#1001=VERTEX_POINT('',#3621);
#1002=VERTEX_POINT('',#3623);
#1003=VERTEX_POINT('',#3625);
#1004=VERTEX_POINT('',#3628);
#1005=VERTEX_POINT('',#3630);
#1006=VERTEX_POINT('',#3632);
#1007=VERTEX_POINT('',#3634);
#1008=VERTEX_POINT('',#3637);
#1009=VERTEX_POINT('',#3639);
#1010=VERTEX_POINT('',#3644);
#1011=VERTEX_POINT('',#3646);
#1012=VERTEX_POINT('',#3650);
#1013=VERTEX_POINT('',#3652);
#1014=VERTEX_POINT('',#3656);
#1015=VERTEX_POINT('',#3659);
#1016=VERTEX_POINT('',#3661);
#1017=VERTEX_POINT('',#3664);
#1018=VERTEX_POINT('',#3666);
#1019=VERTEX_POINT('',#3670);
#1020=VERTEX_POINT('',#3672);
#1021=VERTEX_POINT('',#3675);
#1022=VERTEX_POINT('',#3679);
#1023=VERTEX_POINT('',#3682);
#1024=VERTEX_POINT('',#3690);
#1025=VERTEX_POINT('',#3692);
#1026=VERTEX_POINT('',#3701);
#1027=VERTEX_POINT('',#3703);
#1028=VERTEX_POINT('',#3712);
#1029=VERTEX_POINT('',#3714);
#1030=VERTEX_POINT('',#3723);
#1031=VERTEX_POINT('',#3725);
#1032=VERTEX_POINT('',#3734);
#1033=VERTEX_POINT('',#3736);
#1034=VERTEX_POINT('',#3740);
#1035=VERTEX_POINT('',#3743);
#1036=VERTEX_POINT('',#3746);
#1037=VERTEX_POINT('',#3750);
#1038=VERTEX_POINT('',#3752);
#1039=VERTEX_POINT('',#3756);
#1040=VERTEX_POINT('',#3759);
#1041=VERTEX_POINT('',#3762);
#1042=VERTEX_POINT('',#3766);
#1043=VERTEX_POINT('',#3769);
#1044=VERTEX_POINT('',#3772);
#1045=VERTEX_POINT('',#3775);
#1046=VERTEX_POINT('',#3777);
#1047=VERTEX_POINT('',#3779);
#1048=VERTEX_POINT('',#3782);
#1049=VERTEX_POINT('',#3785);
#1050=VERTEX_POINT('',#3788);
#1051=VERTEX_POINT('',#3792);
#1052=VERTEX_POINT('',#3794);
#1053=VERTEX_POINT('',#3797);
#1054=VERTEX_POINT('',#3799);
#1055=VERTEX_POINT('',#3802);
#1056=VERTEX_POINT('',#3804);
#1057=VERTEX_POINT('',#3807);
#1058=VERTEX_POINT('',#3810);
#1059=VERTEX_POINT('',#3814);
#1060=VERTEX_POINT('',#3816);
#1061=VERTEX_POINT('',#3819);
#1062=VERTEX_POINT('',#3822);
#1063=VERTEX_POINT('',#3826);
#1064=VERTEX_POINT('',#3829);
#1065=VERTEX_POINT('',#3832);
#1066=VERTEX_POINT('',#3833);
#1067=VERTEX_POINT('',#3835);
#1068=VERTEX_POINT('',#3837);
#1069=VERTEX_POINT('',#3839);
#1070=VERTEX_POINT('',#3841);
#1071=VERTEX_POINT('',#3845);
#1072=VERTEX_POINT('',#3848);
#1073=VERTEX_POINT('',#3851);
#1074=VERTEX_POINT('',#3852);
#1075=VERTEX_POINT('',#3854);
#1076=VERTEX_POINT('',#3856);
#1077=VERTEX_POINT('',#3858);
#1078=VERTEX_POINT('',#3860);
#1079=VERTEX_POINT('',#3864);
#1080=VERTEX_POINT('',#3866);
#1081=VERTEX_POINT('',#3870);
#1082=VERTEX_POINT('',#3874);
#1083=VERTEX_POINT('',#3878);
#1084=VERTEX_POINT('',#3882);
#1085=VERTEX_POINT('',#3889);
#1086=VERTEX_POINT('',#3891);
#1087=VERTEX_POINT('',#3895);
#1088=VERTEX_POINT('',#3899);
#1089=VERTEX_POINT('',#3903);
#1090=VERTEX_POINT('',#3907);
#1091=VERTEX_POINT('',#3914);
#1092=VERTEX_POINT('',#3917);
#1093=VERTEX_POINT('',#3920);
#1094=VERTEX_POINT('',#3923);
#1095=VERTEX_POINT('',#3925);
#1096=VERTEX_POINT('',#3928);
#1097=VERTEX_POINT('',#3929);
#1098=VERTEX_POINT('',#3933);
#1099=VERTEX_POINT('',#3934);
#1100=VERTEX_POINT('',#3939);
#1101=VERTEX_POINT('',#3941);
#1102=VERTEX_POINT('',#3942);
#1103=VERTEX_POINT('',#3944);
#1104=VERTEX_POINT('',#3946);
#1105=VERTEX_POINT('',#3948);
#1106=VERTEX_POINT('',#3950);
#1107=VERTEX_POINT('',#3954);
#1108=VERTEX_POINT('',#3957);
#1109=VERTEX_POINT('',#3959);
#1110=VERTEX_POINT('',#3960);
#1111=VERTEX_POINT('',#3962);
#1112=VERTEX_POINT('',#3964);
#1113=VERTEX_POINT('',#3971);
#1114=VERTEX_POINT('',#3973);
#1115=VERTEX_POINT('',#3983);
#1116=VERTEX_POINT('',#3988);
#1117=VERTEX_POINT('',#3992);
#1118=VERTEX_POINT('',#3994);
#1119=VERTEX_POINT('',#3995);
#1120=VERTEX_POINT('',#3998);
#1121=VERTEX_POINT('',#4000);
#1122=VERTEX_POINT('',#4005);
#1123=VERTEX_POINT('',#4008);
#1124=VERTEX_POINT('',#4022);
#1125=VERTEX_POINT('',#4032);
#1126=VERTEX_POINT('',#4042);
#1127=VERTEX_POINT('',#4052);
#1128=VERTEX_POINT('',#4062);
#1129=VERTEX_POINT('',#4072);
#1130=VERTEX_POINT('',#4079);
#1131=VERTEX_POINT('',#4084);
#1132=VERTEX_POINT('',#4089);
#1133=VERTEX_POINT('',#4096);
#1134=VERTEX_POINT('',#4101);
#1135=VERTEX_POINT('',#4108);
#1136=VERTEX_POINT('',#4113);
#1137=VERTEX_POINT('',#4120);
#1138=VERTEX_POINT('',#4125);
#1139=VERTEX_POINT('',#4132);
#1140=VERTEX_POINT('',#4137);
#1141=VERTEX_POINT('',#4144);
#1142=VERTEX_POINT('',#4163);
#1143=VERTEX_POINT('',#4166);
#1144=VERTEX_POINT('',#4169);
#1145=LINE('',#3519,#1277);
#1146=LINE('',#3522,#1278);
#1147=LINE('',#3524,#1279);
#1148=LINE('',#3526,#1280);
#1149=LINE('',#3534,#1281);
#1150=LINE('',#3537,#1282);
#1151=LINE('',#3539,#1283);
#1152=LINE('',#3541,#1284);
#1153=LINE('',#3549,#1285);
#1154=LINE('',#3552,#1286);
#1155=LINE('',#3554,#1287);
#1156=LINE('',#3556,#1288);
#1157=LINE('',#3561,#1289);
#1158=LINE('',#3564,#1290);
#1159=LINE('',#3566,#1291);
#1160=LINE('',#3568,#1292);
#1161=LINE('',#3573,#1293);
#1162=LINE('',#3576,#1294);
#1163=LINE('',#3578,#1295);
#1164=LINE('',#3580,#1296);
#1165=LINE('',#3585,#1297);
#1166=LINE('',#3588,#1298);
#1167=LINE('',#3590,#1299);
#1168=LINE('',#3592,#1300);
#1169=LINE('',#3597,#1301);
#1170=LINE('',#3599,#1302);
#1171=LINE('',#3600,#1303);
#1172=LINE('',#3602,#1304);
#1173=LINE('',#3604,#1305);
#1174=LINE('',#3605,#1306);
#1175=LINE('',#3607,#1307);
#1176=LINE('',#3609,#1308);
#1177=LINE('',#3611,#1309);
#1178=LINE('',#3613,#1310);
#1179=LINE('',#3614,#1311);
#1180=LINE('',#3616,#1312);
#1181=LINE('',#3622,#1313);
#1182=LINE('',#3624,#1314);
#1183=LINE('',#3626,#1315);
#1184=LINE('',#3627,#1316);
#1185=LINE('',#3629,#1317);
#1186=LINE('',#3631,#1318);
#1187=LINE('',#3633,#1319);
#1188=LINE('',#3635,#1320);
#1189=LINE('',#3636,#1321);
#1190=LINE('',#3638,#1322);
#1191=LINE('',#3640,#1323);
#1192=LINE('',#3641,#1324);
#1193=LINE('',#3643,#1325);
#1194=LINE('',#3645,#1326);
#1195=LINE('',#3647,#1327);
#1196=LINE('',#3649,#1328);
#1197=LINE('',#3651,#1329);
#1198=LINE('',#3653,#1330);
#1199=LINE('',#3655,#1331);
#1200=LINE('',#3657,#1332);
#1201=LINE('',#3658,#1333);
#1202=LINE('',#3662,#1334);
#1203=LINE('',#3663,#1335);
#1204=LINE('',#3667,#1336);
#1205=LINE('',#3668,#1337);
#1206=LINE('',#3669,#1338);
#1207=LINE('',#3673,#1339);
#1208=LINE('',#3674,#1340);
#1209=LINE('',#3684,#1341);
#1210=LINE('',#3685,#1342);
#1211=LINE('',#3689,#1343);
#1212=LINE('',#3691,#1344);
#1213=LINE('',#3695,#1345);
#1214=LINE('',#3697,#1346);
#1215=LINE('',#3700,#1347);
#1216=LINE('',#3704,#1348);
#1217=LINE('',#3706,#1349);
#1218=LINE('',#3708,#1350);
#1219=LINE('',#3711,#1351);
#1220=LINE('',#3713,#1352);
#1221=LINE('',#3717,#1353);
#1222=LINE('',#3719,#1354);
#1223=LINE('',#3722,#1355);
#1224=LINE('',#3726,#1356);
#1225=LINE('',#3728,#1357);
#1226=LINE('',#3730,#1358);
#1227=LINE('',#3831,#1359);
#1228=LINE('',#3834,#1360);
#1229=LINE('',#3836,#1361);
#1230=LINE('',#3838,#1362);
#1231=LINE('',#3840,#1363);
#1232=LINE('',#3842,#1364);
#1233=LINE('',#3850,#1365);
#1234=LINE('',#3853,#1366);
#1235=LINE('',#3855,#1367);
#1236=LINE('',#3857,#1368);
#1237=LINE('',#3859,#1369);
#1238=LINE('',#3861,#1370);
#1239=LINE('',#3863,#1371);
#1240=LINE('',#3865,#1372);
#1241=LINE('',#3867,#1373);
#1242=LINE('',#3869,#1374);
#1243=LINE('',#3871,#1375);
#1244=LINE('',#3873,#1376);
#1245=LINE('',#3875,#1377);
#1246=LINE('',#3877,#1378);
#1247=LINE('',#3879,#1379);
#1248=LINE('',#3881,#1380);
#1249=LINE('',#3883,#1381);
#1250=LINE('',#3885,#1382);
#1251=LINE('',#3888,#1383);
#1252=LINE('',#3890,#1384);
#1253=LINE('',#3892,#1385);
#1254=LINE('',#3894,#1386);
#1255=LINE('',#3896,#1387);
#1256=LINE('',#3898,#1388);
#1257=LINE('',#3900,#1389);
#1258=LINE('',#3902,#1390);
#1259=LINE('',#3904,#1391);
#1260=LINE('',#3906,#1392);
#1261=LINE('',#3908,#1393);
#1262=LINE('',#3910,#1394);
#1263=LINE('',#3958,#1395);
#1264=LINE('',#3963,#1396);
#1265=LINE('',#3996,#1397);
#1266=LINE('',#3997,#1398);
#1267=LINE('',#4001,#1399);
#1268=LINE('',#4002,#1400);
#1269=LINE('',#4011,#1401);
#1270=LINE('',#4014,#1402);
#1271=LINE('',#4078,#1403);
#1272=LINE('',#4090,#1404);
#1273=LINE('',#4102,#1405);
#1274=LINE('',#4114,#1406);
#1275=LINE('',#4126,#1407);
#1276=LINE('',#4138,#1408);
#1277=VECTOR('',#2941,1000.);
#1278=VECTOR('',#2942,1000.);
#1279=VECTOR('',#2943,1000.);
#1280=VECTOR('',#2944,1000.);
#1281=VECTOR('',#2953,1000.);
#1282=VECTOR('',#2954,1000.);
#1283=VECTOR('',#2955,1000.);
#1284=VECTOR('',#2956,1000.);
#1285=VECTOR('',#2965,1000.);
#1286=VECTOR('',#2966,1000.);
#1287=VECTOR('',#2967,1000.);
#1288=VECTOR('',#2968,1000.);
#1289=VECTOR('',#2975,1000.);
#1290=VECTOR('',#2976,1000.);
#1291=VECTOR('',#2977,1000.);
#1292=VECTOR('',#2978,1000.);
#1293=VECTOR('',#2985,1000.);
#1294=VECTOR('',#2986,1000.);
#1295=VECTOR('',#2987,1000.);
#1296=VECTOR('',#2988,1000.);
#1297=VECTOR('',#2995,1000.);
#1298=VECTOR('',#2996,1000.);
#1299=VECTOR('',#2997,1000.);
#1300=VECTOR('',#2998,1000.);
#1301=VECTOR('',#3005,1000.);
#1302=VECTOR('',#3006,1000.);
#1303=VECTOR('',#3007,1000.);
#1304=VECTOR('',#3008,1000.);
#1305=VECTOR('',#3009,1000.);
#1306=VECTOR('',#3010,1000.);
#1307=VECTOR('',#3011,1000.);
#1308=VECTOR('',#3012,1000.);
#1309=VECTOR('',#3013,1000.);
#1310=VECTOR('',#3014,1000.);
#1311=VECTOR('',#3015,1000.);
#1312=VECTOR('',#3016,1000.);
#1313=VECTOR('',#3023,1000.);
#1314=VECTOR('',#3024,1000.);
#1315=VECTOR('',#3025,1000.);
#1316=VECTOR('',#3026,1000.);
#1317=VECTOR('',#3027,1000.);
#1318=VECTOR('',#3028,1000.);
#1319=VECTOR('',#3029,1000.);
#1320=VECTOR('',#3030,1000.);
#1321=VECTOR('',#3031,1000.);
#1322=VECTOR('',#3032,1000.);
#1323=VECTOR('',#3033,1000.);
#1324=VECTOR('',#3034,1000.);
#1325=VECTOR('',#3037,1000.);
#1326=VECTOR('',#3038,1000.);
#1327=VECTOR('',#3039,1000.);
#1328=VECTOR('',#3042,1000.);
#1329=VECTOR('',#3043,1000.);
#1330=VECTOR('',#3044,1000.);
#1331=VECTOR('',#3047,1000.);
#1332=VECTOR('',#3048,1000.);
#1333=VECTOR('',#3049,1000.);
#1334=VECTOR('',#3052,1000.);
#1335=VECTOR('',#3053,1000.);
#1336=VECTOR('',#3056,1000.);
#1337=VECTOR('',#3057,1000.);
#1338=VECTOR('',#3058,1000.);
#1339=VECTOR('',#3061,1000.);
#1340=VECTOR('',#3062,1000.);
#1341=VECTOR('',#3075,1000.);
#1342=VECTOR('',#3076,1000.);
#1343=VECTOR('',#3083,1000.);
#1344=VECTOR('',#3084,1000.);
#1345=VECTOR('',#3089,1000.);
#1346=VECTOR('',#3092,1000.);
#1347=VECTOR('',#3097,1000.);
#1348=VECTOR('',#3100,1000.);
#1349=VECTOR('',#3103,1000.);
#1350=VECTOR('',#3106,1000.);
#1351=VECTOR('',#3111,1000.);
#1352=VECTOR('',#3112,1000.);
#1353=VECTOR('',#3117,1000.);
#1354=VECTOR('',#3120,1000.);
#1355=VECTOR('',#3125,1000.);
#1356=VECTOR('',#3128,1000.);
#1357=VECTOR('',#3131,1000.);
#1358=VECTOR('',#3134,1000.);
#1359=VECTOR('',#3269,1000.);
#1360=VECTOR('',#3270,1000.);
#1361=VECTOR('',#3271,1000.);
#1362=VECTOR('',#3272,1000.);
#1363=VECTOR('',#3273,1000.);
#1364=VECTOR('',#3274,1000.);
#1365=VECTOR('',#3285,1000.);
#1366=VECTOR('',#3286,1000.);
#1367=VECTOR('',#3287,1000.);
#1368=VECTOR('',#3288,1000.);
#1369=VECTOR('',#3289,1000.);
#1370=VECTOR('',#3290,1000.);
#1371=VECTOR('',#3293,1000.);
#1372=VECTOR('',#3294,1000.);
#1373=VECTOR('',#3295,1000.);
#1374=VECTOR('',#3298,1000.);
#1375=VECTOR('',#3299,1000.);
#1376=VECTOR('',#3302,1000.);
#1377=VECTOR('',#3303,1000.);
#1378=VECTOR('',#3306,1000.);
#1379=VECTOR('',#3307,1000.);
#1380=VECTOR('',#3310,1000.);
#1381=VECTOR('',#3311,1000.);
#1382=VECTOR('',#3314,1000.);
#1383=VECTOR('',#3319,1000.);
#1384=VECTOR('',#3320,1000.);
#1385=VECTOR('',#3321,1000.);
#1386=VECTOR('',#3324,1000.);
#1387=VECTOR('',#3325,1000.);
#1388=VECTOR('',#3328,1000.);
#1389=VECTOR('',#3329,1000.);
#1390=VECTOR('',#3332,1000.);
#1391=VECTOR('',#3333,1000.);
#1392=VECTOR('',#3336,1000.);
#1393=VECTOR('',#3337,1000.);
#1394=VECTOR('',#3340,1000.);
#1395=VECTOR('',#3399,1000.);
#1396=VECTOR('',#3402,1000.);
#1397=VECTOR('',#3419,1000.);
#1398=VECTOR('',#3420,1000.);
#1399=VECTOR('',#3423,1000.);
#1400=VECTOR('',#3424,1000.);
#1401=VECTOR('',#3437,1000.);
#1402=VECTOR('',#3442,1000.);
#1403=VECTOR('',#3461,1000.);
#1404=VECTOR('',#3462,1000.);
#1405=VECTOR('',#3465,1000.);
#1406=VECTOR('',#3468,1000.);
#1407=VECTOR('',#3471,1000.);
#1408=VECTOR('',#3474,1000.);
#1409=EDGE_LOOP('',(#211,#212,#213,#214));
#1410=EDGE_LOOP('',(#215));
#1411=EDGE_LOOP('',(#216));
#1412=EDGE_LOOP('',(#217));
#1413=EDGE_LOOP('',(#218,#219,#220,#221));
#1414=EDGE_LOOP('',(#222));
#1415=EDGE_LOOP('',(#223));
#1416=EDGE_LOOP('',(#224));
#1417=EDGE_LOOP('',(#225,#226,#227,#228));
#1418=EDGE_LOOP('',(#229));
#1419=EDGE_LOOP('',(#230));
#1420=EDGE_LOOP('',(#231,#232,#233,#234));
#1421=EDGE_LOOP('',(#235));
#1422=EDGE_LOOP('',(#236));
#1423=EDGE_LOOP('',(#237,#238,#239,#240));
#1424=EDGE_LOOP('',(#241));
#1425=EDGE_LOOP('',(#242));
#1426=EDGE_LOOP('',(#243,#244,#245,#246));
#1427=EDGE_LOOP('',(#247));
#1428=EDGE_LOOP('',(#248));
#1429=EDGE_LOOP('',(#249,#250,#251,#252,#253,#254,#255,#256,#257,#258,#259,
#260,#261,#262,#263,#264));
#1430=EDGE_LOOP('',(#265));
#1431=EDGE_LOOP('',(#266));
#1432=EDGE_LOOP('',(#267,#268,#269,#270,#271,#272,#273,#274,#275,#276,#277,
#278,#279,#280,#281,#282));
#1433=EDGE_LOOP('',(#283,#284,#285,#286));
#1434=EDGE_LOOP('',(#287,#288,#289,#290));
#1435=EDGE_LOOP('',(#291,#292,#293,#294,#295,#296,#297,#298,#299,#300,#301,
#302,#303,#304,#305,#306,#307,#308,#309,#310));
#1436=EDGE_LOOP('',(#311));
#1437=EDGE_LOOP('',(#312,#313,#314,#315,#316,#317));
#1438=EDGE_LOOP('',(#318));
#1439=EDGE_LOOP('',(#319,#320,#321,#322,#323,#324));
#1440=EDGE_LOOP('',(#325,#326,#327,#328));
#1441=EDGE_LOOP('',(#329,#330,#331,#332));
#1442=EDGE_LOOP('',(#333,#334,#335,#336));
#1443=EDGE_LOOP('',(#337,#338,#339,#340));
#1444=EDGE_LOOP('',(#341));
#1445=EDGE_LOOP('',(#342,#343,#344,#345,#346));
#1446=EDGE_LOOP('',(#347,#348,#349,#350,#351));
#1447=EDGE_LOOP('',(#352,#353,#354,#355));
#1448=EDGE_LOOP('',(#356,#357,#358,#359));
#1449=EDGE_LOOP('',(#360));
#1450=EDGE_LOOP('',(#361,#362,#363,#364,#365));
#1451=EDGE_LOOP('',(#366,#367,#368,#369));
#1452=EDGE_LOOP('',(#370,#371,#372,#373,#374));
#1453=EDGE_LOOP('',(#375,#376,#377,#378));
#1454=EDGE_LOOP('',(#379));
#1455=EDGE_LOOP('',(#380,#381,#382,#383,#384));
#1456=EDGE_LOOP('',(#385,#386,#387,#388,#389));
#1457=EDGE_LOOP('',(#390,#391,#392,#393));
#1458=EDGE_LOOP('',(#394,#395,#396,#397));
#1459=EDGE_LOOP('',(#398));
#1460=EDGE_LOOP('',(#399,#400,#401,#402,#403));
#1461=EDGE_LOOP('',(#404,#405,#406,#407));
#1462=EDGE_LOOP('',(#408,#409,#410,#411,#412));
#1463=EDGE_LOOP('',(#413));
#1464=EDGE_LOOP('',(#414));
#1465=EDGE_LOOP('',(#415));
#1466=EDGE_LOOP('',(#416));
#1467=EDGE_LOOP('',(#417));
#1468=EDGE_LOOP('',(#418));
#1469=EDGE_LOOP('',(#419));
#1470=EDGE_LOOP('',(#420));
#1471=EDGE_LOOP('',(#421));
#1472=EDGE_LOOP('',(#422));
#1473=EDGE_LOOP('',(#423));
#1474=EDGE_LOOP('',(#424));
#1475=EDGE_LOOP('',(#425));
#1476=EDGE_LOOP('',(#426));
#1477=EDGE_LOOP('',(#427));
#1478=EDGE_LOOP('',(#428));
#1479=EDGE_LOOP('',(#429));
#1480=EDGE_LOOP('',(#430));
#1481=EDGE_LOOP('',(#431));
#1482=EDGE_LOOP('',(#432));
#1483=EDGE_LOOP('',(#433));
#1484=EDGE_LOOP('',(#434));
#1485=EDGE_LOOP('',(#435));
#1486=EDGE_LOOP('',(#436));
#1487=EDGE_LOOP('',(#437));
#1488=EDGE_LOOP('',(#438));
#1489=EDGE_LOOP('',(#439));
#1490=EDGE_LOOP('',(#440));
#1491=EDGE_LOOP('',(#441));
#1492=EDGE_LOOP('',(#442));
#1493=EDGE_LOOP('',(#443));
#1494=EDGE_LOOP('',(#444));
#1495=EDGE_LOOP('',(#445));
#1496=EDGE_LOOP('',(#446));
#1497=EDGE_LOOP('',(#447));
#1498=EDGE_LOOP('',(#448));
#1499=EDGE_LOOP('',(#449));
#1500=EDGE_LOOP('',(#450));
#1501=EDGE_LOOP('',(#451));
#1502=EDGE_LOOP('',(#452));
#1503=EDGE_LOOP('',(#453));
#1504=EDGE_LOOP('',(#454));
#1505=EDGE_LOOP('',(#455));
#1506=EDGE_LOOP('',(#456));
#1507=EDGE_LOOP('',(#457));
#1508=EDGE_LOOP('',(#458));
#1509=EDGE_LOOP('',(#459));
#1510=EDGE_LOOP('',(#460));
#1511=EDGE_LOOP('',(#461));
#1512=EDGE_LOOP('',(#462));
#1513=EDGE_LOOP('',(#463));
#1514=EDGE_LOOP('',(#464));
#1515=EDGE_LOOP('',(#465));
#1516=EDGE_LOOP('',(#466));
#1517=EDGE_LOOP('',(#467));
#1518=EDGE_LOOP('',(#468));
#1519=EDGE_LOOP('',(#469));
#1520=EDGE_LOOP('',(#470));
#1521=EDGE_LOOP('',(#471));
#1522=EDGE_LOOP('',(#472));
#1523=EDGE_LOOP('',(#473));
#1524=EDGE_LOOP('',(#474));
#1525=EDGE_LOOP('',(#475));
#1526=EDGE_LOOP('',(#476));
#1527=EDGE_LOOP('',(#477));
#1528=EDGE_LOOP('',(#478,#479,#480,#481,#482,#483));
#1529=EDGE_LOOP('',(#484));
#1530=EDGE_LOOP('',(#485));
#1531=EDGE_LOOP('',(#486));
#1532=EDGE_LOOP('',(#487));
#1533=EDGE_LOOP('',(#488));
#1534=EDGE_LOOP('',(#489,#490,#491,#492,#493,#494));
#1535=EDGE_LOOP('',(#495));
#1536=EDGE_LOOP('',(#496,#497,#498,#499));
#1537=EDGE_LOOP('',(#500,#501,#502,#503));
#1538=EDGE_LOOP('',(#504,#505,#506,#507));
#1539=EDGE_LOOP('',(#508,#509,#510,#511));
#1540=EDGE_LOOP('',(#512,#513,#514,#515));
#1541=EDGE_LOOP('',(#516,#517,#518,#519));
#1542=EDGE_LOOP('',(#520,#521,#522,#523,#524,#525));
#1543=EDGE_LOOP('',(#526,#527,#528,#529));
#1544=EDGE_LOOP('',(#530,#531,#532,#533));
#1545=EDGE_LOOP('',(#534,#535,#536,#537));
#1546=EDGE_LOOP('',(#538,#539,#540,#541));
#1547=EDGE_LOOP('',(#542,#543,#544,#545));
#1548=EDGE_LOOP('',(#546,#547,#548,#549));
#1549=EDGE_LOOP('',(#550,#551,#552,#553,#554,#555));
#1550=EDGE_LOOP('',(#556));
#1551=EDGE_LOOP('',(#557));
#1552=EDGE_LOOP('',(#558));
#1553=EDGE_LOOP('',(#559));
#1554=EDGE_LOOP('',(#560));
#1555=EDGE_LOOP('',(#561));
#1556=EDGE_LOOP('',(#562));
#1557=EDGE_LOOP('',(#563));
#1558=EDGE_LOOP('',(#564));
#1559=EDGE_LOOP('',(#565));
#1560=EDGE_LOOP('',(#566));
#1561=EDGE_LOOP('',(#567));
#1562=EDGE_LOOP('',(#568));
#1563=EDGE_LOOP('',(#569));
#1564=EDGE_LOOP('',(#570));
#1565=EDGE_LOOP('',(#571));
#1566=EDGE_LOOP('',(#572,#573,#574,#575,#576,#577));
#1567=EDGE_LOOP('',(#578));
#1568=EDGE_LOOP('',(#579));
#1569=EDGE_LOOP('',(#580));
#1570=EDGE_LOOP('',(#581,#582,#583,#584));
#1571=EDGE_LOOP('',(#585,#586,#587,#588));
#1572=EDGE_LOOP('',(#589,#590,#591,#592));
#1573=EDGE_LOOP('',(#593));
#1574=EDGE_LOOP('',(#594,#595,#596,#597,#598,#599,#600,#601));
#1575=EDGE_LOOP('',(#602));
#1576=EDGE_LOOP('',(#603));
#1577=EDGE_LOOP('',(#604));
#1578=EDGE_LOOP('',(#605));
#1579=EDGE_LOOP('',(#606));
#1580=EDGE_LOOP('',(#607,#608,#609,#610,#611,#612));
#1581=EDGE_LOOP('',(#613,#614));
#1582=EDGE_LOOP('',(#615,#616));
#1583=EDGE_LOOP('',(#617,#618,#619,#620,#621,#622));
#1584=EDGE_LOOP('',(#623));
#1585=EDGE_LOOP('',(#624));
#1586=EDGE_LOOP('',(#625,#626,#627));
#1587=EDGE_LOOP('',(#628,#629,#630));
#1588=EDGE_LOOP('',(#631,#632,#633));
#1589=EDGE_LOOP('',(#634,#635,#636));
#1590=EDGE_LOOP('',(#637,#638,#639));
#1591=EDGE_LOOP('',(#640,#641,#642));
#1592=EDGE_LOOP('',(#643,#644,#645,#646,#647,#648));
#1593=EDGE_LOOP('',(#649,#650,#651,#652,#653,#654));
#1594=EDGE_LOOP('',(#655,#656,#657,#658,#659,#660));
#1595=EDGE_LOOP('',(#661,#662,#663,#664,#665,#666));
#1596=EDGE_LOOP('',(#667,#668,#669,#670,#671,#672));
#1597=EDGE_LOOP('',(#673,#674,#675,#676,#677,#678));
#1598=EDGE_LOOP('',(#679,#680,#681));
#1599=EDGE_LOOP('',(#682,#683,#684));
#1600=EDGE_LOOP('',(#685,#686,#687));
#1601=EDGE_LOOP('',(#688,#689,#690));
#1602=EDGE_LOOP('',(#691,#692,#693));
#1603=EDGE_LOOP('',(#694,#695,#696));
#1604=EDGE_LOOP('',(#697));
#1605=EDGE_LOOP('',(#698));
#1606=EDGE_LOOP('',(#699));
#1607=EDGE_LOOP('',(#700));
#1608=EDGE_LOOP('',(#701));
#1609=EDGE_LOOP('',(#702));
#1610=EDGE_LOOP('',(#703,#704,#705,#706,#707,#708));
#1611=FACE_BOUND('',#1409,.T.);
#1612=FACE_BOUND('',#1410,.T.);
#1613=FACE_BOUND('',#1411,.T.);
#1614=FACE_BOUND('',#1412,.T.);
#1615=FACE_BOUND('',#1413,.T.);
#1616=FACE_BOUND('',#1414,.T.);
#1617=FACE_BOUND('',#1415,.T.);
#1618=FACE_BOUND('',#1416,.T.);
#1619=FACE_BOUND('',#1417,.T.);
#1620=FACE_BOUND('',#1418,.T.);
#1621=FACE_BOUND('',#1419,.T.);
#1622=FACE_BOUND('',#1420,.T.);
#1623=FACE_BOUND('',#1421,.T.);
#1624=FACE_BOUND('',#1422,.T.);
#1625=FACE_BOUND('',#1423,.T.);
#1626=FACE_BOUND('',#1424,.T.);
#1627=FACE_BOUND('',#1425,.T.);
#1628=FACE_BOUND('',#1426,.T.);
#1629=FACE_BOUND('',#1427,.T.);
#1630=FACE_BOUND('',#1428,.T.);
#1631=FACE_BOUND('',#1429,.T.);
#1632=FACE_BOUND('',#1430,.T.);
#1633=FACE_BOUND('',#1431,.T.);
#1634=FACE_BOUND('',#1432,.T.);
#1635=FACE_BOUND('',#1433,.T.);
#1636=FACE_BOUND('',#1434,.T.);
#1637=FACE_BOUND('',#1435,.T.);
#1638=FACE_BOUND('',#1436,.T.);
#1639=FACE_BOUND('',#1437,.T.);
#1640=FACE_BOUND('',#1438,.T.);
#1641=FACE_BOUND('',#1439,.T.);
#1642=FACE_BOUND('',#1440,.T.);
#1643=FACE_BOUND('',#1441,.T.);
#1644=FACE_BOUND('',#1442,.T.);
#1645=FACE_BOUND('',#1443,.T.);
#1646=FACE_BOUND('',#1444,.T.);
#1647=FACE_BOUND('',#1445,.T.);
#1648=FACE_BOUND('',#1446,.T.);
#1649=FACE_BOUND('',#1447,.T.);
#1650=FACE_BOUND('',#1448,.T.);
#1651=FACE_BOUND('',#1449,.T.);
#1652=FACE_BOUND('',#1450,.T.);
#1653=FACE_BOUND('',#1451,.T.);
#1654=FACE_BOUND('',#1452,.T.);
#1655=FACE_BOUND('',#1453,.T.);
#1656=FACE_BOUND('',#1454,.T.);
#1657=FACE_BOUND('',#1455,.T.);
#1658=FACE_BOUND('',#1456,.T.);
#1659=FACE_BOUND('',#1457,.T.);
#1660=FACE_BOUND('',#1458,.T.);
#1661=FACE_BOUND('',#1459,.T.);
#1662=FACE_BOUND('',#1460,.T.);
#1663=FACE_BOUND('',#1461,.T.);
#1664=FACE_BOUND('',#1462,.T.);
#1665=FACE_BOUND('',#1463,.T.);
#1666=FACE_BOUND('',#1464,.T.);
#1667=FACE_BOUND('',#1465,.T.);
#1668=FACE_BOUND('',#1466,.T.);
#1669=FACE_BOUND('',#1467,.T.);
#1670=FACE_BOUND('',#1468,.T.);
#1671=FACE_BOUND('',#1469,.T.);
#1672=FACE_BOUND('',#1470,.T.);
#1673=FACE_BOUND('',#1471,.T.);
#1674=FACE_BOUND('',#1472,.T.);
#1675=FACE_BOUND('',#1473,.T.);
#1676=FACE_BOUND('',#1474,.T.);
#1677=FACE_BOUND('',#1475,.T.);
#1678=FACE_BOUND('',#1476,.T.);
#1679=FACE_BOUND('',#1477,.T.);
#1680=FACE_BOUND('',#1478,.T.);
#1681=FACE_BOUND('',#1479,.T.);
#1682=FACE_BOUND('',#1480,.T.);
#1683=FACE_BOUND('',#1481,.T.);
#1684=FACE_BOUND('',#1482,.T.);
#1685=FACE_BOUND('',#1483,.T.);
#1686=FACE_BOUND('',#1484,.T.);
#1687=FACE_BOUND('',#1485,.T.);
#1688=FACE_BOUND('',#1486,.T.);
#1689=FACE_BOUND('',#1487,.T.);
#1690=FACE_BOUND('',#1488,.T.);
#1691=FACE_BOUND('',#1489,.T.);
#1692=FACE_BOUND('',#1490,.T.);
#1693=FACE_BOUND('',#1491,.T.);
#1694=FACE_BOUND('',#1492,.T.);
#1695=FACE_BOUND('',#1493,.T.);
#1696=FACE_BOUND('',#1494,.T.);
#1697=FACE_BOUND('',#1495,.T.);
#1698=FACE_BOUND('',#1496,.T.);
#1699=FACE_BOUND('',#1497,.T.);
#1700=FACE_BOUND('',#1498,.T.);
#1701=FACE_BOUND('',#1499,.T.);
#1702=FACE_BOUND('',#1500,.T.);
#1703=FACE_BOUND('',#1501,.T.);
#1704=FACE_BOUND('',#1502,.T.);
#1705=FACE_BOUND('',#1503,.T.);
#1706=FACE_BOUND('',#60,.T.);
#1707=FACE_BOUND('',#1504,.T.);
#1708=FACE_BOUND('',#1505,.T.);
#1709=FACE_BOUND('',#1506,.T.);
#1710=FACE_BOUND('',#61,.T.);
#1711=FACE_BOUND('',#1507,.T.);
#1712=FACE_BOUND('',#1508,.T.);
#1713=FACE_BOUND('',#1509,.T.);
#1714=FACE_BOUND('',#1510,.T.);
#1715=FACE_BOUND('',#1511,.T.);
#1716=FACE_BOUND('',#1512,.T.);
#1717=FACE_BOUND('',#1513,.T.);
#1718=FACE_BOUND('',#1514,.T.);
#1719=FACE_BOUND('',#1515,.T.);
#1720=FACE_BOUND('',#1516,.T.);
#1721=FACE_BOUND('',#1517,.T.);
#1722=FACE_BOUND('',#1518,.T.);
#1723=FACE_BOUND('',#1519,.T.);
#1724=FACE_BOUND('',#1520,.T.);
#1725=FACE_BOUND('',#1521,.T.);
#1726=FACE_BOUND('',#1522,.T.);
#1727=FACE_BOUND('',#1523,.T.);
#1728=FACE_BOUND('',#1524,.T.);
#1729=FACE_BOUND('',#1525,.T.);
#1730=FACE_BOUND('',#1526,.T.);
#1731=FACE_BOUND('',#1527,.T.);
#1732=FACE_BOUND('',#1528,.T.);
#1733=FACE_BOUND('',#1529,.T.);
#1734=FACE_BOUND('',#1530,.T.);
#1735=FACE_BOUND('',#1531,.T.);
#1736=FACE_BOUND('',#1532,.T.);
#1737=FACE_BOUND('',#1533,.T.);
#1738=FACE_BOUND('',#1534,.T.);
#1739=FACE_BOUND('',#1535,.T.);
#1740=FACE_BOUND('',#1536,.T.);
#1741=FACE_BOUND('',#1537,.T.);
#1742=FACE_BOUND('',#1538,.T.);
#1743=FACE_BOUND('',#1539,.T.);
#1744=FACE_BOUND('',#1540,.T.);
#1745=FACE_BOUND('',#1541,.T.);
#1746=FACE_BOUND('',#1542,.T.);
#1747=FACE_BOUND('',#1543,.T.);
#1748=FACE_BOUND('',#1544,.T.);
#1749=FACE_BOUND('',#1545,.T.);
#1750=FACE_BOUND('',#1546,.T.);
#1751=FACE_BOUND('',#1547,.T.);
#1752=FACE_BOUND('',#1548,.T.);
#1753=FACE_BOUND('',#1549,.T.);
#1754=FACE_BOUND('',#1550,.T.);
#1755=FACE_BOUND('',#1551,.T.);
#1756=FACE_BOUND('',#1552,.T.);
#1757=FACE_BOUND('',#1553,.T.);
#1758=FACE_BOUND('',#1554,.T.);
#1759=FACE_BOUND('',#1555,.T.);
#1760=FACE_BOUND('',#1556,.T.);
#1761=FACE_BOUND('',#1557,.T.);
#1762=FACE_BOUND('',#1558,.T.);
#1763=FACE_BOUND('',#1559,.T.);
#1764=FACE_BOUND('',#62,.T.);
#1765=FACE_BOUND('',#1560,.T.);
#1766=FACE_BOUND('',#1561,.T.);
#1767=FACE_BOUND('',#1562,.T.);
#1768=FACE_BOUND('',#63,.T.);
#1769=FACE_BOUND('',#1563,.T.);
#1770=FACE_BOUND('',#1564,.T.);
#1771=FACE_BOUND('',#1565,.T.);
#1772=FACE_BOUND('',#1566,.T.);
#1773=FACE_BOUND('',#1567,.T.);
#1774=FACE_BOUND('',#1568,.T.);
#1775=FACE_BOUND('',#1569,.T.);
#1776=FACE_BOUND('',#1570,.T.);
#1777=FACE_BOUND('',#1571,.T.);
#1778=FACE_BOUND('',#1572,.T.);
#1779=FACE_BOUND('',#1573,.T.);
#1780=FACE_BOUND('',#1574,.T.);
#1781=FACE_BOUND('',#1575,.T.);
#1782=FACE_BOUND('',#1576,.T.);
#1783=FACE_BOUND('',#1577,.T.);
#1784=FACE_BOUND('',#1578,.T.);
#1785=FACE_BOUND('',#1579,.T.);
#1786=FACE_BOUND('',#1580,.T.);
#1787=FACE_BOUND('',#1581,.T.);
#1788=FACE_BOUND('',#1582,.T.);
#1789=FACE_BOUND('',#1583,.T.);
#1790=FACE_BOUND('',#1584,.T.);
#1791=FACE_BOUND('',#1585,.T.);
#1792=FACE_BOUND('',#1586,.T.);
#1793=FACE_BOUND('',#1587,.T.);
#1794=FACE_BOUND('',#1588,.T.);
#1795=FACE_BOUND('',#1589,.T.);
#1796=FACE_BOUND('',#1590,.T.);
#1797=FACE_BOUND('',#1591,.T.);
#1798=FACE_BOUND('',#1592,.T.);
#1799=FACE_BOUND('',#1593,.T.);
#1800=FACE_BOUND('',#1594,.T.);
#1801=FACE_BOUND('',#1595,.T.);
#1802=FACE_BOUND('',#1596,.T.);
#1803=FACE_BOUND('',#1597,.T.);
#1804=FACE_BOUND('',#1598,.T.);
#1805=FACE_BOUND('',#1599,.T.);
#1806=FACE_BOUND('',#1600,.T.);
#1807=FACE_BOUND('',#1601,.T.);
#1808=FACE_BOUND('',#1602,.T.);
#1809=FACE_BOUND('',#1603,.T.);
#1810=FACE_BOUND('',#1604,.T.);
#1811=FACE_BOUND('',#1605,.T.);
#1812=FACE_BOUND('',#1606,.T.);
#1813=FACE_BOUND('',#1607,.T.);
#1814=FACE_BOUND('',#1608,.T.);
#1815=FACE_BOUND('',#1609,.T.);
#1816=FACE_BOUND('',#1610,.T.);
#1817=PLANE('',#2714);
#1818=PLANE('',#2718);
#1819=PLANE('',#2722);
#1820=PLANE('',#2725);
#1821=PLANE('',#2728);
#1822=PLANE('',#2731);
#1823=PLANE('',#2734);
#1824=PLANE('',#2735);
#1825=PLANE('',#2738);
#1826=PLANE('',#2739);
#1827=PLANE('',#2740);
#1828=PLANE('',#2745);
#1829=PLANE('',#2747);
#1830=PLANE('',#2749);
#1831=PLANE('',#2750);
#1832=PLANE('',#2751);
#1833=PLANE('',#2752);
#1834=PLANE('',#2754);
#1835=PLANE('',#2755);
#1836=PLANE('',#2757);
#1837=PLANE('',#2759);
#1838=PLANE('',#2761);
#1839=PLANE('',#2762);
#1840=PLANE('',#2764);
#1841=PLANE('',#2765);
#1842=PLANE('',#2767);
#1843=PLANE('',#2769);
#1844=PLANE('',#2771);
#1845=PLANE('',#2772);
#1846=PLANE('',#2778);
#1847=PLANE('',#2782);
#1848=PLANE('',#2783);
#1849=PLANE('',#2789);
#1850=PLANE('',#2793);
#1851=PLANE('',#2796);
#1852=PLANE('',#2800);
#1853=PLANE('',#2804);
#1854=PLANE('',#2808);
#1855=PLANE('',#2817);
#1856=PLANE('',#2825);
#1857=PLANE('',#2837);
#1858=PLANE('',#2842);
#1859=PLANE('',#2843);
#1860=PLANE('',#2844);
#1861=PLANE('',#2845);
#1862=PLANE('',#2846);
#1863=PLANE('',#2847);
#1864=PLANE('',#2848);
#1865=PLANE('',#2849);
#1866=PLANE('',#2850);
#1867=PLANE('',#2851);
#1868=PLANE('',#2852);
#1869=PLANE('',#2853);
#1870=PLANE('',#2854);
#1871=PLANE('',#2855);
#1872=PLANE('',#2856);
#1873=PLANE('',#2859);
#1874=PLANE('',#2863);
#1875=PLANE('',#2873);
#1876=PLANE('',#2883);
#1877=PLANE('',#2895);
#1878=PLANE('',#2899);
#1879=PLANE('',#2900);
#1880=PLANE('',#2901);
#1881=PLANE('',#2902);
#1882=PLANE('',#2903);
#1883=PLANE('',#2911);
#1884=PLANE('',#2912);
#1885=PLANE('',#2913);
#1886=PLANE('',#2914);
#1887=PLANE('',#2915);
#1888=PLANE('',#2916);
#1889=PLANE('',#2929);
#1890=PLANE('',#2935);
#1891=STYLED_ITEM('',(#1988),#2571);
#1892=STYLED_ITEM('',(#1989),#2572);
#1893=STYLED_ITEM('',(#1990),#2573);
#1894=STYLED_ITEM('',(#1991),#2574);
#1895=STYLED_ITEM('',(#1992),#2575);
#1896=STYLED_ITEM('',(#1993),#2576);
#1897=STYLED_ITEM('',(#1994),#2577);
#1898=STYLED_ITEM('',(#1995),#2578);
#1899=STYLED_ITEM('',(#1996),#2579);
#1900=STYLED_ITEM('',(#1997),#2580);
#1901=STYLED_ITEM('',(#1998),#2581);
#1902=STYLED_ITEM('',(#1999),#2582);
#1903=STYLED_ITEM('',(#2000),#2583);
#1904=STYLED_ITEM('',(#2001),#2584);
#1905=STYLED_ITEM('',(#2002),#2585);
#1906=STYLED_ITEM('',(#2003),#2586);
#1907=STYLED_ITEM('',(#2004),#2587);
#1908=STYLED_ITEM('',(#2005),#2588);
#1909=STYLED_ITEM('',(#2006),#2589);
#1910=STYLED_ITEM('',(#2007),#2590);
#1911=STYLED_ITEM('',(#2008),#2591);
#1912=STYLED_ITEM('',(#2009),#2592);
#1913=STYLED_ITEM('',(#2010),#2593);
#1914=STYLED_ITEM('',(#2011),#2594);
#1915=STYLED_ITEM('',(#2012),#2595);
#1916=STYLED_ITEM('',(#2013),#2596);
#1917=STYLED_ITEM('',(#2014),#2597);
#1918=STYLED_ITEM('',(#2015),#2598);
#1919=STYLED_ITEM('',(#2016),#2599);
#1920=STYLED_ITEM('',(#2017),#2600);
#1921=STYLED_ITEM('',(#2018),#2601);
#1922=STYLED_ITEM('',(#2019),#2602);
#1923=STYLED_ITEM('',(#2020),#2603);
#1924=STYLED_ITEM('',(#2021),#2604);
#1925=STYLED_ITEM('',(#2022),#2605);
#1926=STYLED_ITEM('',(#2023),#2606);
#1927=STYLED_ITEM('',(#2024),#2607);
#1928=STYLED_ITEM('',(#2025),#2608);
#1929=STYLED_ITEM('',(#2026),#2609);
#1930=STYLED_ITEM('',(#2027),#2610);
#1931=STYLED_ITEM('',(#2028),#2611);
#1932=STYLED_ITEM('',(#2029),#2612);
#1933=STYLED_ITEM('',(#2030),#2613);
#1934=STYLED_ITEM('',(#2031),#2614);
#1935=STYLED_ITEM('',(#2032),#2615);
#1936=STYLED_ITEM('',(#2033),#2616);
#1937=STYLED_ITEM('',(#2034),#2617);
#1938=STYLED_ITEM('',(#2035),#2618);
#1939=STYLED_ITEM('',(#2036),#2619);
#1940=STYLED_ITEM('',(#2037),#2620);
#1941=STYLED_ITEM('',(#2038),#2621);
#1942=STYLED_ITEM('',(#2039),#2622);
#1943=STYLED_ITEM('',(#2040),#2623);
#1944=STYLED_ITEM('',(#2041),#2624);
#1945=STYLED_ITEM('',(#2042),#2625);
#1946=STYLED_ITEM('',(#2043),#2626);
#1947=STYLED_ITEM('',(#2044),#2627);
#1948=STYLED_ITEM('',(#2045),#2628);
#1949=STYLED_ITEM('',(#2046),#2629);
#1950=STYLED_ITEM('',(#2047),#2630);
#1951=STYLED_ITEM('',(#2048),#2631);
#1952=STYLED_ITEM('',(#2049),#2632);
#1953=STYLED_ITEM('',(#2050),#2633);
#1954=STYLED_ITEM('',(#2051),#2634);
#1955=STYLED_ITEM('',(#2052),#2635);
#1956=STYLED_ITEM('',(#2053),#2636);
#1957=STYLED_ITEM('',(#2054),#2637);
#1958=STYLED_ITEM('',(#2055),#2638);
#1959=STYLED_ITEM('',(#2056),#2639);
#1960=STYLED_ITEM('',(#2057),#2640);
#1961=STYLED_ITEM('',(#2058),#2641);
#1962=STYLED_ITEM('',(#2059),#2642);
#1963=STYLED_ITEM('',(#2060),#2643);
#1964=STYLED_ITEM('',(#2061),#2644);
#1965=STYLED_ITEM('',(#2062),#2645);
#1966=STYLED_ITEM('',(#2063),#2646);
#1967=STYLED_ITEM('',(#2064),#2647);
#1968=STYLED_ITEM('',(#2065),#2648);
#1969=STYLED_ITEM('',(#2066),#2649);
#1970=STYLED_ITEM('',(#2067),#2650);
#1971=STYLED_ITEM('',(#2068),#2651);
#1972=STYLED_ITEM('',(#2069),#2652);
#1973=STYLED_ITEM('',(#2070),#2653);
#1974=STYLED_ITEM('',(#2071),#2654);
#1975=STYLED_ITEM('',(#2072),#2655);
#1976=STYLED_ITEM('',(#2073),#2656);
#1977=STYLED_ITEM('',(#2074),#2657);
#1978=STYLED_ITEM('',(#2075),#2658);
#1979=STYLED_ITEM('',(#2076),#2659);
#1980=STYLED_ITEM('',(#2077),#2660);
#1981=STYLED_ITEM('',(#2078),#2661);
#1982=STYLED_ITEM('',(#2079),#2662);
#1983=STYLED_ITEM('',(#2080),#2663);
#1984=STYLED_ITEM('',(#2081),#2664);
#1985=STYLED_ITEM('',(#2082),#2665);
#1986=STYLED_ITEM('',(#2083),#2666);
#1987=STYLED_ITEM('',(#2084),#2706);
#1988=PRESENTATION_STYLE_ASSIGNMENT((#2085));
#1989=PRESENTATION_STYLE_ASSIGNMENT((#2086));
#1990=PRESENTATION_STYLE_ASSIGNMENT((#2087));
#1991=PRESENTATION_STYLE_ASSIGNMENT((#2088));
#1992=PRESENTATION_STYLE_ASSIGNMENT((#2089));
#1993=PRESENTATION_STYLE_ASSIGNMENT((#2090));
#1994=PRESENTATION_STYLE_ASSIGNMENT((#2091));
#1995=PRESENTATION_STYLE_ASSIGNMENT((#2092));
#1996=PRESENTATION_STYLE_ASSIGNMENT((#2093));
#1997=PRESENTATION_STYLE_ASSIGNMENT((#2094));
#1998=PRESENTATION_STYLE_ASSIGNMENT((#2095));
#1999=PRESENTATION_STYLE_ASSIGNMENT((#2096));
#2000=PRESENTATION_STYLE_ASSIGNMENT((#2097));
#2001=PRESENTATION_STYLE_ASSIGNMENT((#2098));
#2002=PRESENTATION_STYLE_ASSIGNMENT((#2099));
#2003=PRESENTATION_STYLE_ASSIGNMENT((#2100));
#2004=PRESENTATION_STYLE_ASSIGNMENT((#2101));
#2005=PRESENTATION_STYLE_ASSIGNMENT((#2102));
#2006=PRESENTATION_STYLE_ASSIGNMENT((#2103));
#2007=PRESENTATION_STYLE_ASSIGNMENT((#2104));
#2008=PRESENTATION_STYLE_ASSIGNMENT((#2105));
#2009=PRESENTATION_STYLE_ASSIGNMENT((#2106));
#2010=PRESENTATION_STYLE_ASSIGNMENT((#2107));
#2011=PRESENTATION_STYLE_ASSIGNMENT((#2108));
#2012=PRESENTATION_STYLE_ASSIGNMENT((#2109));
#2013=PRESENTATION_STYLE_ASSIGNMENT((#2110));
#2014=PRESENTATION_STYLE_ASSIGNMENT((#2111));
#2015=PRESENTATION_STYLE_ASSIGNMENT((#2112));
#2016=PRESENTATION_STYLE_ASSIGNMENT((#2113));
#2017=PRESENTATION_STYLE_ASSIGNMENT((#2114));
#2018=PRESENTATION_STYLE_ASSIGNMENT((#2115));
#2019=PRESENTATION_STYLE_ASSIGNMENT((#2116));
#2020=PRESENTATION_STYLE_ASSIGNMENT((#2117));
#2021=PRESENTATION_STYLE_ASSIGNMENT((#2118));
#2022=PRESENTATION_STYLE_ASSIGNMENT((#2119));
#2023=PRESENTATION_STYLE_ASSIGNMENT((#2120));
#2024=PRESENTATION_STYLE_ASSIGNMENT((#2121));
#2025=PRESENTATION_STYLE_ASSIGNMENT((#2122));
#2026=PRESENTATION_STYLE_ASSIGNMENT((#2123));
#2027=PRESENTATION_STYLE_ASSIGNMENT((#2124));
#2028=PRESENTATION_STYLE_ASSIGNMENT((#2125));
#2029=PRESENTATION_STYLE_ASSIGNMENT((#2126));
#2030=PRESENTATION_STYLE_ASSIGNMENT((#2127));
#2031=PRESENTATION_STYLE_ASSIGNMENT((#2128));
#2032=PRESENTATION_STYLE_ASSIGNMENT((#2129));
#2033=PRESENTATION_STYLE_ASSIGNMENT((#2130));
#2034=PRESENTATION_STYLE_ASSIGNMENT((#2131));
#2035=PRESENTATION_STYLE_ASSIGNMENT((#2132));
#2036=PRESENTATION_STYLE_ASSIGNMENT((#2133));
#2037=PRESENTATION_STYLE_ASSIGNMENT((#2134));
#2038=PRESENTATION_STYLE_ASSIGNMENT((#2135));
#2039=PRESENTATION_STYLE_ASSIGNMENT((#2136));
#2040=PRESENTATION_STYLE_ASSIGNMENT((#2137));
#2041=PRESENTATION_STYLE_ASSIGNMENT((#2138));
#2042=PRESENTATION_STYLE_ASSIGNMENT((#2139));
#2043=PRESENTATION_STYLE_ASSIGNMENT((#2140));
#2044=PRESENTATION_STYLE_ASSIGNMENT((#2141));
#2045=PRESENTATION_STYLE_ASSIGNMENT((#2142));
#2046=PRESENTATION_STYLE_ASSIGNMENT((#2143));
#2047=PRESENTATION_STYLE_ASSIGNMENT((#2144));
#2048=PRESENTATION_STYLE_ASSIGNMENT((#2145));
#2049=PRESENTATION_STYLE_ASSIGNMENT((#2146));
#2050=PRESENTATION_STYLE_ASSIGNMENT((#2147));
#2051=PRESENTATION_STYLE_ASSIGNMENT((#2148));
#2052=PRESENTATION_STYLE_ASSIGNMENT((#2149));
#2053=PRESENTATION_STYLE_ASSIGNMENT((#2150));
#2054=PRESENTATION_STYLE_ASSIGNMENT((#2151));
#2055=PRESENTATION_STYLE_ASSIGNMENT((#2152));
#2056=PRESENTATION_STYLE_ASSIGNMENT((#2153));
#2057=PRESENTATION_STYLE_ASSIGNMENT((#2154));
#2058=PRESENTATION_STYLE_ASSIGNMENT((#2155));
#2059=PRESENTATION_STYLE_ASSIGNMENT((#2156));
#2060=PRESENTATION_STYLE_ASSIGNMENT((#2157));
#2061=PRESENTATION_STYLE_ASSIGNMENT((#2158));
#2062=PRESENTATION_STYLE_ASSIGNMENT((#2159));
#2063=PRESENTATION_STYLE_ASSIGNMENT((#2160));
#2064=PRESENTATION_STYLE_ASSIGNMENT((#2161));
#2065=PRESENTATION_STYLE_ASSIGNMENT((#2162));
#2066=PRESENTATION_STYLE_ASSIGNMENT((#2163));
#2067=PRESENTATION_STYLE_ASSIGNMENT((#2164));
#2068=PRESENTATION_STYLE_ASSIGNMENT((#2165));
#2069=PRESENTATION_STYLE_ASSIGNMENT((#2166));
#2070=PRESENTATION_STYLE_ASSIGNMENT((#2167));
#2071=PRESENTATION_STYLE_ASSIGNMENT((#2168));
#2072=PRESENTATION_STYLE_ASSIGNMENT((#2169));
#2073=PRESENTATION_STYLE_ASSIGNMENT((#2170));
#2074=PRESENTATION_STYLE_ASSIGNMENT((#2171));
#2075=PRESENTATION_STYLE_ASSIGNMENT((#2172));
#2076=PRESENTATION_STYLE_ASSIGNMENT((#2173));
#2077=PRESENTATION_STYLE_ASSIGNMENT((#2174));
#2078=PRESENTATION_STYLE_ASSIGNMENT((#2175));
#2079=PRESENTATION_STYLE_ASSIGNMENT((#2176));
#2080=PRESENTATION_STYLE_ASSIGNMENT((#2177));
#2081=PRESENTATION_STYLE_ASSIGNMENT((#2178));
#2082=PRESENTATION_STYLE_ASSIGNMENT((#2179));
#2083=PRESENTATION_STYLE_ASSIGNMENT((#2180));
#2084=PRESENTATION_STYLE_ASSIGNMENT((#2181));
#2085=SURFACE_STYLE_USAGE(.BOTH.,#2182);
#2086=SURFACE_STYLE_USAGE(.BOTH.,#2183);
#2087=SURFACE_STYLE_USAGE(.BOTH.,#2184);
#2088=SURFACE_STYLE_USAGE(.BOTH.,#2185);
#2089=SURFACE_STYLE_USAGE(.BOTH.,#2186);
#2090=SURFACE_STYLE_USAGE(.BOTH.,#2187);
#2091=SURFACE_STYLE_USAGE(.BOTH.,#2188);
#2092=SURFACE_STYLE_USAGE(.BOTH.,#2189);
#2093=SURFACE_STYLE_USAGE(.BOTH.,#2190);
#2094=SURFACE_STYLE_USAGE(.BOTH.,#2191);
#2095=SURFACE_STYLE_USAGE(.BOTH.,#2192);
#2096=SURFACE_STYLE_USAGE(.BOTH.,#2193);
#2097=SURFACE_STYLE_USAGE(.BOTH.,#2194);
#2098=SURFACE_STYLE_USAGE(.BOTH.,#2195);
#2099=SURFACE_STYLE_USAGE(.BOTH.,#2196);
#2100=SURFACE_STYLE_USAGE(.BOTH.,#2197);
#2101=SURFACE_STYLE_USAGE(.BOTH.,#2198);
#2102=SURFACE_STYLE_USAGE(.BOTH.,#2199);
#2103=SURFACE_STYLE_USAGE(.BOTH.,#2200);
#2104=SURFACE_STYLE_USAGE(.BOTH.,#2201);
#2105=SURFACE_STYLE_USAGE(.BOTH.,#2202);
#2106=SURFACE_STYLE_USAGE(.BOTH.,#2203);
#2107=SURFACE_STYLE_USAGE(.BOTH.,#2204);
#2108=SURFACE_STYLE_USAGE(.BOTH.,#2205);
#2109=SURFACE_STYLE_USAGE(.BOTH.,#2206);
#2110=SURFACE_STYLE_USAGE(.BOTH.,#2207);
#2111=SURFACE_STYLE_USAGE(.BOTH.,#2208);
#2112=SURFACE_STYLE_USAGE(.BOTH.,#2209);
#2113=SURFACE_STYLE_USAGE(.BOTH.,#2210);
#2114=SURFACE_STYLE_USAGE(.BOTH.,#2211);
#2115=SURFACE_STYLE_USAGE(.BOTH.,#2212);
#2116=SURFACE_STYLE_USAGE(.BOTH.,#2213);
#2117=SURFACE_STYLE_USAGE(.BOTH.,#2214);
#2118=SURFACE_STYLE_USAGE(.BOTH.,#2215);
#2119=SURFACE_STYLE_USAGE(.BOTH.,#2216);
#2120=SURFACE_STYLE_USAGE(.BOTH.,#2217);
#2121=SURFACE_STYLE_USAGE(.BOTH.,#2218);
#2122=SURFACE_STYLE_USAGE(.BOTH.,#2219);
#2123=SURFACE_STYLE_USAGE(.BOTH.,#2220);
#2124=SURFACE_STYLE_USAGE(.BOTH.,#2221);
#2125=SURFACE_STYLE_USAGE(.BOTH.,#2222);
#2126=SURFACE_STYLE_USAGE(.BOTH.,#2223);
#2127=SURFACE_STYLE_USAGE(.BOTH.,#2224);
#2128=SURFACE_STYLE_USAGE(.BOTH.,#2225);
#2129=SURFACE_STYLE_USAGE(.BOTH.,#2226);
#2130=SURFACE_STYLE_USAGE(.BOTH.,#2227);
#2131=SURFACE_STYLE_USAGE(.BOTH.,#2228);
#2132=SURFACE_STYLE_USAGE(.BOTH.,#2229);
#2133=SURFACE_STYLE_USAGE(.BOTH.,#2230);
#2134=SURFACE_STYLE_USAGE(.BOTH.,#2231);
#2135=SURFACE_STYLE_USAGE(.BOTH.,#2232);
#2136=SURFACE_STYLE_USAGE(.BOTH.,#2233);
#2137=SURFACE_STYLE_USAGE(.BOTH.,#2234);
#2138=SURFACE_STYLE_USAGE(.BOTH.,#2235);
#2139=SURFACE_STYLE_USAGE(.BOTH.,#2236);
#2140=SURFACE_STYLE_USAGE(.BOTH.,#2237);
#2141=SURFACE_STYLE_USAGE(.BOTH.,#2238);
#2142=SURFACE_STYLE_USAGE(.BOTH.,#2239);
#2143=SURFACE_STYLE_USAGE(.BOTH.,#2240);
#2144=SURFACE_STYLE_USAGE(.BOTH.,#2241);
#2145=SURFACE_STYLE_USAGE(.BOTH.,#2242);
#2146=SURFACE_STYLE_USAGE(.BOTH.,#2243);
#2147=SURFACE_STYLE_USAGE(.BOTH.,#2244);
#2148=SURFACE_STYLE_USAGE(.BOTH.,#2245);
#2149=SURFACE_STYLE_USAGE(.BOTH.,#2246);
#2150=SURFACE_STYLE_USAGE(.BOTH.,#2247);
#2151=SURFACE_STYLE_USAGE(.BOTH.,#2248);
#2152=SURFACE_STYLE_USAGE(.BOTH.,#2249);
#2153=SURFACE_STYLE_USAGE(.BOTH.,#2250);
#2154=SURFACE_STYLE_USAGE(.BOTH.,#2251);
#2155=SURFACE_STYLE_USAGE(.BOTH.,#2252);
#2156=SURFACE_STYLE_USAGE(.BOTH.,#2253);
#2157=SURFACE_STYLE_USAGE(.BOTH.,#2254);
#2158=SURFACE_STYLE_USAGE(.BOTH.,#2255);
#2159=SURFACE_STYLE_USAGE(.BOTH.,#2256);
#2160=SURFACE_STYLE_USAGE(.BOTH.,#2257);
#2161=SURFACE_STYLE_USAGE(.BOTH.,#2258);
#2162=SURFACE_STYLE_USAGE(.BOTH.,#2259);
#2163=SURFACE_STYLE_USAGE(.BOTH.,#2260);
#2164=SURFACE_STYLE_USAGE(.BOTH.,#2261);
#2165=SURFACE_STYLE_USAGE(.BOTH.,#2262);
#2166=SURFACE_STYLE_USAGE(.BOTH.,#2263);
#2167=SURFACE_STYLE_USAGE(.BOTH.,#2264);
#2168=SURFACE_STYLE_USAGE(.BOTH.,#2265);
#2169=SURFACE_STYLE_USAGE(.BOTH.,#2266);
#2170=SURFACE_STYLE_USAGE(.BOTH.,#2267);
#2171=SURFACE_STYLE_USAGE(.BOTH.,#2268);
#2172=SURFACE_STYLE_USAGE(.BOTH.,#2269);
#2173=SURFACE_STYLE_USAGE(.BOTH.,#2270);
#2174=SURFACE_STYLE_USAGE(.BOTH.,#2271);
#2175=SURFACE_STYLE_USAGE(.BOTH.,#2272);
#2176=SURFACE_STYLE_USAGE(.BOTH.,#2273);
#2177=SURFACE_STYLE_USAGE(.BOTH.,#2274);
#2178=SURFACE_STYLE_USAGE(.BOTH.,#2275);
#2179=SURFACE_STYLE_USAGE(.BOTH.,#2276);
#2180=SURFACE_STYLE_USAGE(.BOTH.,#2277);
#2181=SURFACE_STYLE_USAGE(.BOTH.,#2278);
#2182=SURFACE_SIDE_STYLE('',(#2279));
#2183=SURFACE_SIDE_STYLE('',(#2280));
#2184=SURFACE_SIDE_STYLE('',(#2281));
#2185=SURFACE_SIDE_STYLE('',(#2282));
#2186=SURFACE_SIDE_STYLE('',(#2283));
#2187=SURFACE_SIDE_STYLE('',(#2284));
#2188=SURFACE_SIDE_STYLE('',(#2285));
#2189=SURFACE_SIDE_STYLE('',(#2286));
#2190=SURFACE_SIDE_STYLE('',(#2287));
#2191=SURFACE_SIDE_STYLE('',(#2288));
#2192=SURFACE_SIDE_STYLE('',(#2289));
#2193=SURFACE_SIDE_STYLE('',(#2290));
#2194=SURFACE_SIDE_STYLE('',(#2291));
#2195=SURFACE_SIDE_STYLE('',(#2292));
#2196=SURFACE_SIDE_STYLE('',(#2293));
#2197=SURFACE_SIDE_STYLE('',(#2294));
#2198=SURFACE_SIDE_STYLE('',(#2295));
#2199=SURFACE_SIDE_STYLE('',(#2296));
#2200=SURFACE_SIDE_STYLE('',(#2297));
#2201=SURFACE_SIDE_STYLE('',(#2298));
#2202=SURFACE_SIDE_STYLE('',(#2299));
#2203=SURFACE_SIDE_STYLE('',(#2300));
#2204=SURFACE_SIDE_STYLE('',(#2301));
#2205=SURFACE_SIDE_STYLE('',(#2302));
#2206=SURFACE_SIDE_STYLE('',(#2303));
#2207=SURFACE_SIDE_STYLE('',(#2304));
#2208=SURFACE_SIDE_STYLE('',(#2305));
#2209=SURFACE_SIDE_STYLE('',(#2306));
#2210=SURFACE_SIDE_STYLE('',(#2307));
#2211=SURFACE_SIDE_STYLE('',(#2308));
#2212=SURFACE_SIDE_STYLE('',(#2309));
#2213=SURFACE_SIDE_STYLE('',(#2310));
#2214=SURFACE_SIDE_STYLE('',(#2311));
#2215=SURFACE_SIDE_STYLE('',(#2312));
#2216=SURFACE_SIDE_STYLE('',(#2313));
#2217=SURFACE_SIDE_STYLE('',(#2314));
#2218=SURFACE_SIDE_STYLE('',(#2315));
#2219=SURFACE_SIDE_STYLE('',(#2316));
#2220=SURFACE_SIDE_STYLE('',(#2317));
#2221=SURFACE_SIDE_STYLE('',(#2318));
#2222=SURFACE_SIDE_STYLE('',(#2319));
#2223=SURFACE_SIDE_STYLE('',(#2320));
#2224=SURFACE_SIDE_STYLE('',(#2321));
#2225=SURFACE_SIDE_STYLE('',(#2322));
#2226=SURFACE_SIDE_STYLE('',(#2323));
#2227=SURFACE_SIDE_STYLE('',(#2324));
#2228=SURFACE_SIDE_STYLE('',(#2325));
#2229=SURFACE_SIDE_STYLE('',(#2326));
#2230=SURFACE_SIDE_STYLE('',(#2327));
#2231=SURFACE_SIDE_STYLE('',(#2328));
#2232=SURFACE_SIDE_STYLE('',(#2329));
#2233=SURFACE_SIDE_STYLE('',(#2330));
#2234=SURFACE_SIDE_STYLE('',(#2331));
#2235=SURFACE_SIDE_STYLE('',(#2332));
#2236=SURFACE_SIDE_STYLE('',(#2333));
#2237=SURFACE_SIDE_STYLE('',(#2334));
#2238=SURFACE_SIDE_STYLE('',(#2335));
#2239=SURFACE_SIDE_STYLE('',(#2336));
#2240=SURFACE_SIDE_STYLE('',(#2337));
#2241=SURFACE_SIDE_STYLE('',(#2338));
#2242=SURFACE_SIDE_STYLE('',(#2339));
#2243=SURFACE_SIDE_STYLE('',(#2340));
#2244=SURFACE_SIDE_STYLE('',(#2341));
#2245=SURFACE_SIDE_STYLE('',(#2342));
#2246=SURFACE_SIDE_STYLE('',(#2343));
#2247=SURFACE_SIDE_STYLE('',(#2344));
#2248=SURFACE_SIDE_STYLE('',(#2345));
#2249=SURFACE_SIDE_STYLE('',(#2346));
#2250=SURFACE_SIDE_STYLE('',(#2347));
#2251=SURFACE_SIDE_STYLE('',(#2348));
#2252=SURFACE_SIDE_STYLE('',(#2349));
#2253=SURFACE_SIDE_STYLE('',(#2350));
#2254=SURFACE_SIDE_STYLE('',(#2351));
#2255=SURFACE_SIDE_STYLE('',(#2352));
#2256=SURFACE_SIDE_STYLE('',(#2353));
#2257=SURFACE_SIDE_STYLE('',(#2354));
#2258=SURFACE_SIDE_STYLE('',(#2355));
#2259=SURFACE_SIDE_STYLE('',(#2356));
#2260=SURFACE_SIDE_STYLE('',(#2357));
#2261=SURFACE_SIDE_STYLE('',(#2358));
#2262=SURFACE_SIDE_STYLE('',(#2359));
#2263=SURFACE_SIDE_STYLE('',(#2360));
#2264=SURFACE_SIDE_STYLE('',(#2361));
#2265=SURFACE_SIDE_STYLE('',(#2362));
#2266=SURFACE_SIDE_STYLE('',(#2363));
#2267=SURFACE_SIDE_STYLE('',(#2364));
#2268=SURFACE_SIDE_STYLE('',(#2365));
#2269=SURFACE_SIDE_STYLE('',(#2366));
#2270=SURFACE_SIDE_STYLE('',(#2367));
#2271=SURFACE_SIDE_STYLE('',(#2368));
#2272=SURFACE_SIDE_STYLE('',(#2369));
#2273=SURFACE_SIDE_STYLE('',(#2370));
#2274=SURFACE_SIDE_STYLE('',(#2371));
#2275=SURFACE_SIDE_STYLE('',(#2372));
#2276=SURFACE_SIDE_STYLE('',(#2373));
#2277=SURFACE_SIDE_STYLE('',(#2374));
#2278=SURFACE_SIDE_STYLE('',(#2375));
#2279=SURFACE_STYLE_FILL_AREA(#2376);
#2280=SURFACE_STYLE_FILL_AREA(#2377);
#2281=SURFACE_STYLE_FILL_AREA(#2378);
#2282=SURFACE_STYLE_FILL_AREA(#2379);
#2283=SURFACE_STYLE_FILL_AREA(#2380);
#2284=SURFACE_STYLE_FILL_AREA(#2381);
#2285=SURFACE_STYLE_FILL_AREA(#2382);
#2286=SURFACE_STYLE_FILL_AREA(#2383);
#2287=SURFACE_STYLE_FILL_AREA(#2384);
#2288=SURFACE_STYLE_FILL_AREA(#2385);
#2289=SURFACE_STYLE_FILL_AREA(#2386);
#2290=SURFACE_STYLE_FILL_AREA(#2387);
#2291=SURFACE_STYLE_FILL_AREA(#2388);
#2292=SURFACE_STYLE_FILL_AREA(#2389);
#2293=SURFACE_STYLE_FILL_AREA(#2390);
#2294=SURFACE_STYLE_FILL_AREA(#2391);
#2295=SURFACE_STYLE_FILL_AREA(#2392);
#2296=SURFACE_STYLE_FILL_AREA(#2393);
#2297=SURFACE_STYLE_FILL_AREA(#2394);
#2298=SURFACE_STYLE_FILL_AREA(#2395);
#2299=SURFACE_STYLE_FILL_AREA(#2396);
#2300=SURFACE_STYLE_FILL_AREA(#2397);
#2301=SURFACE_STYLE_FILL_AREA(#2398);
#2302=SURFACE_STYLE_FILL_AREA(#2399);
#2303=SURFACE_STYLE_FILL_AREA(#2400);
#2304=SURFACE_STYLE_FILL_AREA(#2401);
#2305=SURFACE_STYLE_FILL_AREA(#2402);
#2306=SURFACE_STYLE_FILL_AREA(#2403);
#2307=SURFACE_STYLE_FILL_AREA(#2404);
#2308=SURFACE_STYLE_FILL_AREA(#2405);
#2309=SURFACE_STYLE_FILL_AREA(#2406);
#2310=SURFACE_STYLE_FILL_AREA(#2407);
#2311=SURFACE_STYLE_FILL_AREA(#2408);
#2312=SURFACE_STYLE_FILL_AREA(#2409);
#2313=SURFACE_STYLE_FILL_AREA(#2410);
#2314=SURFACE_STYLE_FILL_AREA(#2411);
#2315=SURFACE_STYLE_FILL_AREA(#2412);
#2316=SURFACE_STYLE_FILL_AREA(#2413);
#2317=SURFACE_STYLE_FILL_AREA(#2414);
#2318=SURFACE_STYLE_FILL_AREA(#2415);
#2319=SURFACE_STYLE_FILL_AREA(#2416);
#2320=SURFACE_STYLE_FILL_AREA(#2417);
#2321=SURFACE_STYLE_FILL_AREA(#2418);
#2322=SURFACE_STYLE_FILL_AREA(#2419);
#2323=SURFACE_STYLE_FILL_AREA(#2420);
#2324=SURFACE_STYLE_FILL_AREA(#2421);
#2325=SURFACE_STYLE_FILL_AREA(#2422);
#2326=SURFACE_STYLE_FILL_AREA(#2423);
#2327=SURFACE_STYLE_FILL_AREA(#2424);
#2328=SURFACE_STYLE_FILL_AREA(#2425);
#2329=SURFACE_STYLE_FILL_AREA(#2426);
#2330=SURFACE_STYLE_FILL_AREA(#2427);
#2331=SURFACE_STYLE_FILL_AREA(#2428);
#2332=SURFACE_STYLE_FILL_AREA(#2429);
#2333=SURFACE_STYLE_FILL_AREA(#2430);
#2334=SURFACE_STYLE_FILL_AREA(#2431);
#2335=SURFACE_STYLE_FILL_AREA(#2432);
#2336=SURFACE_STYLE_FILL_AREA(#2433);
#2337=SURFACE_STYLE_FILL_AREA(#2434);
#2338=SURFACE_STYLE_FILL_AREA(#2435);
#2339=SURFACE_STYLE_FILL_AREA(#2436);
#2340=SURFACE_STYLE_FILL_AREA(#2437);
#2341=SURFACE_STYLE_FILL_AREA(#2438);
#2342=SURFACE_STYLE_FILL_AREA(#2439);
#2343=SURFACE_STYLE_FILL_AREA(#2440);
#2344=SURFACE_STYLE_FILL_AREA(#2441);
#2345=SURFACE_STYLE_FILL_AREA(#2442);
#2346=SURFACE_STYLE_FILL_AREA(#2443);
#2347=SURFACE_STYLE_FILL_AREA(#2444);
#2348=SURFACE_STYLE_FILL_AREA(#2445);
#2349=SURFACE_STYLE_FILL_AREA(#2446);
#2350=SURFACE_STYLE_FILL_AREA(#2447);
#2351=SURFACE_STYLE_FILL_AREA(#2448);
#2352=SURFACE_STYLE_FILL_AREA(#2449);
#2353=SURFACE_STYLE_FILL_AREA(#2450);
#2354=SURFACE_STYLE_FILL_AREA(#2451);
#2355=SURFACE_STYLE_FILL_AREA(#2452);
#2356=SURFACE_STYLE_FILL_AREA(#2453);
#2357=SURFACE_STYLE_FILL_AREA(#2454);
#2358=SURFACE_STYLE_FILL_AREA(#2455);
#2359=SURFACE_STYLE_FILL_AREA(#2456);
#2360=SURFACE_STYLE_FILL_AREA(#2457);
#2361=SURFACE_STYLE_FILL_AREA(#2458);
#2362=SURFACE_STYLE_FILL_AREA(#2459);
#2363=SURFACE_STYLE_FILL_AREA(#2460);
#2364=SURFACE_STYLE_FILL_AREA(#2461);
#2365=SURFACE_STYLE_FILL_AREA(#2462);
#2366=SURFACE_STYLE_FILL_AREA(#2463);
#2367=SURFACE_STYLE_FILL_AREA(#2464);
#2368=SURFACE_STYLE_FILL_AREA(#2465);
#2369=SURFACE_STYLE_FILL_AREA(#2466);
#2370=SURFACE_STYLE_FILL_AREA(#2467);
#2371=SURFACE_STYLE_FILL_AREA(#2468);
#2372=SURFACE_STYLE_FILL_AREA(#2469);
#2373=SURFACE_STYLE_FILL_AREA(#2470);
#2374=SURFACE_STYLE_FILL_AREA(#2471);
#2375=SURFACE_STYLE_FILL_AREA(#2472);
#2376=FILL_AREA_STYLE('',(#2473));
#2377=FILL_AREA_STYLE('',(#2474));
#2378=FILL_AREA_STYLE('',(#2475));
#2379=FILL_AREA_STYLE('',(#2476));
#2380=FILL_AREA_STYLE('',(#2477));
#2381=FILL_AREA_STYLE('',(#2478));
#2382=FILL_AREA_STYLE('',(#2479));
#2383=FILL_AREA_STYLE('',(#2480));
#2384=FILL_AREA_STYLE('',(#2481));
#2385=FILL_AREA_STYLE('',(#2482));
#2386=FILL_AREA_STYLE('',(#2483));
#2387=FILL_AREA_STYLE('',(#2484));
#2388=FILL_AREA_STYLE('',(#2485));
#2389=FILL_AREA_STYLE('',(#2486));
#2390=FILL_AREA_STYLE('',(#2487));
#2391=FILL_AREA_STYLE('',(#2488));
#2392=FILL_AREA_STYLE('',(#2489));
#2393=FILL_AREA_STYLE('',(#2490));
#2394=FILL_AREA_STYLE('',(#2491));
#2395=FILL_AREA_STYLE('',(#2492));
#2396=FILL_AREA_STYLE('',(#2493));
#2397=FILL_AREA_STYLE('',(#2494));
#2398=FILL_AREA_STYLE('',(#2495));
#2399=FILL_AREA_STYLE('',(#2496));
#2400=FILL_AREA_STYLE('',(#2497));
#2401=FILL_AREA_STYLE('',(#2498));
#2402=FILL_AREA_STYLE('',(#2499));
#2403=FILL_AREA_STYLE('',(#2500));
#2404=FILL_AREA_STYLE('',(#2501));
#2405=FILL_AREA_STYLE('',(#2502));
#2406=FILL_AREA_STYLE('',(#2503));
#2407=FILL_AREA_STYLE('',(#2504));
#2408=FILL_AREA_STYLE('',(#2505));
#2409=FILL_AREA_STYLE('',(#2506));
#2410=FILL_AREA_STYLE('',(#2507));
#2411=FILL_AREA_STYLE('',(#2508));
#2412=FILL_AREA_STYLE('',(#2509));
#2413=FILL_AREA_STYLE('',(#2510));
#2414=FILL_AREA_STYLE('',(#2511));
#2415=FILL_AREA_STYLE('',(#2512));
#2416=FILL_AREA_STYLE('',(#2513));
#2417=FILL_AREA_STYLE('',(#2514));
#2418=FILL_AREA_STYLE('',(#2515));
#2419=FILL_AREA_STYLE('',(#2516));
#2420=FILL_AREA_STYLE('',(#2517));
#2421=FILL_AREA_STYLE('',(#2518));
#2422=FILL_AREA_STYLE('',(#2519));
#2423=FILL_AREA_STYLE('',(#2520));
#2424=FILL_AREA_STYLE('',(#2521));
#2425=FILL_AREA_STYLE('',(#2522));
#2426=FILL_AREA_STYLE('',(#2523));
#2427=FILL_AREA_STYLE('',(#2524));
#2428=FILL_AREA_STYLE('',(#2525));
#2429=FILL_AREA_STYLE('',(#2526));
#2430=FILL_AREA_STYLE('',(#2527));
#2431=FILL_AREA_STYLE('',(#2528));
#2432=FILL_AREA_STYLE('',(#2529));
#2433=FILL_AREA_STYLE('',(#2530));
#2434=FILL_AREA_STYLE('',(#2531));
#2435=FILL_AREA_STYLE('',(#2532));
#2436=FILL_AREA_STYLE('',(#2533));
#2437=FILL_AREA_STYLE('',(#2534));
#2438=FILL_AREA_STYLE('',(#2535));
#2439=FILL_AREA_STYLE('',(#2536));
#2440=FILL_AREA_STYLE('',(#2537));
#2441=FILL_AREA_STYLE('',(#2538));
#2442=FILL_AREA_STYLE('',(#2539));
#2443=FILL_AREA_STYLE('',(#2540));
#2444=FILL_AREA_STYLE('',(#2541));
#2445=FILL_AREA_STYLE('',(#2542));
#2446=FILL_AREA_STYLE('',(#2543));
#2447=FILL_AREA_STYLE('',(#2544));
#2448=FILL_AREA_STYLE('',(#2545));
#2449=FILL_AREA_STYLE('',(#2546));
#2450=FILL_AREA_STYLE('',(#2547));
#2451=FILL_AREA_STYLE('',(#2548));
#2452=FILL_AREA_STYLE('',(#2549));
#2453=FILL_AREA_STYLE('',(#2550));
#2454=FILL_AREA_STYLE('',(#2551));
#2455=FILL_AREA_STYLE('',(#2552));
#2456=FILL_AREA_STYLE('',(#2553));
#2457=FILL_AREA_STYLE('',(#2554));
#2458=FILL_AREA_STYLE('',(#2555));
#2459=FILL_AREA_STYLE('',(#2556));
#2460=FILL_AREA_STYLE('',(#2557));
#2461=FILL_AREA_STYLE('',(#2558));
#2462=FILL_AREA_STYLE('',(#2559));
#2463=FILL_AREA_STYLE('',(#2560));
#2464=FILL_AREA_STYLE('',(#2561));
#2465=FILL_AREA_STYLE('',(#2562));
#2466=FILL_AREA_STYLE('',(#2563));
#2467=FILL_AREA_STYLE('',(#2564));
#2468=FILL_AREA_STYLE('',(#2565));
#2469=FILL_AREA_STYLE('',(#2566));
#2470=FILL_AREA_STYLE('',(#2567));
#2471=FILL_AREA_STYLE('',(#2568));
#2472=FILL_AREA_STYLE('',(#2569));
#2473=FILL_AREA_STYLE_COLOUR('',#2570);
#2474=FILL_AREA_STYLE_COLOUR('',#2570);
#2475=FILL_AREA_STYLE_COLOUR('',#2570);
#2476=FILL_AREA_STYLE_COLOUR('',#2570);
#2477=FILL_AREA_STYLE_COLOUR('',#2570);
#2478=FILL_AREA_STYLE_COLOUR('',#2570);
#2479=FILL_AREA_STYLE_COLOUR('',#2570);
#2480=FILL_AREA_STYLE_COLOUR('',#2570);
#2481=FILL_AREA_STYLE_COLOUR('',#2570);
#2482=FILL_AREA_STYLE_COLOUR('',#2570);
#2483=FILL_AREA_STYLE_COLOUR('',#2570);
#2484=FILL_AREA_STYLE_COLOUR('',#2570);
#2485=FILL_AREA_STYLE_COLOUR('',#2570);
#2486=FILL_AREA_STYLE_COLOUR('',#2570);
#2487=FILL_AREA_STYLE_COLOUR('',#2570);
#2488=FILL_AREA_STYLE_COLOUR('',#2570);
#2489=FILL_AREA_STYLE_COLOUR('',#2570);
#2490=FILL_AREA_STYLE_COLOUR('',#2570);
#2491=FILL_AREA_STYLE_COLOUR('',#2570);
#2492=FILL_AREA_STYLE_COLOUR('',#2570);
#2493=FILL_AREA_STYLE_COLOUR('',#2570);
#2494=FILL_AREA_STYLE_COLOUR('',#2570);
#2495=FILL_AREA_STYLE_COLOUR('',#2570);
#2496=FILL_AREA_STYLE_COLOUR('',#2570);
#2497=FILL_AREA_STYLE_COLOUR('',#2570);
#2498=FILL_AREA_STYLE_COLOUR('',#2570);
#2499=FILL_AREA_STYLE_COLOUR('',#2570);
#2500=FILL_AREA_STYLE_COLOUR('',#2570);
#2501=FILL_AREA_STYLE_COLOUR('',#2570);
#2502=FILL_AREA_STYLE_COLOUR('',#2570);
#2503=FILL_AREA_STYLE_COLOUR('',#2570);
#2504=FILL_AREA_STYLE_COLOUR('',#2570);
#2505=FILL_AREA_STYLE_COLOUR('',#2570);
#2506=FILL_AREA_STYLE_COLOUR('',#2570);
#2507=FILL_AREA_STYLE_COLOUR('',#2570);
#2508=FILL_AREA_STYLE_COLOUR('',#2570);
#2509=FILL_AREA_STYLE_COLOUR('',#2570);
#2510=FILL_AREA_STYLE_COLOUR('',#2570);
#2511=FILL_AREA_STYLE_COLOUR('',#2570);
#2512=FILL_AREA_STYLE_COLOUR('',#2570);
#2513=FILL_AREA_STYLE_COLOUR('',#2570);
#2514=FILL_AREA_STYLE_COLOUR('',#2570);
#2515=FILL_AREA_STYLE_COLOUR('',#2570);
#2516=FILL_AREA_STYLE_COLOUR('',#2570);
#2517=FILL_AREA_STYLE_COLOUR('',#2570);
#2518=FILL_AREA_STYLE_COLOUR('',#2570);
#2519=FILL_AREA_STYLE_COLOUR('',#2570);
#2520=FILL_AREA_STYLE_COLOUR('',#2570);
#2521=FILL_AREA_STYLE_COLOUR('',#2570);
#2522=FILL_AREA_STYLE_COLOUR('',#2570);
#2523=FILL_AREA_STYLE_COLOUR('',#2570);
#2524=FILL_AREA_STYLE_COLOUR('',#90);
#2525=FILL_AREA_STYLE_COLOUR('',#2570);
#2526=FILL_AREA_STYLE_COLOUR('',#2570);
#2527=FILL_AREA_STYLE_COLOUR('',#2570);
#2528=FILL_AREA_STYLE_COLOUR('',#2570);
#2529=FILL_AREA_STYLE_COLOUR('',#2570);
#2530=FILL_AREA_STYLE_COLOUR('',#2570);
#2531=FILL_AREA_STYLE_COLOUR('',#2570);
#2532=FILL_AREA_STYLE_COLOUR('',#2570);
#2533=FILL_AREA_STYLE_COLOUR('',#2570);
#2534=FILL_AREA_STYLE_COLOUR('',#2570);
#2535=FILL_AREA_STYLE_COLOUR('',#2570);
#2536=FILL_AREA_STYLE_COLOUR('',#2570);
#2537=FILL_AREA_STYLE_COLOUR('',#2570);
#2538=FILL_AREA_STYLE_COLOUR('',#2570);
#2539=FILL_AREA_STYLE_COLOUR('',#2570);
#2540=FILL_AREA_STYLE_COLOUR('',#2570);
#2541=FILL_AREA_STYLE_COLOUR('',#2570);
#2542=FILL_AREA_STYLE_COLOUR('',#2570);
#2543=FILL_AREA_STYLE_COLOUR('',#2570);
#2544=FILL_AREA_STYLE_COLOUR('',#2570);
#2545=FILL_AREA_STYLE_COLOUR('',#2570);
#2546=FILL_AREA_STYLE_COLOUR('',#2570);
#2547=FILL_AREA_STYLE_COLOUR('',#2570);
#2548=FILL_AREA_STYLE_COLOUR('',#2570);
#2549=FILL_AREA_STYLE_COLOUR('',#2570);
#2550=FILL_AREA_STYLE_COLOUR('',#2570);
#2551=FILL_AREA_STYLE_COLOUR('',#2570);
#2552=FILL_AREA_STYLE_COLOUR('',#2570);
#2553=FILL_AREA_STYLE_COLOUR('',#2570);
#2554=FILL_AREA_STYLE_COLOUR('',#2570);
#2555=FILL_AREA_STYLE_COLOUR('',#2570);
#2556=FILL_AREA_STYLE_COLOUR('',#2570);
#2557=FILL_AREA_STYLE_COLOUR('',#2570);
#2558=FILL_AREA_STYLE_COLOUR('',#2570);
#2559=FILL_AREA_STYLE_COLOUR('',#2570);
#2560=FILL_AREA_STYLE_COLOUR('',#2570);
#2561=FILL_AREA_STYLE_COLOUR('',#2570);
#2562=FILL_AREA_STYLE_COLOUR('',#2570);
#2563=FILL_AREA_STYLE_COLOUR('',#2570);
#2564=FILL_AREA_STYLE_COLOUR('',#2570);
#2565=FILL_AREA_STYLE_COLOUR('',#2570);
#2566=FILL_AREA_STYLE_COLOUR('',#2570);
#2567=FILL_AREA_STYLE_COLOUR('',#2570);
#2568=FILL_AREA_STYLE_COLOUR('',#2570);
#2569=FILL_AREA_STYLE_COLOUR('',#91);
#2570=DRAUGHTING_PRE_DEFINED_COLOUR('black');
#2571=ADVANCED_FACE('',(#1611,#1612,#1613,#1614),#1817,.T.);
#2572=ADVANCED_FACE('',(#1615,#1616,#1617,#1618),#1818,.T.);
#2573=ADVANCED_FACE('',(#1619),#1819,.T.);
#2574=ADVANCED_FACE('',(#1620,#1621),#92,.F.);
#2575=ADVANCED_FACE('',(#1622),#1820,.T.);
#2576=ADVANCED_FACE('',(#1623,#1624),#93,.F.);
#2577=ADVANCED_FACE('',(#1625),#1821,.T.);
#2578=ADVANCED_FACE('',(#1626,#1627),#94,.F.);
#2579=ADVANCED_FACE('',(#1628),#1822,.T.);
#2580=ADVANCED_FACE('',(#1629,#1630),#95,.F.);
#2581=ADVANCED_FACE('',(#1631),#1823,.T.);
#2582=ADVANCED_FACE('',(#1632,#1633,#1634),#1824,.T.);
#2583=ADVANCED_FACE('',(#1635),#1825,.T.);
#2584=ADVANCED_FACE('',(#1636),#1826,.T.);
#2585=ADVANCED_FACE('',(#1637),#1827,.T.);
#2586=ADVANCED_FACE('',(#1638,#1639),#1828,.T.);
#2587=ADVANCED_FACE('',(#1640,#1641),#1829,.F.);
#2588=ADVANCED_FACE('',(#1642),#1830,.T.);
#2589=ADVANCED_FACE('',(#1643),#1831,.T.);
#2590=ADVANCED_FACE('',(#1644),#1832,.T.);
#2591=ADVANCED_FACE('',(#1645,#1646),#1833,.T.);
#2592=ADVANCED_FACE('',(#1647),#1834,.F.);
#2593=ADVANCED_FACE('',(#1648),#1835,.F.);
#2594=ADVANCED_FACE('',(#1649),#96,.F.);
#2595=ADVANCED_FACE('',(#1650,#1651),#1836,.T.);
#2596=ADVANCED_FACE('',(#1652),#1837,.F.);
#2597=ADVANCED_FACE('',(#1653),#97,.F.);
#2598=ADVANCED_FACE('',(#1654),#1838,.F.);
#2599=ADVANCED_FACE('',(#1655,#1656),#1839,.T.);
#2600=ADVANCED_FACE('',(#1657),#1840,.F.);
#2601=ADVANCED_FACE('',(#1658),#1841,.F.);
#2602=ADVANCED_FACE('',(#1659),#98,.F.);
#2603=ADVANCED_FACE('',(#1660,#1661),#1842,.T.);
#2604=ADVANCED_FACE('',(#1662),#1843,.F.);
#2605=ADVANCED_FACE('',(#1663),#99,.F.);
#2606=ADVANCED_FACE('',(#1664),#1844,.F.);
#2607=ADVANCED_FACE('',(#1665,#1666),#1845,.F.);
#2608=ADVANCED_FACE('',(#1667,#1668),#100,.F.);
#2609=ADVANCED_FACE('',(#1669,#1670),#101,.T.);
#2610=ADVANCED_FACE('',(#1671),#1846,.T.);
#2611=ADVANCED_FACE('',(#1672,#1673),#102,.F.);
#2612=ADVANCED_FACE('',(#1674,#1675),#1847,.T.);
#2613=ADVANCED_FACE('',(#1676,#1677),#1848,.F.);
#2614=ADVANCED_FACE('',(#1678,#1679),#103,.F.);
#2615=ADVANCED_FACE('',(#1680,#1681),#104,.T.);
#2616=ADVANCED_FACE('',(#1682),#1849,.T.);
#2617=ADVANCED_FACE('',(#1683,#1684),#105,.F.);
#2618=ADVANCED_FACE('',(#1685,#1686),#1850,.T.);
#2619=ADVANCED_FACE('',(#1687,#1688),#106,.F.);
#2620=ADVANCED_FACE('',(#1689,#1690),#1851,.T.);
#2621=ADVANCED_FACE('',(#1691,#1692),#107,.T.);
#2622=ADVANCED_FACE('',(#1693,#1694,#1695,#1696),#1852,.T.);
#2623=ADVANCED_FACE('',(#1697),#1853,.T.);
#2624=ADVANCED_FACE('',(#1698,#1699),#108,.F.);
#2625=ADVANCED_FACE('',(#1700,#1701),#1854,.T.);
#2626=ADVANCED_FACE('',(#1702,#1703),#109,.F.);
#2627=ADVANCED_FACE('',(#1704,#1705),#110,.F.);
#2628=ADVANCED_FACE('',(#1706,#1707),#64,.F.);
#2629=ADVANCED_FACE('',(#1708,#1709),#111,.F.);
#2630=ADVANCED_FACE('',(#1710,#1711),#65,.F.);
#2631=ADVANCED_FACE('',(#1712,#1713),#1855,.T.);
#2632=ADVANCED_FACE('',(#1714,#1715),#66,.F.);
#2633=ADVANCED_FACE('',(#1716,#1717),#112,.F.);
#2634=ADVANCED_FACE('',(#1718,#1719),#67,.F.);
#2635=ADVANCED_FACE('',(#1720,#1721),#1856,.T.);
#2636=ADVANCED_FACE('',(#1722,#1723),#68,.F.);
#2637=ADVANCED_FACE('',(#1724,#1725),#113,.F.);
#2638=ADVANCED_FACE('',(#1726,#1727),#69,.F.);
#2639=ADVANCED_FACE('',(#1728,#1729),#114,.T.);
#2640=ADVANCED_FACE('',(#1730,#1731),#70,.T.);
#2641=ADVANCED_FACE('',(#1732,#1733),#1857,.F.);
#2642=ADVANCED_FACE('',(#1734,#1735),#115,.T.);
#2643=ADVANCED_FACE('',(#1736,#1737),#71,.T.);
#2644=ADVANCED_FACE('',(#1738,#1739),#1858,.F.);
#2645=ADVANCED_FACE('',(#1740),#1859,.F.);
#2646=ADVANCED_FACE('',(#1741),#1860,.F.);
#2647=ADVANCED_FACE('',(#1742),#1861,.F.);
#2648=ADVANCED_FACE('',(#1743),#1862,.F.);
#2649=ADVANCED_FACE('',(#1744),#1863,.F.);
#2650=ADVANCED_FACE('',(#1745),#1864,.F.);
#2651=ADVANCED_FACE('',(#1746),#1865,.T.);
#2652=ADVANCED_FACE('',(#1747),#1866,.F.);
#2653=ADVANCED_FACE('',(#1748),#1867,.F.);
#2654=ADVANCED_FACE('',(#1749),#1868,.F.);
#2655=ADVANCED_FACE('',(#1750),#1869,.F.);
#2656=ADVANCED_FACE('',(#1751),#1870,.F.);
#2657=ADVANCED_FACE('',(#1752),#1871,.F.);
#2658=ADVANCED_FACE('',(#1753),#1872,.T.);
#2659=ADVANCED_FACE('',(#1754,#1755),#116,.F.);
#2660=ADVANCED_FACE('',(#1756,#1757),#1873,.F.);
#2661=ADVANCED_FACE('',(#1758,#1759),#117,.T.);
#2662=ADVANCED_FACE('',(#1760,#1761,#1762),#1874,.F.);
#2663=ADVANCED_FACE('',(#1763,#1764),#72,.F.);
#2664=ADVANCED_FACE('',(#1765,#1766),#118,.F.);
#2665=ADVANCED_FACE('',(#1767,#1768),#73,.F.);
#2666=ADVANCED_FACE('',(#1769,#1770),#119,.F.);
#2667=ADVANCED_FACE('',(#1771,#1772),#1875,.F.);
#2668=ADVANCED_FACE('',(#1773,#1774),#120,.T.);
#2669=ADVANCED_FACE('',(#1775,#1776),#1876,.F.);
#2670=ADVANCED_FACE('',(#1777),#74,.T.);
#2671=ADVANCED_FACE('',(#1778),#75,.T.);
#2672=ADVANCED_FACE('',(#1779,#1780),#121,.T.);
#2673=ADVANCED_FACE('',(#1781,#1782),#1877,.F.);
#2674=ADVANCED_FACE('',(#1783,#1784),#122,.T.);
#2675=ADVANCED_FACE('',(#1785),#1878,.F.);
#2676=ADVANCED_FACE('',(#1786),#1879,.T.);
#2677=ADVANCED_FACE('',(#1787),#1880,.T.);
#2678=ADVANCED_FACE('',(#1788),#1881,.T.);
#2679=ADVANCED_FACE('',(#1789),#1882,.T.);
#2680=ADVANCED_FACE('',(#1790,#1791),#76,.T.);
#2681=ADVANCED_FACE('',(#1792),#77,.T.);
#2682=ADVANCED_FACE('',(#1793),#78,.T.);
#2683=ADVANCED_FACE('',(#1794),#79,.T.);
#2684=ADVANCED_FACE('',(#1795),#80,.T.);
#2685=ADVANCED_FACE('',(#1796),#81,.T.);
#2686=ADVANCED_FACE('',(#1797),#82,.T.);
#2687=ADVANCED_FACE('',(#1798),#1883,.F.);
#2688=ADVANCED_FACE('',(#1799),#1884,.F.);
#2689=ADVANCED_FACE('',(#1800),#1885,.F.);
#2690=ADVANCED_FACE('',(#1801),#1886,.F.);
#2691=ADVANCED_FACE('',(#1802),#1887,.F.);
#2692=ADVANCED_FACE('',(#1803),#1888,.F.);
#2693=ADVANCED_FACE('',(#1804),#83,.T.);
#2694=ADVANCED_FACE('',(#1805),#84,.T.);
#2695=ADVANCED_FACE('',(#1806),#85,.T.);
#2696=ADVANCED_FACE('',(#1807),#86,.T.);
#2697=ADVANCED_FACE('',(#1808),#87,.T.);
#2698=ADVANCED_FACE('',(#1809),#88,.T.);
#2699=ADVANCED_FACE('',(#1810),#1889,.F.);
#2700=ADVANCED_FACE('',(#1811,#1812),#89,.T.);
#2701=ADVANCED_FACE('',(#1813,#1814),#123,.T.);
#2702=ADVANCED_FACE('',(#1815,#1816),#1890,.T.);
#2703=CLOSED_SHELL('',(#2571,#2572,#2573,#2574,#2575,#2576,#2577,#2578,
#2579,#2580,#2581,#2582,#2583,#2584,#2585,#2586,#2587,#2588,#2589,#2590,
#2591,#2592,#2593,#2594,#2595,#2596,#2597,#2598,#2599,#2600,#2601,#2602,
#2603,#2604,#2605,#2606,#2607,#2608,#2609,#2610,#2611,#2612,#2613,#2614,
#2615,#2616,#2617,#2618,#2619,#2620,#2621,#2622,#2623,#2624,#2625,#2626,
#2627,#2628,#2629,#2630,#2631,#2632,#2633,#2634,#2635,#2636,#2637,#2638,
#2639,#2640,#2641,#2642,#2643,#2644,#2645,#2646,#2647,#2648,#2649,#2650,
#2651,#2652,#2653,#2654,#2655,#2656,#2657,#2658,#2659,#2660,#2661,#2662,
#2663,#2664,#2665,#2666));
#2704=CLOSED_SHELL('',(#2667,#2668,#2669,#2670,#2671,#2672,#2673,#2674,
#2675,#2676,#2677,#2678,#2679,#2680,#2681,#2682,#2683,#2684,#2685,#2686,
#2687,#2688,#2689,#2690,#2691,#2692,#2693,#2694,#2695,#2696,#2697,#2698,
#2699,#2700,#2701,#2702));
#2705=MANIFOLD_SOLID_BREP('JECX-MF-EXLA-40-180(0_body)',#2703);
#2706=MANIFOLD_SOLID_BREP('JECX-MF-EXLA-40-180(0_rod)',#2704);
#2707=SHAPE_DEFINITION_REPRESENTATION(#4182,#2710);
#2708=SHAPE_DEFINITION_REPRESENTATION(#4183,#2711);
#2709=SHAPE_DEFINITION_REPRESENTATION(#4185,#2712);
#2710=SHAPE_REPRESENTATION('JECX-MF-160-J-EXLA-40-180(0)',(#2713,#2872,
#2936),#4173);
#2711=SHAPE_REPRESENTATION('JECX-MF-EXLA-40-180(0_body)',(#2713),#4174);
#2712=SHAPE_REPRESENTATION('JECX-MF-EXLA-40-180(0_rod)',(#2713),#4175);
#2713=AXIS2_PLACEMENT_3D('',#3517,#2937,#2938);
#2714=AXIS2_PLACEMENT_3D('',#3518,#2939,#2940);
#2715=AXIS2_PLACEMENT_3D('',#3527,#2945,#2946);
#2716=AXIS2_PLACEMENT_3D('',#3529,#2947,#2948);
#2717=AXIS2_PLACEMENT_3D('',#3531,#2949,#2950);
#2718=AXIS2_PLACEMENT_3D('',#3533,#2951,#2952);
#2719=AXIS2_PLACEMENT_3D('',#3542,#2957,#2958);
#2720=AXIS2_PLACEMENT_3D('',#3544,#2959,#2960);
#2721=AXIS2_PLACEMENT_3D('',#3546,#2961,#2962);
#2722=AXIS2_PLACEMENT_3D('',#3548,#2963,#2964);
#2723=AXIS2_PLACEMENT_3D('',#3557,#2969,#2970);
#2724=AXIS2_PLACEMENT_3D('',#3558,#2971,#2972);
#2725=AXIS2_PLACEMENT_3D('',#3560,#2973,#2974);
#2726=AXIS2_PLACEMENT_3D('',#3569,#2979,#2980);
#2727=AXIS2_PLACEMENT_3D('',#3570,#2981,#2982);
#2728=AXIS2_PLACEMENT_3D('',#3572,#2983,#2984);
#2729=AXIS2_PLACEMENT_3D('',#3581,#2989,#2990);
#2730=AXIS2_PLACEMENT_3D('',#3582,#2991,#2992);
#2731=AXIS2_PLACEMENT_3D('',#3584,#2993,#2994);
#2732=AXIS2_PLACEMENT_3D('',#3593,#2999,#3000);
#2733=AXIS2_PLACEMENT_3D('',#3594,#3001,#3002);
#2734=AXIS2_PLACEMENT_3D('',#3596,#3003,#3004);
#2735=AXIS2_PLACEMENT_3D('',#3617,#3017,#3018);
#2736=AXIS2_PLACEMENT_3D('',#3618,#3019,#3020);
#2737=AXIS2_PLACEMENT_3D('',#3620,#3021,#3022);
#2738=AXIS2_PLACEMENT_3D('',#3642,#3035,#3036);
#2739=AXIS2_PLACEMENT_3D('',#3648,#3040,#3041);
#2740=AXIS2_PLACEMENT_3D('',#3654,#3045,#3046);
#2741=AXIS2_PLACEMENT_3D('',#3660,#3050,#3051);
#2742=AXIS2_PLACEMENT_3D('',#3665,#3054,#3055);
#2743=AXIS2_PLACEMENT_3D('',#3671,#3059,#3060);
#2744=AXIS2_PLACEMENT_3D('',#3676,#3063,#3064);
#2745=AXIS2_PLACEMENT_3D('',#3677,#3065,#3066);
#2746=AXIS2_PLACEMENT_3D('',#3678,#3067,#3068);
#2747=AXIS2_PLACEMENT_3D('',#3680,#3069,#3070);
#2748=AXIS2_PLACEMENT_3D('',#3681,#3071,#3072);
#2749=AXIS2_PLACEMENT_3D('',#3683,#3073,#3074);
#2750=AXIS2_PLACEMENT_3D('',#3686,#3077,#3078);
#2751=AXIS2_PLACEMENT_3D('',#3687,#3079,#3080);
#2752=AXIS2_PLACEMENT_3D('',#3688,#3081,#3082);
#2753=AXIS2_PLACEMENT_3D('',#3693,#3085,#3086);
#2754=AXIS2_PLACEMENT_3D('',#3694,#3087,#3088);
#2755=AXIS2_PLACEMENT_3D('',#3696,#3090,#3091);
#2756=AXIS2_PLACEMENT_3D('',#3698,#3093,#3094);
#2757=AXIS2_PLACEMENT_3D('',#3699,#3095,#3096);
#2758=AXIS2_PLACEMENT_3D('',#3702,#3098,#3099);
#2759=AXIS2_PLACEMENT_3D('',#3705,#3101,#3102);
#2760=AXIS2_PLACEMENT_3D('',#3707,#3104,#3105);
#2761=AXIS2_PLACEMENT_3D('',#3709,#3107,#3108);
#2762=AXIS2_PLACEMENT_3D('',#3710,#3109,#3110);
#2763=AXIS2_PLACEMENT_3D('',#3715,#3113,#3114);
#2764=AXIS2_PLACEMENT_3D('',#3716,#3115,#3116);
#2765=AXIS2_PLACEMENT_3D('',#3718,#3118,#3119);
#2766=AXIS2_PLACEMENT_3D('',#3720,#3121,#3122);
#2767=AXIS2_PLACEMENT_3D('',#3721,#3123,#3124);
#2768=AXIS2_PLACEMENT_3D('',#3724,#3126,#3127);
#2769=AXIS2_PLACEMENT_3D('',#3727,#3129,#3130);
#2770=AXIS2_PLACEMENT_3D('',#3729,#3132,#3133);
#2771=AXIS2_PLACEMENT_3D('',#3731,#3135,#3136);
#2772=AXIS2_PLACEMENT_3D('',#3732,#3137,#3138);
#2773=AXIS2_PLACEMENT_3D('',#3733,#3139,#3140);
#2774=AXIS2_PLACEMENT_3D('',#3735,#3141,#3142);
#2775=AXIS2_PLACEMENT_3D('',#3737,#3143,#3144);
#2776=AXIS2_PLACEMENT_3D('',#3738,#3145,#3146);
#2777=AXIS2_PLACEMENT_3D('',#3739,#3147,#3148);
#2778=AXIS2_PLACEMENT_3D('',#3741,#3149,#3150);
#2779=AXIS2_PLACEMENT_3D('',#3742,#3151,#3152);
#2780=AXIS2_PLACEMENT_3D('',#3744,#3153,#3154);
#2781=AXIS2_PLACEMENT_3D('',#3745,#3155,#3156);
#2782=AXIS2_PLACEMENT_3D('',#3747,#3157,#3158);
#2783=AXIS2_PLACEMENT_3D('',#3748,#3159,#3160);
#2784=AXIS2_PLACEMENT_3D('',#3749,#3161,#3162);
#2785=AXIS2_PLACEMENT_3D('',#3751,#3163,#3164);
#2786=AXIS2_PLACEMENT_3D('',#3753,#3165,#3166);
#2787=AXIS2_PLACEMENT_3D('',#3754,#3167,#3168);
#2788=AXIS2_PLACEMENT_3D('',#3755,#3169,#3170);
#2789=AXIS2_PLACEMENT_3D('',#3757,#3171,#3172);
#2790=AXIS2_PLACEMENT_3D('',#3758,#3173,#3174);
#2791=AXIS2_PLACEMENT_3D('',#3760,#3175,#3176);
#2792=AXIS2_PLACEMENT_3D('',#3761,#3177,#3178);
#2793=AXIS2_PLACEMENT_3D('',#3763,#3179,#3180);
#2794=AXIS2_PLACEMENT_3D('',#3764,#3181,#3182);
#2795=AXIS2_PLACEMENT_3D('',#3765,#3183,#3184);
#2796=AXIS2_PLACEMENT_3D('',#3767,#3185,#3186);
#2797=AXIS2_PLACEMENT_3D('',#3768,#3187,#3188);
#2798=AXIS2_PLACEMENT_3D('',#3770,#3189,#3190);
#2799=AXIS2_PLACEMENT_3D('',#3771,#3191,#3192);
#2800=AXIS2_PLACEMENT_3D('',#3773,#3193,#3194);
#2801=AXIS2_PLACEMENT_3D('',#3774,#3195,#3196);
#2802=AXIS2_PLACEMENT_3D('',#3776,#3197,#3198);
#2803=AXIS2_PLACEMENT_3D('',#3778,#3199,#3200);
#2804=AXIS2_PLACEMENT_3D('',#3780,#3201,#3202);
#2805=AXIS2_PLACEMENT_3D('',#3781,#3203,#3204);
#2806=AXIS2_PLACEMENT_3D('',#3783,#3205,#3206);
#2807=AXIS2_PLACEMENT_3D('',#3784,#3207,#3208);
#2808=AXIS2_PLACEMENT_3D('',#3786,#3209,#3210);
#2809=AXIS2_PLACEMENT_3D('',#3787,#3211,#3212);
#2810=AXIS2_PLACEMENT_3D('',#3789,#3213,#3214);
#2811=AXIS2_PLACEMENT_3D('',#3790,#3215,#3216);
#2812=AXIS2_PLACEMENT_3D('',#3791,#3217,#3218);
#2813=AXIS2_PLACEMENT_3D('',#3793,#3219,#3220);
#2814=AXIS2_PLACEMENT_3D('',#3795,#3221,#3222);
#2815=AXIS2_PLACEMENT_3D('',#3796,#3223,#3224);
#2816=AXIS2_PLACEMENT_3D('',#3798,#3225,#3226);
#2817=AXIS2_PLACEMENT_3D('',#3800,#3227,#3228);
#2818=AXIS2_PLACEMENT_3D('',#3801,#3229,#3230);
#2819=AXIS2_PLACEMENT_3D('',#3803,#3231,#3232);
#2820=AXIS2_PLACEMENT_3D('',#3805,#3233,#3234);
#2821=AXIS2_PLACEMENT_3D('',#3806,#3235,#3236);
#2822=AXIS2_PLACEMENT_3D('',#3808,#3237,#3238);
#2823=AXIS2_PLACEMENT_3D('',#3809,#3239,#3240);
#2824=AXIS2_PLACEMENT_3D('',#3811,#3241,#3242);
#2825=AXIS2_PLACEMENT_3D('',#3812,#3243,#3244);
#2826=AXIS2_PLACEMENT_3D('',#3813,#3245,#3246);
#2827=AXIS2_PLACEMENT_3D('',#3815,#3247,#3248);
#2828=AXIS2_PLACEMENT_3D('',#3817,#3249,#3250);
#2829=AXIS2_PLACEMENT_3D('',#3818,#3251,#3252);
#2830=AXIS2_PLACEMENT_3D('',#3820,#3253,#3254);
#2831=AXIS2_PLACEMENT_3D('',#3821,#3255,#3256);
#2832=AXIS2_PLACEMENT_3D('',#3823,#3257,#3258);
#2833=AXIS2_PLACEMENT_3D('',#3824,#3259,#3260);
#2834=AXIS2_PLACEMENT_3D('',#3825,#3261,#3262);
#2835=AXIS2_PLACEMENT_3D('',#3827,#3263,#3264);
#2836=AXIS2_PLACEMENT_3D('',#3828,#3265,#3266);
#2837=AXIS2_PLACEMENT_3D('',#3830,#3267,#3268);
#2838=AXIS2_PLACEMENT_3D('',#3843,#3275,#3276);
#2839=AXIS2_PLACEMENT_3D('',#3844,#3277,#3278);
#2840=AXIS2_PLACEMENT_3D('',#3846,#3279,#3280);
#2841=AXIS2_PLACEMENT_3D('',#3847,#3281,#3282);
#2842=AXIS2_PLACEMENT_3D('',#3849,#3283,#3284);
#2843=AXIS2_PLACEMENT_3D('',#3862,#3291,#3292);
#2844=AXIS2_PLACEMENT_3D('',#3868,#3296,#3297);
#2845=AXIS2_PLACEMENT_3D('',#3872,#3300,#3301);
#2846=AXIS2_PLACEMENT_3D('',#3876,#3304,#3305);
#2847=AXIS2_PLACEMENT_3D('',#3880,#3308,#3309);
#2848=AXIS2_PLACEMENT_3D('',#3884,#3312,#3313);
#2849=AXIS2_PLACEMENT_3D('',#3886,#3315,#3316);
#2850=AXIS2_PLACEMENT_3D('',#3887,#3317,#3318);
#2851=AXIS2_PLACEMENT_3D('',#3893,#3322,#3323);
#2852=AXIS2_PLACEMENT_3D('',#3897,#3326,#3327);
#2853=AXIS2_PLACEMENT_3D('',#3901,#3330,#3331);
#2854=AXIS2_PLACEMENT_3D('',#3905,#3334,#3335);
#2855=AXIS2_PLACEMENT_3D('',#3909,#3338,#3339);
#2856=AXIS2_PLACEMENT_3D('',#3911,#3341,#3342);
#2857=AXIS2_PLACEMENT_3D('',#3912,#3343,#3344);
#2858=AXIS2_PLACEMENT_3D('',#3913,#3345,#3346);
#2859=AXIS2_PLACEMENT_3D('',#3915,#3347,#3348);
#2860=AXIS2_PLACEMENT_3D('',#3916,#3349,#3350);
#2861=AXIS2_PLACEMENT_3D('',#3918,#3351,#3352);
#2862=AXIS2_PLACEMENT_3D('',#3919,#3353,#3354);
#2863=AXIS2_PLACEMENT_3D('',#3921,#3355,#3356);
#2864=AXIS2_PLACEMENT_3D('',#3922,#3357,#3358);
#2865=AXIS2_PLACEMENT_3D('',#3924,#3359,#3360);
#2866=AXIS2_PLACEMENT_3D('',#3926,#3361,#3362);
#2867=AXIS2_PLACEMENT_3D('',#3927,#3363,#3364);
#2868=AXIS2_PLACEMENT_3D('',#3930,#3365,#3366);
#2869=AXIS2_PLACEMENT_3D('',#3931,#3367,#3368);
#2870=AXIS2_PLACEMENT_3D('',#3932,#3369,#3370);
#2871=AXIS2_PLACEMENT_3D('',#3935,#3371,#3372);
#2872=AXIS2_PLACEMENT_3D('',#3936,#3373,#3374);
#2873=AXIS2_PLACEMENT_3D('',#3937,#3375,#3376);
#2874=AXIS2_PLACEMENT_3D('',#3938,#3377,#3378);
#2875=AXIS2_PLACEMENT_3D('',#3940,#3379,#3380);
#2876=AXIS2_PLACEMENT_3D('',#3943,#3381,#3382);
#2877=AXIS2_PLACEMENT_3D('',#3945,#3383,#3384);
#2878=AXIS2_PLACEMENT_3D('',#3947,#3385,#3386);
#2879=AXIS2_PLACEMENT_3D('',#3949,#3387,#3388);
#2880=AXIS2_PLACEMENT_3D('',#3951,#3389,#3390);
#2881=AXIS2_PLACEMENT_3D('',#3952,#3391,#3392);
#2882=AXIS2_PLACEMENT_3D('',#3953,#3393,#3394);
#2883=AXIS2_PLACEMENT_3D('',#3955,#3395,#3396);
#2884=AXIS2_PLACEMENT_3D('',#3956,#3397,#3398);
#2885=AXIS2_PLACEMENT_3D('',#3961,#3400,#3401);
#2886=AXIS2_PLACEMENT_3D('',#3965,#3403,#3404);
#2887=AXIS2_PLACEMENT_3D('',#3966,#3405,#3406);
#2888=AXIS2_PLACEMENT_3D('',#3972,#3407,#3408);
#2889=AXIS2_PLACEMENT_3D('',#3978,#3409,#3410);
#2890=AXIS2_PLACEMENT_3D('',#3989,#3411,#3412);
#2891=AXIS2_PLACEMENT_3D('',#3990,#3413,#3414);
#2892=AXIS2_PLACEMENT_3D('',#3991,#3415,#3416);
#2893=AXIS2_PLACEMENT_3D('',#3993,#3417,#3418);
#2894=AXIS2_PLACEMENT_3D('',#3999,#3421,#3422);
#2895=AXIS2_PLACEMENT_3D('',#4003,#3425,#3426);
#2896=AXIS2_PLACEMENT_3D('',#4004,#3427,#3428);
#2897=AXIS2_PLACEMENT_3D('',#4006,#3429,#3430);
#2898=AXIS2_PLACEMENT_3D('',#4007,#3431,#3432);
#2899=AXIS2_PLACEMENT_3D('',#4009,#3433,#3434);
#2900=AXIS2_PLACEMENT_3D('',#4010,#3435,#3436);
#2901=AXIS2_PLACEMENT_3D('',#4012,#3438,#3439);
#2902=AXIS2_PLACEMENT_3D('',#4013,#3440,#3441);
#2903=AXIS2_PLACEMENT_3D('',#4015,#3443,#3444);
#2904=AXIS2_PLACEMENT_3D('',#4016,#3445,#3446);
#2905=AXIS2_PLACEMENT_3D('',#4017,#3447,#3448);
#2906=AXIS2_PLACEMENT_3D('',#4027,#3449,#3450);
#2907=AXIS2_PLACEMENT_3D('',#4037,#3451,#3452);
#2908=AXIS2_PLACEMENT_3D('',#4047,#3453,#3454);
#2909=AXIS2_PLACEMENT_3D('',#4057,#3455,#3456);
#2910=AXIS2_PLACEMENT_3D('',#4067,#3457,#3458);
#2911=AXIS2_PLACEMENT_3D('',#4077,#3459,#3460);
#2912=AXIS2_PLACEMENT_3D('',#4091,#3463,#3464);
#2913=AXIS2_PLACEMENT_3D('',#4103,#3466,#3467);
#2914=AXIS2_PLACEMENT_3D('',#4115,#3469,#3470);
#2915=AXIS2_PLACEMENT_3D('',#4127,#3472,#3473);
#2916=AXIS2_PLACEMENT_3D('',#4139,#3475,#3476);
#2917=AXIS2_PLACEMENT_3D('',#4149,#3477,#3478);
#2918=AXIS2_PLACEMENT_3D('',#4150,#3479,#3480);
#2919=AXIS2_PLACEMENT_3D('',#4151,#3481,#3482);
#2920=AXIS2_PLACEMENT_3D('',#4152,#3483,#3484);
#2921=AXIS2_PLACEMENT_3D('',#4153,#3485,#3486);
#2922=AXIS2_PLACEMENT_3D('',#4154,#3487,#3488);
#2923=AXIS2_PLACEMENT_3D('',#4155,#3489,#3490);
#2924=AXIS2_PLACEMENT_3D('',#4156,#3491,#3492);
#2925=AXIS2_PLACEMENT_3D('',#4157,#3493,#3494);
#2926=AXIS2_PLACEMENT_3D('',#4158,#3495,#3496);
#2927=AXIS2_PLACEMENT_3D('',#4159,#3497,#3498);
#2928=AXIS2_PLACEMENT_3D('',#4160,#3499,#3500);
#2929=AXIS2_PLACEMENT_3D('',#4161,#3501,#3502);
#2930=AXIS2_PLACEMENT_3D('',#4162,#3503,#3504);
#2931=AXIS2_PLACEMENT_3D('',#4164,#3505,#3506);
#2932=AXIS2_PLACEMENT_3D('',#4165,#3507,#3508);
#2933=AXIS2_PLACEMENT_3D('',#4167,#3509,#3510);
#2934=AXIS2_PLACEMENT_3D('',#4168,#3511,#3512);
#2935=AXIS2_PLACEMENT_3D('',#4170,#3513,#3514);
#2936=AXIS2_PLACEMENT_3D('',#4171,#3515,#3516);
#2937=DIRECTION('',(0.,0.,1.));
#2938=DIRECTION('',(1.,0.,0.));
#2939=DIRECTION('',(0.,-1.,0.));
#2940=DIRECTION('',(0.,0.,-1.));
#2941=DIRECTION('',(0.,0.,1.));
#2942=DIRECTION('',(-1.,0.,0.));
#2943=DIRECTION('',(0.,0.,1.));
#2944=DIRECTION('',(1.,0.,0.));
#2945=DIRECTION('',(0.,1.,0.));
#2946=DIRECTION('',(1.,0.,0.));
#2947=DIRECTION('',(0.,1.,0.));
#2948=DIRECTION('',(1.,0.,0.));
#2949=DIRECTION('',(0.,1.,0.));
#2950=DIRECTION('',(0.,0.,1.));
#2951=DIRECTION('',(0.,-1.,0.));
#2952=DIRECTION('',(0.,0.,-1.));
#2953=DIRECTION('',(0.,0.,1.));
#2954=DIRECTION('',(-1.,0.,0.));
#2955=DIRECTION('',(0.,0.,1.));
#2956=DIRECTION('',(1.,0.,0.));
#2957=DIRECTION('',(0.,1.,0.));
#2958=DIRECTION('',(1.,0.,0.));
#2959=DIRECTION('',(0.,1.,0.));
#2960=DIRECTION('',(1.,0.,0.));
#2961=DIRECTION('',(0.,1.,0.));
#2962=DIRECTION('',(0.,0.,1.));
#2963=DIRECTION('',(0.707106781186548,0.707106781186547,0.));
#2964=DIRECTION('',(-0.707106781186547,0.707106781186548,0.));
#2965=DIRECTION('',(-0.707106781186547,0.707106781186548,0.));
#2966=DIRECTION('',(0.,0.,1.));
#2967=DIRECTION('',(-0.707106781186547,0.707106781186548,0.));
#2968=DIRECTION('',(0.,0.,1.));
#2969=DIRECTION('',(0.,1.,0.));
#2970=DIRECTION('',(0.,0.,1.));
#2971=DIRECTION('',(0.,1.,0.));
#2972=DIRECTION('',(0.,0.,1.));
#2973=DIRECTION('',(-0.707106781186548,0.707106781186547,0.));
#2974=DIRECTION('',(-0.707106781186547,-0.707106781186548,0.));
#2975=DIRECTION('',(-0.707106781186547,-0.707106781186548,0.));
#2976=DIRECTION('',(0.,0.,1.));
#2977=DIRECTION('',(-0.707106781186547,-0.707106781186548,0.));
#2978=DIRECTION('',(0.,0.,1.));
#2979=DIRECTION('',(0.,1.,0.));
#2980=DIRECTION('',(0.,0.,1.));
#2981=DIRECTION('',(0.,1.,0.));
#2982=DIRECTION('',(0.,0.,1.));
#2983=DIRECTION('',(0.707106781186548,0.707106781186547,0.));
#2984=DIRECTION('',(-0.707106781186547,0.707106781186548,0.));
#2985=DIRECTION('',(0.707106781186547,-0.707106781186548,0.));
#2986=DIRECTION('',(0.,0.,1.));
#2987=DIRECTION('',(-0.707106781186547,0.707106781186548,0.));
#2988=DIRECTION('',(0.,0.,1.));
#2989=DIRECTION('',(0.,1.,0.));
#2990=DIRECTION('',(0.,0.,1.));
#2991=DIRECTION('',(0.,1.,0.));
#2992=DIRECTION('',(0.,0.,1.));
#2993=DIRECTION('',(-0.707106781186548,0.707106781186547,0.));
#2994=DIRECTION('',(-0.707106781186547,-0.707106781186548,0.));
#2995=DIRECTION('',(0.707106781186547,0.707106781186548,0.));
#2996=DIRECTION('',(0.,0.,1.));
#2997=DIRECTION('',(-0.707106781186547,-0.707106781186548,0.));
#2998=DIRECTION('',(0.,0.,1.));
#2999=DIRECTION('',(0.,1.,0.));
#3000=DIRECTION('',(0.,0.,1.));
#3001=DIRECTION('',(0.,1.,0.));
#3002=DIRECTION('',(0.,0.,1.));
#3003=DIRECTION('',(-1.,0.,0.));
#3004=DIRECTION('',(0.,0.,1.));
#3005=DIRECTION('',(0.,1.,0.));
#3006=DIRECTION('',(0.,-1.,0.));
#3007=DIRECTION('',(0.,1.,0.));
#3008=DIRECTION('',(0.,0.,1.));
#3009=DIRECTION('',(0.,-1.,0.));
#3010=DIRECTION('',(0.,-1.,0.));
#3011=DIRECTION('',(0.,0.,1.));
#3012=DIRECTION('',(0.,1.,0.));
#3013=DIRECTION('',(0.,0.,1.));
#3014=DIRECTION('',(0.,1.,0.));
#3015=DIRECTION('',(0.,1.,0.));
#3016=DIRECTION('',(0.,0.,1.));
#3017=DIRECTION('',(1.,0.,0.));
#3018=DIRECTION('',(0.,0.,-1.));
#3019=DIRECTION('',(1.,0.,0.));
#3020=DIRECTION('',(0.,0.,-1.));
#3021=DIRECTION('',(1.,0.,0.));
#3022=DIRECTION('',(0.,0.,-1.));
#3023=DIRECTION('',(0.,1.,0.));
#3024=DIRECTION('',(0.,0.,-1.));
#3025=DIRECTION('',(0.,1.,0.));
#3026=DIRECTION('',(0.,1.,0.));
#3027=DIRECTION('',(0.,0.,-1.));
#3028=DIRECTION('',(0.,1.,0.));
#3029=DIRECTION('',(0.,0.,1.));
#3030=DIRECTION('',(0.,1.,0.));
#3031=DIRECTION('',(0.,-1.,0.));
#3032=DIRECTION('',(0.,0.,1.));
#3033=DIRECTION('',(0.,1.,0.));
#3034=DIRECTION('',(0.,1.,0.));
#3035=DIRECTION('',(-0.707106781186548,0.707106781186547,0.));
#3036=DIRECTION('',(-0.707106781186547,-0.707106781186548,0.));
#3037=DIRECTION('',(0.707106781186547,0.707106781186548,0.));
#3038=DIRECTION('',(-0.707106781186547,-0.707106781186548,0.));
#3039=DIRECTION('',(0.,0.,1.));
#3040=DIRECTION('',(0.707106781186548,0.707106781186547,0.));
#3041=DIRECTION('',(-0.707106781186547,0.707106781186548,0.));
#3042=DIRECTION('',(0.707106781186547,-0.707106781186548,0.));
#3043=DIRECTION('',(0.,0.,1.));
#3044=DIRECTION('',(-0.707106781186547,0.707106781186548,0.));
#3045=DIRECTION('',(0.,1.,0.));
#3046=DIRECTION('',(0.,0.,1.));
#3047=DIRECTION('',(-1.,0.,0.));
#3048=DIRECTION('',(-1.,0.,0.));
#3049=DIRECTION('',(-1.,0.,0.));
#3050=DIRECTION('',(0.,1.,0.));
#3051=DIRECTION('',(1.,0.,0.));
#3052=DIRECTION('',(1.,0.,0.));
#3053=DIRECTION('',(-1.,0.,0.));
#3054=DIRECTION('',(0.,1.,0.));
#3055=DIRECTION('',(1.,0.,0.));
#3056=DIRECTION('',(1.,0.,0.));
#3057=DIRECTION('',(-1.,0.,0.));
#3058=DIRECTION('',(1.,0.,0.));
#3059=DIRECTION('',(0.,1.,0.));
#3060=DIRECTION('',(1.,0.,0.));
#3061=DIRECTION('',(-1.,0.,0.));
#3062=DIRECTION('',(1.,0.,0.));
#3063=DIRECTION('',(0.,1.,0.));
#3064=DIRECTION('',(1.,0.,0.));
#3065=DIRECTION('',(0.,0.,-1.));
#3066=DIRECTION('',(-1.,0.,0.));
#3067=DIRECTION('',(0.,0.,1.));
#3068=DIRECTION('',(1.,0.,0.));
#3069=DIRECTION('',(0.,0.,-1.));
#3070=DIRECTION('',(-1.,0.,0.));
#3071=DIRECTION('',(0.,0.,1.));
#3072=DIRECTION('',(1.,0.,0.));
#3073=DIRECTION('',(0.,-1.,0.));
#3074=DIRECTION('',(0.,0.,-1.));
#3075=DIRECTION('',(-1.,0.,0.));
#3076=DIRECTION('',(-1.,0.,0.));
#3077=DIRECTION('',(0.,0.,-1.));
#3078=DIRECTION('',(-1.,0.,0.));
#3079=DIRECTION('',(0.,0.,1.));
#3080=DIRECTION('',(1.,0.,0.));
#3081=DIRECTION('',(0.,1.,0.));
#3082=DIRECTION('',(0.,0.,1.));
#3083=DIRECTION('',(-1.,0.,0.));
#3084=DIRECTION('',(1.,0.,0.));
#3085=DIRECTION('',(0.,1.,0.));
#3086=DIRECTION('',(1.,0.,0.));
#3087=DIRECTION('',(0.,0.,-1.));
#3088=DIRECTION('',(-1.,0.,0.));
#3089=DIRECTION('',(0.,1.,0.));
#3090=DIRECTION('',(0.,0.,1.));
#3091=DIRECTION('',(1.,0.,0.));
#3092=DIRECTION('',(0.,1.,0.));
#3093=DIRECTION('',(0.,1.,0.));
#3094=DIRECTION('',(0.,0.,1.));
#3095=DIRECTION('',(0.,1.,0.));
#3096=DIRECTION('',(0.,0.,1.));
#3097=DIRECTION('',(-1.,0.,0.));
#3098=DIRECTION('',(0.,1.,0.));
#3099=DIRECTION('',(1.,0.,0.));
#3100=DIRECTION('',(1.,0.,0.));
#3101=DIRECTION('',(0.,0.,-1.));
#3102=DIRECTION('',(-1.,0.,0.));
#3103=DIRECTION('',(0.,1.,0.));
#3104=DIRECTION('',(0.,1.,0.));
#3105=DIRECTION('',(0.,0.,1.));
#3106=DIRECTION('',(0.,1.,0.));
#3107=DIRECTION('',(0.,0.,1.));
#3108=DIRECTION('',(1.,0.,0.));
#3109=DIRECTION('',(0.,1.,0.));
#3110=DIRECTION('',(0.,0.,1.));
#3111=DIRECTION('',(-1.,0.,0.));
#3112=DIRECTION('',(1.,0.,0.));
#3113=DIRECTION('',(0.,1.,0.));
#3114=DIRECTION('',(1.,0.,0.));
#3115=DIRECTION('',(0.,0.,-1.));
#3116=DIRECTION('',(-1.,0.,0.));
#3117=DIRECTION('',(0.,1.,0.));
#3118=DIRECTION('',(0.,0.,1.));
#3119=DIRECTION('',(1.,0.,0.));
#3120=DIRECTION('',(0.,1.,0.));
#3121=DIRECTION('',(0.,1.,0.));
#3122=DIRECTION('',(0.,0.,1.));
#3123=DIRECTION('',(0.,1.,0.));
#3124=DIRECTION('',(0.,0.,1.));
#3125=DIRECTION('',(-1.,0.,0.));
#3126=DIRECTION('',(0.,1.,0.));
#3127=DIRECTION('',(1.,0.,0.));
#3128=DIRECTION('',(1.,0.,0.));
#3129=DIRECTION('',(0.,0.,-1.));
#3130=DIRECTION('',(-1.,0.,0.));
#3131=DIRECTION('',(0.,1.,0.));
#3132=DIRECTION('',(0.,1.,0.));
#3133=DIRECTION('',(0.,0.,1.));
#3134=DIRECTION('',(0.,1.,0.));
#3135=DIRECTION('',(0.,0.,1.));
#3136=DIRECTION('',(1.,0.,0.));
#3137=DIRECTION('',(0.,1.,0.));
#3138=DIRECTION('',(0.,0.,1.));
#3139=DIRECTION('',(0.,1.,0.));
#3140=DIRECTION('',(0.,0.,1.));
#3141=DIRECTION('',(0.,1.,0.));
#3142=DIRECTION('',(0.,0.,1.));
#3143=DIRECTION('',(0.,1.,0.));
#3144=DIRECTION('',(0.,0.,1.));
#3145=DIRECTION('',(0.,1.,0.));
#3146=DIRECTION('',(0.,0.,1.));
#3147=DIRECTION('',(0.,1.,0.));
#3148=DIRECTION('',(0.,0.,1.));
#3149=DIRECTION('',(0.,-1.,0.));
#3150=DIRECTION('',(0.,0.,-1.));
#3151=DIRECTION('',(0.,1.,0.));
#3152=DIRECTION('',(0.,0.,1.));
#3153=DIRECTION('',(0.,1.,0.));
#3154=DIRECTION('',(0.,0.,1.));
#3155=DIRECTION('',(0.,1.,0.));
#3156=DIRECTION('',(0.,0.,1.));
#3157=DIRECTION('',(0.,-1.,0.));
#3158=DIRECTION('',(0.,0.,-1.));
#3159=DIRECTION('',(0.,1.,0.));
#3160=DIRECTION('',(0.,0.,1.));
#3161=DIRECTION('',(0.,1.,0.));
#3162=DIRECTION('',(0.,0.,1.));
#3163=DIRECTION('',(0.,1.,0.));
#3164=DIRECTION('',(0.,0.,1.));
#3165=DIRECTION('',(0.,1.,0.));
#3166=DIRECTION('',(0.,0.,1.));
#3167=DIRECTION('',(0.,1.,0.));
#3168=DIRECTION('',(0.,0.,1.));
#3169=DIRECTION('',(0.,1.,0.));
#3170=DIRECTION('',(0.,0.,1.));
#3171=DIRECTION('',(0.,-1.,0.));
#3172=DIRECTION('',(0.,0.,-1.));
#3173=DIRECTION('',(0.,1.,0.));
#3174=DIRECTION('',(0.,0.,1.));
#3175=DIRECTION('',(0.,1.,0.));
#3176=DIRECTION('',(0.,0.,1.));
#3177=DIRECTION('',(0.,1.,0.));
#3178=DIRECTION('',(0.,0.,1.));
#3179=DIRECTION('',(0.,-1.,0.));
#3180=DIRECTION('',(0.,0.,-1.));
#3181=DIRECTION('',(0.,0.,1.));
#3182=DIRECTION('',(1.,0.,0.));
#3183=DIRECTION('',(0.,0.,1.));
#3184=DIRECTION('',(1.,0.,0.));
#3185=DIRECTION('',(0.,0.,1.));
#3186=DIRECTION('',(1.,0.,0.));
#3187=DIRECTION('',(0.,0.,1.));
#3188=DIRECTION('',(1.,0.,0.));
#3189=DIRECTION('',(0.,0.,1.));
#3190=DIRECTION('',(1.,0.,0.));
#3191=DIRECTION('',(0.,0.,1.));
#3192=DIRECTION('',(1.,0.,0.));
#3193=DIRECTION('',(0.,0.,1.));
#3194=DIRECTION('',(1.,0.,0.));
#3195=DIRECTION('',(0.,0.,-1.));
#3196=DIRECTION('',(-1.,0.,0.));
#3197=DIRECTION('',(0.,0.,-1.));
#3198=DIRECTION('',(-1.,0.,0.));
#3199=DIRECTION('',(0.,0.,1.));
#3200=DIRECTION('',(1.,0.,0.));
#3201=DIRECTION('',(0.,0.,1.));
#3202=DIRECTION('',(1.,0.,0.));
#3203=DIRECTION('',(0.,0.,-1.));
#3204=DIRECTION('',(-1.,0.,0.));
#3205=DIRECTION('',(0.,0.,-1.));
#3206=DIRECTION('',(-1.,0.,0.));
#3207=DIRECTION('',(0.,0.,-1.));
#3208=DIRECTION('',(-1.,0.,0.));
#3209=DIRECTION('',(0.,0.,-1.));
#3210=DIRECTION('',(-1.,0.,0.));
#3211=DIRECTION('',(0.,0.,-1.));
#3212=DIRECTION('',(-1.,0.,0.));
#3213=DIRECTION('',(0.,0.,-1.));
#3214=DIRECTION('',(-1.,0.,0.));
#3215=DIRECTION('',(0.,0.,-1.));
#3216=DIRECTION('',(-1.,0.,0.));
#3217=DIRECTION('',(0.,0.,-1.));
#3218=DIRECTION('',(-1.,0.,0.));
#3219=DIRECTION('',(0.,0.,1.));
#3220=DIRECTION('',(1.,0.,0.));
#3221=DIRECTION('',(0.,0.,-1.));
#3222=DIRECTION('',(-1.,0.,0.));
#3223=DIRECTION('',(0.,0.,-1.));
#3224=DIRECTION('',(-1.,0.,0.));
#3225=DIRECTION('',(0.,0.,1.));
#3226=DIRECTION('',(1.,0.,0.));
#3227=DIRECTION('',(1.,0.,0.));
#3228=DIRECTION('',(0.,0.,-1.));
#3229=DIRECTION('',(1.,0.,0.));
#3230=DIRECTION('',(0.,0.,-1.));
#3231=DIRECTION('',(1.,0.,0.));
#3232=DIRECTION('',(0.,0.,-1.));
#3233=DIRECTION('',(-1.,0.,0.));
#3234=DIRECTION('',(0.,0.,1.));
#3235=DIRECTION('',(1.,0.,0.));
#3236=DIRECTION('',(0.,0.,-1.));
#3237=DIRECTION('',(1.,0.,0.));
#3238=DIRECTION('',(0.,0.,-1.));
#3239=DIRECTION('',(1.,0.,0.));
#3240=DIRECTION('',(0.,0.,-1.));
#3241=DIRECTION('',(1.,0.,0.));
#3242=DIRECTION('',(0.,0.,-1.));
#3243=DIRECTION('',(1.,0.,0.));
#3244=DIRECTION('',(0.,0.,-1.));
#3245=DIRECTION('',(1.,0.,0.));
#3246=DIRECTION('',(0.,0.,-1.));
#3247=DIRECTION('',(1.,0.,0.));
#3248=DIRECTION('',(0.,0.,-1.));
#3249=DIRECTION('',(-1.,0.,0.));
#3250=DIRECTION('',(0.,0.,1.));
#3251=DIRECTION('',(1.,0.,0.));
#3252=DIRECTION('',(0.,0.,-1.));
#3253=DIRECTION('',(1.,0.,0.));
#3254=DIRECTION('',(0.,0.,-1.));
#3255=DIRECTION('',(1.,0.,0.));
#3256=DIRECTION('',(0.,0.,-1.));
#3257=DIRECTION('',(1.,0.,0.));
#3258=DIRECTION('',(0.,0.,-1.));
#3259=DIRECTION('',(1.,0.,0.));
#3260=DIRECTION('',(0.,0.,-1.));
#3261=DIRECTION('',(1.,0.,0.));
#3262=DIRECTION('',(0.,0.,-1.));
#3263=DIRECTION('',(-1.,0.,0.));
#3264=DIRECTION('',(0.,0.,1.));
#3265=DIRECTION('',(1.,0.,0.));
#3266=DIRECTION('',(0.,0.,-1.));
#3267=DIRECTION('',(-1.,0.,0.));
#3268=DIRECTION('',(0.,0.,1.));
#3269=DIRECTION('',(0.,-0.5,-0.866025403784439));
#3270=DIRECTION('',(0.,-1.,0.));
#3271=DIRECTION('',(0.,-0.5,0.866025403784439));
#3272=DIRECTION('',(0.,0.5,0.866025403784439));
#3273=DIRECTION('',(0.,1.,0.));
#3274=DIRECTION('',(0.,0.5,-0.866025403784439));
#3275=DIRECTION('',(1.,0.,0.));
#3276=DIRECTION('',(0.,0.,-1.));
#3277=DIRECTION('',(1.,0.,0.));
#3278=DIRECTION('',(0.,0.,-1.));
#3279=DIRECTION('',(-1.,0.,0.));
#3280=DIRECTION('',(0.,0.,1.));
#3281=DIRECTION('',(1.,0.,0.));
#3282=DIRECTION('',(0.,0.,-1.));
#3283=DIRECTION('',(-1.,0.,0.));
#3284=DIRECTION('',(0.,0.,1.));
#3285=DIRECTION('',(0.,-0.500000000000008,-0.866025403784434));
#3286=DIRECTION('',(0.,-1.,0.));
#3287=DIRECTION('',(0.,-0.500000000000008,0.866025403784434));
#3288=DIRECTION('',(0.,0.500000000000008,0.866025403784434));
#3289=DIRECTION('',(0.,1.,0.));
#3290=DIRECTION('',(0.,0.500000000000008,-0.866025403784434));
#3291=DIRECTION('',(0.,0.,1.));
#3292=DIRECTION('',(1.,0.,0.));
#3293=DIRECTION('',(1.,0.,0.));
#3294=DIRECTION('',(0.,-1.,0.));
#3295=DIRECTION('',(1.,0.,0.));
#3296=DIRECTION('',(0.,-0.866025403784439,0.5));
#3297=DIRECTION('',(0.,-0.5,-0.866025403784439));
#3298=DIRECTION('',(1.,0.,0.));
#3299=DIRECTION('',(0.,-0.5,-0.866025403784439));
#3300=DIRECTION('',(0.,-0.866025403784439,-0.5));
#3301=DIRECTION('',(0.,0.5,-0.866025403784439));
#3302=DIRECTION('',(1.,0.,0.));
#3303=DIRECTION('',(0.,0.5,-0.866025403784439));
#3304=DIRECTION('',(0.,0.,-1.));
#3305=DIRECTION('',(-1.,0.,0.));
#3306=DIRECTION('',(1.,0.,0.));
#3307=DIRECTION('',(0.,1.,0.));
#3308=DIRECTION('',(0.,0.866025403784439,-0.5));
#3309=DIRECTION('',(0.,0.5,0.866025403784439));
#3310=DIRECTION('',(1.,0.,0.));
#3311=DIRECTION('',(0.,0.5,0.866025403784439));
#3312=DIRECTION('',(0.,0.866025403784439,0.5));
#3313=DIRECTION('',(0.,-0.5,0.866025403784439));
#3314=DIRECTION('',(0.,-0.5,0.866025403784439));
#3315=DIRECTION('',(1.,0.,0.));
#3316=DIRECTION('',(0.,0.,-1.));
#3317=DIRECTION('',(0.,0.,1.));
#3318=DIRECTION('',(1.,0.,0.));
#3319=DIRECTION('',(1.,0.,0.));
#3320=DIRECTION('',(0.,-1.,0.));
#3321=DIRECTION('',(1.,0.,0.));
#3322=DIRECTION('',(0.,-0.866025403784434,0.500000000000008));
#3323=DIRECTION('',(0.,-0.500000000000008,-0.866025403784434));
#3324=DIRECTION('',(1.,0.,0.));
#3325=DIRECTION('',(0.,-0.500000000000008,-0.866025403784434));
#3326=DIRECTION('',(0.,-0.866025403784434,-0.500000000000008));
#3327=DIRECTION('',(0.,0.500000000000008,-0.866025403784434));
#3328=DIRECTION('',(1.,0.,0.));
#3329=DIRECTION('',(0.,0.500000000000008,-0.866025403784434));
#3330=DIRECTION('',(0.,0.,-1.));
#3331=DIRECTION('',(-1.,0.,0.));
#3332=DIRECTION('',(1.,0.,0.));
#3333=DIRECTION('',(0.,1.,0.));
#3334=DIRECTION('',(0.,0.866025403784434,-0.500000000000008));
#3335=DIRECTION('',(0.,0.500000000000008,0.866025403784434));
#3336=DIRECTION('',(1.,0.,0.));
#3337=DIRECTION('',(0.,0.500000000000008,0.866025403784434));
#3338=DIRECTION('',(0.,0.866025403784434,0.500000000000008));
#3339=DIRECTION('',(0.,-0.500000000000008,0.866025403784434));
#3340=DIRECTION('',(0.,-0.500000000000008,0.866025403784434));
#3341=DIRECTION('',(1.,0.,0.));
#3342=DIRECTION('',(0.,0.,-1.));
#3343=DIRECTION('',(0.,0.,-1.));
#3344=DIRECTION('',(-1.,0.,0.));
#3345=DIRECTION('',(0.,0.,1.));
#3346=DIRECTION('',(1.,0.,0.));
#3347=DIRECTION('',(0.,0.,1.));
#3348=DIRECTION('',(1.,0.,0.));
#3349=DIRECTION('',(0.,0.,1.));
#3350=DIRECTION('',(1.,0.,0.));
#3351=DIRECTION('',(0.,0.,-1.));
#3352=DIRECTION('',(-1.,0.,0.));
#3353=DIRECTION('',(0.,0.,1.));
#3354=DIRECTION('',(1.,0.,0.));
#3355=DIRECTION('',(0.,0.,1.));
#3356=DIRECTION('',(1.,0.,0.));
#3357=DIRECTION('',(0.,0.,-1.));
#3358=DIRECTION('',(-1.,0.,0.));
#3359=DIRECTION('',(0.,0.,-1.));
#3360=DIRECTION('',(-1.,0.,0.));
#3361=DIRECTION('',(0.,0.,-1.));
#3362=DIRECTION('',(-1.,0.,0.));
#3363=DIRECTION('',(0.,0.,-1.));
#3364=DIRECTION('',(-1.,0.,0.));
#3365=DIRECTION('',(0.,0.,-1.));
#3366=DIRECTION('',(-1.,0.,0.));
#3367=DIRECTION('',(0.,0.,-1.));
#3368=DIRECTION('',(-1.,0.,0.));
#3369=DIRECTION('',(0.,0.,-1.));
#3370=DIRECTION('',(-1.,0.,0.));
#3371=DIRECTION('',(0.,0.,-1.));
#3372=DIRECTION('',(-1.,0.,0.));
#3373=DIRECTION('',(0.,0.,1.));
#3374=DIRECTION('',(1.,0.,0.));
#3375=DIRECTION('',(0.,0.,1.));
#3376=DIRECTION('',(1.,0.,0.));
#3377=DIRECTION('',(0.,0.,1.));
#3378=DIRECTION('',(1.,0.,0.));
#3379=DIRECTION('',(0.,0.,1.));
#3380=DIRECTION('',(1.,0.,0.));
#3381=DIRECTION('',(0.,0.,1.));
#3382=DIRECTION('',(1.,0.,0.));
#3383=DIRECTION('',(0.,0.,1.));
#3384=DIRECTION('',(1.,0.,0.));
#3385=DIRECTION('',(0.,0.,1.));
#3386=DIRECTION('',(1.,0.,0.));
#3387=DIRECTION('',(0.,0.,1.));
#3388=DIRECTION('',(1.,0.,0.));
#3389=DIRECTION('',(0.,0.,1.));
#3390=DIRECTION('',(1.,0.,0.));
#3391=DIRECTION('',(0.,2.8421709430404E-16,-1.));
#3392=DIRECTION('',(0.,1.,2.8421709430404E-16));
#3393=DIRECTION('',(0.,2.8421709430404E-16,-1.));
#3394=DIRECTION('',(0.,1.,2.8421709430404E-16));
#3395=DIRECTION('',(0.,0.,-1.));
#3396=DIRECTION('',(-1.,0.,0.));
#3397=DIRECTION('',(0.,2.8421709430404E-16,-1.));
#3398=DIRECTION('',(0.,1.,2.8421709430404E-16));
#3399=DIRECTION('',(0.,-1.,0.));
#3400=DIRECTION('',(0.,0.,-1.));
#3401=DIRECTION('',(-1.,0.,0.));
#3402=DIRECTION('',(0.,-1.,0.));
#3403=DIRECTION('',(0.,0.,-1.));
#3404=DIRECTION('',(-1.,0.,0.));
#3405=DIRECTION('',(0.,0.,-1.));
#3406=DIRECTION('',(-1.,0.,0.));
#3407=DIRECTION('',(0.,0.,-1.));
#3408=DIRECTION('',(-1.,0.,0.));
#3409=DIRECTION('',(0.,0.,-1.));
#3410=DIRECTION('',(-1.,0.,0.));
#3411=DIRECTION('',(0.,0.,-1.));
#3412=DIRECTION('',(-1.,0.,0.));
#3413=DIRECTION('',(0.,0.,-1.));
#3414=DIRECTION('',(-1.,0.,0.));
#3415=DIRECTION('',(0.,0.,-1.));
#3416=DIRECTION('',(-1.,0.,0.));
#3417=DIRECTION('',(0.309016994374947,0.,0.951056516295154));
#3418=DIRECTION('',(0.951056516295154,0.,-0.309016994374947));
#3419=DIRECTION('',(0.,0.,-1.));
#3420=DIRECTION('',(0.,0.,-1.));
#3421=DIRECTION('',(-0.309016994374947,0.,0.951056516295154));
#3422=DIRECTION('',(-0.951056516295154,0.,-0.309016994374947));
#3423=DIRECTION('',(0.,0.,-1.));
#3424=DIRECTION('',(0.,0.,-1.));
#3425=DIRECTION('',(0.,0.,-1.));
#3426=DIRECTION('',(-1.,0.,0.));
#3427=DIRECTION('',(0.,0.,-1.));
#3428=DIRECTION('',(-1.,0.,0.));
#3429=DIRECTION('',(0.,0.,-1.));
#3430=DIRECTION('',(-1.,0.,0.));
#3431=DIRECTION('',(0.,0.,-1.));
#3432=DIRECTION('',(-1.,0.,0.));
#3433=DIRECTION('',(0.,0.,1.));
#3434=DIRECTION('',(1.,0.,0.));
#3435=DIRECTION('',(-1.,0.,0.));
#3436=DIRECTION('',(0.,0.,1.));
#3437=DIRECTION('',(0.,-1.,0.));
#3438=DIRECTION('',(-0.309016994374947,0.,0.951056516295154));
#3439=DIRECTION('',(0.951056516295154,0.,0.309016994374947));
#3440=DIRECTION('',(0.309016994374947,0.,0.951056516295154));
#3441=DIRECTION('',(0.951056516295154,0.,-0.309016994374947));
#3442=DIRECTION('',(0.,-1.,0.));
#3443=DIRECTION('',(1.,0.,0.));
#3444=DIRECTION('',(0.,0.,-1.));
#3445=DIRECTION('',(0.,-2.8421709430404E-16,1.));
#3446=DIRECTION('',(0.,-1.,-2.8421709430404E-16));
#3447=DIRECTION('',(0.,0.,1.));
#3448=DIRECTION('',(1.,0.,0.));
#3449=DIRECTION('',(0.,0.,1.));
#3450=DIRECTION('',(1.,0.,0.));
#3451=DIRECTION('',(0.,0.,1.));
#3452=DIRECTION('',(1.,0.,0.));
#3453=DIRECTION('',(0.,0.,1.));
#3454=DIRECTION('',(1.,0.,0.));
#3455=DIRECTION('',(0.,0.,1.));
#3456=DIRECTION('',(1.,0.,0.));
#3457=DIRECTION('',(0.,0.,1.));
#3458=DIRECTION('',(1.,0.,0.));
#3459=DIRECTION('',(0.5,-0.866025403784439,0.));
#3460=DIRECTION('',(0.866025403784439,0.5,0.));
#3461=DIRECTION('',(0.,0.,-1.));
#3462=DIRECTION('',(0.,0.,-1.));
#3463=DIRECTION('',(-0.5,-0.866025403784439,0.));
#3464=DIRECTION('',(0.866025403784439,-0.5,0.));
#3465=DIRECTION('',(0.,0.,-1.));
#3466=DIRECTION('',(-1.,0.,0.));
#3467=DIRECTION('',(0.,0.,1.));
#3468=DIRECTION('',(0.,0.,-1.));
#3469=DIRECTION('',(-0.5,0.866025403784439,0.));
#3470=DIRECTION('',(-0.866025403784439,-0.5,0.));
#3471=DIRECTION('',(0.,0.,-1.));
#3472=DIRECTION('',(0.5,0.866025403784439,0.));
#3473=DIRECTION('',(-0.866025403784439,0.5,0.));
#3474=DIRECTION('',(0.,0.,-1.));
#3475=DIRECTION('',(1.,0.,0.));
#3476=DIRECTION('',(0.,0.,-1.));
#3477=DIRECTION('',(0.,0.,-1.));
#3478=DIRECTION('',(-1.,0.,0.));
#3479=DIRECTION('',(0.,0.,1.));
#3480=DIRECTION('',(1.,0.,0.));
#3481=DIRECTION('',(0.,0.,-1.));
#3482=DIRECTION('',(-1.,0.,0.));
#3483=DIRECTION('',(0.,0.,1.));
#3484=DIRECTION('',(1.,0.,0.));
#3485=DIRECTION('',(0.,0.,-1.));
#3486=DIRECTION('',(-1.,0.,0.));
#3487=DIRECTION('',(0.,0.,1.));
#3488=DIRECTION('',(1.,0.,0.));
#3489=DIRECTION('',(0.,0.,-1.));
#3490=DIRECTION('',(-1.,0.,0.));
#3491=DIRECTION('',(0.,0.,1.));
#3492=DIRECTION('',(1.,0.,0.));
#3493=DIRECTION('',(0.,0.,-1.));
#3494=DIRECTION('',(-1.,0.,0.));
#3495=DIRECTION('',(0.,0.,1.));
#3496=DIRECTION('',(1.,0.,0.));
#3497=DIRECTION('',(0.,0.,-1.));
#3498=DIRECTION('',(-1.,0.,0.));
#3499=DIRECTION('',(0.,0.,1.));
#3500=DIRECTION('',(1.,0.,0.));
#3501=DIRECTION('',(0.,2.8421709430404E-16,-1.));
#3502=DIRECTION('',(0.,1.,2.8421709430404E-16));
#3503=DIRECTION('',(0.,2.8421709430404E-16,-1.));
#3504=DIRECTION('',(0.,1.,2.8421709430404E-16));
#3505=DIRECTION('',(0.,2.8421709430404E-16,-1.));
#3506=DIRECTION('',(0.,1.,2.8421709430404E-16));
#3507=DIRECTION('',(0.,2.8421709430404E-16,-1.));
#3508=DIRECTION('',(0.,1.,2.8421709430404E-16));
#3509=DIRECTION('',(0.,2.8421709430404E-16,-1.));
#3510=DIRECTION('',(0.,1.,2.8421709430404E-16));
#3511=DIRECTION('',(0.,0.,1.));
#3512=DIRECTION('',(1.,0.,0.));
#3513=DIRECTION('',(0.,0.,1.));
#3514=DIRECTION('',(1.,0.,0.));
#3515=DIRECTION('',(0.,0.,1.));
#3516=DIRECTION('',(1.,0.,0.));
#3517=CARTESIAN_POINT('',(0.,0.,0.));
#3518=CARTESIAN_POINT('',(-45.,-45.,-265.));
#3519=CARTESIAN_POINT('',(45.,-45.,-265.));
#3520=CARTESIAN_POINT('',(45.,-45.,-265.));
#3521=CARTESIAN_POINT('',(45.,-45.,-54.));
#3522=CARTESIAN_POINT('',(45.,-45.,-54.));
#3523=CARTESIAN_POINT('',(-45.,-45.,-54.));
#3524=CARTESIAN_POINT('',(-45.,-45.,-265.));
#3525=CARTESIAN_POINT('',(-45.,-45.,-265.));
#3526=CARTESIAN_POINT('',(-45.,-45.,-265.));
#3527=CARTESIAN_POINT('',(-36.,-45.,-67.));
#3528=CARTESIAN_POINT('',(-30.5,-45.,-67.));
#3529=CARTESIAN_POINT('',(36.,-45.,-67.));
#3530=CARTESIAN_POINT('',(41.5,-45.,-67.));
#3531=CARTESIAN_POINT('',(0.,-45.,-67.));
#3532=CARTESIAN_POINT('',(0.,-45.,-56.7500000000001));
#3533=CARTESIAN_POINT('',(-45.,-45.,-265.));
#3534=CARTESIAN_POINT('',(-45.,-45.,-265.));
#3535=CARTESIAN_POINT('',(-45.,-45.,-46.));
#3536=CARTESIAN_POINT('',(-45.,-45.,0.));
#3537=CARTESIAN_POINT('',(45.,-45.,-46.));
#3538=CARTESIAN_POINT('',(45.,-45.,-46.));
#3539=CARTESIAN_POINT('',(45.,-45.,-265.));
#3540=CARTESIAN_POINT('',(45.,-45.,0.));
#3541=CARTESIAN_POINT('',(-45.,-45.,0.));
#3542=CARTESIAN_POINT('',(-36.,-45.,-33.));
#3543=CARTESIAN_POINT('',(-30.5,-45.,-33.));
#3544=CARTESIAN_POINT('',(36.,-45.,-33.));
#3545=CARTESIAN_POINT('',(41.5,-45.,-33.));
#3546=CARTESIAN_POINT('',(0.,-45.,-33.));
#3547=CARTESIAN_POINT('',(0.,-45.,-22.75));
#3548=CARTESIAN_POINT('',(45.,28.,-265.));
#3549=CARTESIAN_POINT('',(45.,28.,-75.75));
#3550=CARTESIAN_POINT('',(45.,28.,-75.75));
#3551=CARTESIAN_POINT('',(42.,31.,-75.75));
#3552=CARTESIAN_POINT('',(45.,28.,-265.));
#3553=CARTESIAN_POINT('',(45.,28.,-265.));
#3554=CARTESIAN_POINT('',(45.,28.,-265.));
#3555=CARTESIAN_POINT('',(42.,31.,-265.));
#3556=CARTESIAN_POINT('',(42.,31.,-265.));
#3557=CARTESIAN_POINT('',(36.,-45.,-67.));
#3558=CARTESIAN_POINT('',(36.,20.2,-67.));
#3559=CARTESIAN_POINT('',(36.,20.2,-61.5));
#3560=CARTESIAN_POINT('',(-42.,31.,-265.));
#3561=CARTESIAN_POINT('',(-42.,31.,-75.75));
#3562=CARTESIAN_POINT('',(-42.,31.,-75.75));
#3563=CARTESIAN_POINT('',(-45.,28.,-75.75));
#3564=CARTESIAN_POINT('',(-42.,31.,-265.));
#3565=CARTESIAN_POINT('',(-42.,31.,-265.));
#3566=CARTESIAN_POINT('',(-42.,31.,-265.));
#3567=CARTESIAN_POINT('',(-45.,28.,-265.));
#3568=CARTESIAN_POINT('',(-45.,28.,-265.));
#3569=CARTESIAN_POINT('',(-36.,-45.,-67.));
#3570=CARTESIAN_POINT('',(-36.,20.2,-67.));
#3571=CARTESIAN_POINT('',(-36.,20.2,-61.5));
#3572=CARTESIAN_POINT('',(45.,28.,-265.));
#3573=CARTESIAN_POINT('',(45.,28.,-58.25));
#3574=CARTESIAN_POINT('',(42.,31.,-58.25));
#3575=CARTESIAN_POINT('',(45.,28.,-58.25));
#3576=CARTESIAN_POINT('',(42.,31.,-265.));
#3577=CARTESIAN_POINT('',(42.,31.,-41.75));
#3578=CARTESIAN_POINT('',(45.,28.,-41.75));
#3579=CARTESIAN_POINT('',(45.,28.,-41.75));
#3580=CARTESIAN_POINT('',(45.,28.,-265.));
#3581=CARTESIAN_POINT('',(36.,-45.,-33.));
#3582=CARTESIAN_POINT('',(36.,20.2,-33.));
#3583=CARTESIAN_POINT('',(36.,20.2,-27.5));
#3584=CARTESIAN_POINT('',(-42.,31.,-265.));
#3585=CARTESIAN_POINT('',(-42.,31.,-58.25));
#3586=CARTESIAN_POINT('',(-45.,28.,-58.25));
#3587=CARTESIAN_POINT('',(-42.,31.,-58.25));
#3588=CARTESIAN_POINT('',(-45.,28.,-265.));
#3589=CARTESIAN_POINT('',(-45.,28.,-41.75));
#3590=CARTESIAN_POINT('',(-42.,31.,-41.75));
#3591=CARTESIAN_POINT('',(-42.,31.,-41.75));
#3592=CARTESIAN_POINT('',(-42.,31.,-265.));
#3593=CARTESIAN_POINT('',(-36.,-45.,-33.));
#3594=CARTESIAN_POINT('',(-36.,20.2,-33.));
#3595=CARTESIAN_POINT('',(-36.,20.2,-27.5));
#3596=CARTESIAN_POINT('',(-45.,28.,-265.));
#3597=CARTESIAN_POINT('',(-45.,20.2,-75.75));
#3598=CARTESIAN_POINT('',(-45.,20.2,-75.75));
#3599=CARTESIAN_POINT('',(-45.,28.,-265.));
#3600=CARTESIAN_POINT('',(-45.,-45.,-54.));
#3601=CARTESIAN_POINT('',(-45.,-40.,-54.));
#3602=CARTESIAN_POINT('',(-45.,-40.,-54.));
#3603=CARTESIAN_POINT('',(-45.,-40.,-46.));
#3604=CARTESIAN_POINT('',(-45.,-40.,-46.));
#3605=CARTESIAN_POINT('',(-45.,28.,0.));
#3606=CARTESIAN_POINT('',(-45.,28.,0.));
#3607=CARTESIAN_POINT('',(-45.,28.,-265.));
#3608=CARTESIAN_POINT('',(-45.,28.,-24.25));
#3609=CARTESIAN_POINT('',(-45.,20.2,-24.25));
#3610=CARTESIAN_POINT('',(-45.,20.2,-24.25));
#3611=CARTESIAN_POINT('',(-45.,20.2,-41.75));
#3612=CARTESIAN_POINT('',(-45.,20.2,-41.75));
#3613=CARTESIAN_POINT('',(-45.,20.2,-41.75));
#3614=CARTESIAN_POINT('',(-45.,20.2,-58.25));
#3615=CARTESIAN_POINT('',(-45.,20.2,-58.25));
#3616=CARTESIAN_POINT('',(-45.,20.2,-75.75));
#3617=CARTESIAN_POINT('',(45.,-45.,-265.));
#3618=CARTESIAN_POINT('',(45.,0.,-258.));
#3619=CARTESIAN_POINT('',(45.,0.,-261.));
#3620=CARTESIAN_POINT('',(45.,0.,-7.));
#3621=CARTESIAN_POINT('',(45.,0.,-10.));
#3622=CARTESIAN_POINT('',(45.,20.2,-75.75));
#3623=CARTESIAN_POINT('',(45.,20.2,-75.75));
#3624=CARTESIAN_POINT('',(45.,20.2,-58.25));
#3625=CARTESIAN_POINT('',(45.,20.2,-58.25));
#3626=CARTESIAN_POINT('',(45.,20.2,-58.25));
#3627=CARTESIAN_POINT('',(45.,20.2,-41.75));
#3628=CARTESIAN_POINT('',(45.,20.2,-41.75));
#3629=CARTESIAN_POINT('',(45.,20.2,-24.25));
#3630=CARTESIAN_POINT('',(45.,20.2,-24.25));
#3631=CARTESIAN_POINT('',(45.,20.2,-24.25));
#3632=CARTESIAN_POINT('',(45.,28.,-24.25));
#3633=CARTESIAN_POINT('',(45.,28.,-265.));
#3634=CARTESIAN_POINT('',(45.,28.,0.));
#3635=CARTESIAN_POINT('',(45.,-45.,0.));
#3636=CARTESIAN_POINT('',(45.,-40.,-46.));
#3637=CARTESIAN_POINT('',(45.,-40.,-46.));
#3638=CARTESIAN_POINT('',(45.,-40.,-54.));
#3639=CARTESIAN_POINT('',(45.,-40.,-54.));
#3640=CARTESIAN_POINT('',(45.,-45.,-54.));
#3641=CARTESIAN_POINT('',(45.,-45.,-265.));
#3642=CARTESIAN_POINT('',(-42.,31.,-265.));
#3643=CARTESIAN_POINT('',(-42.,31.,-24.25));
#3644=CARTESIAN_POINT('',(-42.,31.,-24.25));
#3645=CARTESIAN_POINT('',(-42.,31.,0.));
#3646=CARTESIAN_POINT('',(-42.,31.,0.));
#3647=CARTESIAN_POINT('',(-42.,31.,-265.));
#3648=CARTESIAN_POINT('',(45.,28.,-265.));
#3649=CARTESIAN_POINT('',(45.,28.,-24.25));
#3650=CARTESIAN_POINT('',(42.,31.,-24.25));
#3651=CARTESIAN_POINT('',(42.,31.,-265.));
#3652=CARTESIAN_POINT('',(42.,31.,0.));
#3653=CARTESIAN_POINT('',(45.,28.,0.));
#3654=CARTESIAN_POINT('',(42.,31.,-265.));
#3655=CARTESIAN_POINT('',(45.,31.,-75.75));
#3656=CARTESIAN_POINT('',(36.,31.,-75.75));
#3657=CARTESIAN_POINT('',(42.,31.,-265.));
#3658=CARTESIAN_POINT('',(-36.,31.,-75.75));
#3659=CARTESIAN_POINT('',(-36.,31.,-75.75));
#3660=CARTESIAN_POINT('',(-36.,31.,-67.));
#3661=CARTESIAN_POINT('',(-36.,31.,-58.25));
#3662=CARTESIAN_POINT('',(-45.,31.,-58.25));
#3663=CARTESIAN_POINT('',(-36.,31.,-41.75));
#3664=CARTESIAN_POINT('',(-36.,31.,-41.75));
#3665=CARTESIAN_POINT('',(-36.,31.,-33.));
#3666=CARTESIAN_POINT('',(-36.,31.,-24.25));
#3667=CARTESIAN_POINT('',(-45.,31.,-24.25));
#3668=CARTESIAN_POINT('',(42.,31.,0.));
#3669=CARTESIAN_POINT('',(36.,31.,-24.25));
#3670=CARTESIAN_POINT('',(36.,31.,-24.25));
#3671=CARTESIAN_POINT('',(36.,31.,-33.));
#3672=CARTESIAN_POINT('',(36.,31.,-41.75));
#3673=CARTESIAN_POINT('',(45.,31.,-41.75));
#3674=CARTESIAN_POINT('',(36.,31.,-58.25));
#3675=CARTESIAN_POINT('',(36.,31.,-58.25));
#3676=CARTESIAN_POINT('',(36.,31.,-67.));
#3677=CARTESIAN_POINT('',(0.,0.,-265.));
#3678=CARTESIAN_POINT('',(0.,0.,-265.));
#3679=CARTESIAN_POINT('',(26.,0.,-265.));
#3680=CARTESIAN_POINT('',(0.,0.,0.));
#3681=CARTESIAN_POINT('',(0.,0.,0.));
#3682=CARTESIAN_POINT('',(26.,0.,0.));
#3683=CARTESIAN_POINT('',(45.,-40.,-54.));
#3684=CARTESIAN_POINT('',(45.,-40.,-54.));
#3685=CARTESIAN_POINT('',(45.,-40.,-46.));
#3686=CARTESIAN_POINT('',(45.,-40.,-46.));
#3687=CARTESIAN_POINT('',(45.,-45.,-54.));
#3688=CARTESIAN_POINT('',(-36.,20.2,-33.));
#3689=CARTESIAN_POINT('',(-36.,20.2,-41.75));
#3690=CARTESIAN_POINT('',(-36.,20.2,-41.75));
#3691=CARTESIAN_POINT('',(-45.,20.2,-24.25));
#3692=CARTESIAN_POINT('',(-36.,20.2,-24.25));
#3693=CARTESIAN_POINT('',(-36.,20.2,-33.));
#3694=CARTESIAN_POINT('',(-36.,20.2,-41.75));
#3695=CARTESIAN_POINT('',(-36.,20.2,-41.75));
#3696=CARTESIAN_POINT('',(-45.,20.2,-24.25));
#3697=CARTESIAN_POINT('',(-36.,20.2,-24.25));
#3698=CARTESIAN_POINT('',(-36.,20.2,-33.));
#3699=CARTESIAN_POINT('',(36.,20.2,-33.));
#3700=CARTESIAN_POINT('',(45.,20.2,-41.75));
#3701=CARTESIAN_POINT('',(36.,20.2,-41.75));
#3702=CARTESIAN_POINT('',(36.,20.2,-33.));
#3703=CARTESIAN_POINT('',(36.,20.2,-24.25));
#3704=CARTESIAN_POINT('',(36.,20.2,-24.25));
#3705=CARTESIAN_POINT('',(45.,20.2,-41.75));
#3706=CARTESIAN_POINT('',(36.,20.2,-41.75));
#3707=CARTESIAN_POINT('',(36.,20.2,-33.));
#3708=CARTESIAN_POINT('',(36.,20.2,-24.25));
#3709=CARTESIAN_POINT('',(36.,20.2,-24.25));
#3710=CARTESIAN_POINT('',(-36.,20.2,-67.));
#3711=CARTESIAN_POINT('',(-36.,20.2,-75.75));
#3712=CARTESIAN_POINT('',(-36.,20.2,-75.75));
#3713=CARTESIAN_POINT('',(-45.,20.2,-58.25));
#3714=CARTESIAN_POINT('',(-36.,20.2,-58.25));
#3715=CARTESIAN_POINT('',(-36.,20.2,-67.));
#3716=CARTESIAN_POINT('',(-36.,20.2,-75.75));
#3717=CARTESIAN_POINT('',(-36.,20.2,-75.75));
#3718=CARTESIAN_POINT('',(-45.,20.2,-58.25));
#3719=CARTESIAN_POINT('',(-36.,20.2,-58.25));
#3720=CARTESIAN_POINT('',(-36.,20.2,-67.));
#3721=CARTESIAN_POINT('',(36.,20.2,-67.));
#3722=CARTESIAN_POINT('',(45.,20.2,-75.75));
#3723=CARTESIAN_POINT('',(36.,20.2,-75.75));
#3724=CARTESIAN_POINT('',(36.,20.2,-67.));
#3725=CARTESIAN_POINT('',(36.,20.2,-58.25));
#3726=CARTESIAN_POINT('',(36.,20.2,-58.25));
#3727=CARTESIAN_POINT('',(45.,20.2,-75.75));
#3728=CARTESIAN_POINT('',(36.,20.2,-75.75));
#3729=CARTESIAN_POINT('',(36.,20.2,-67.));
#3730=CARTESIAN_POINT('',(36.,20.2,-58.25));
#3731=CARTESIAN_POINT('',(36.,20.2,-58.25));
#3732=CARTESIAN_POINT('',(0.,-42.9,-25.25));
#3733=CARTESIAN_POINT('',(0.,-42.9,-33.));
#3734=CARTESIAN_POINT('',(0.,-42.9,-22.75));
#3735=CARTESIAN_POINT('',(0.,-42.9,-33.));
#3736=CARTESIAN_POINT('',(0.,-42.9,-25.25));
#3737=CARTESIAN_POINT('',(0.,-35.,-33.));
#3738=CARTESIAN_POINT('',(0.,-35.,-33.));
#3739=CARTESIAN_POINT('',(0.,-45.,-33.));
#3740=CARTESIAN_POINT('',(0.,-45.,-25.25));
#3741=CARTESIAN_POINT('',(0.,-35.,-28.));
#3742=CARTESIAN_POINT('',(0.,-35.,-33.));
#3743=CARTESIAN_POINT('',(0.,-35.,-28.));
#3744=CARTESIAN_POINT('',(0.,-35.,-33.));
#3745=CARTESIAN_POINT('',(0.,-45.,-33.));
#3746=CARTESIAN_POINT('',(0.,-45.,-28.));
#3747=CARTESIAN_POINT('',(-45.,-45.,-265.));
#3748=CARTESIAN_POINT('',(0.,-42.9,-59.25));
#3749=CARTESIAN_POINT('',(0.,-42.9,-67.));
#3750=CARTESIAN_POINT('',(0.,-42.9,-56.75));
#3751=CARTESIAN_POINT('',(0.,-42.9,-67.));
#3752=CARTESIAN_POINT('',(0.,-42.9,-59.25));
#3753=CARTESIAN_POINT('',(0.,-35.,-67.));
#3754=CARTESIAN_POINT('',(0.,-35.,-67.));
#3755=CARTESIAN_POINT('',(0.,-45.,-67.));
#3756=CARTESIAN_POINT('',(0.,-45.,-59.25));
#3757=CARTESIAN_POINT('',(0.,-35.,-62.));
#3758=CARTESIAN_POINT('',(0.,-35.,-67.));
#3759=CARTESIAN_POINT('',(0.,-35.,-62.));
#3760=CARTESIAN_POINT('',(0.,-35.,-67.));
#3761=CARTESIAN_POINT('',(0.,-45.,-67.));
#3762=CARTESIAN_POINT('',(0.,-45.,-62.));
#3763=CARTESIAN_POINT('',(-45.,-45.,-265.));
#3764=CARTESIAN_POINT('',(0.,0.,-1.));
#3765=CARTESIAN_POINT('',(0.,0.,-1.));
#3766=CARTESIAN_POINT('',(26.,0.,-1.));
#3767=CARTESIAN_POINT('',(0.,0.,-1.));
#3768=CARTESIAN_POINT('',(0.,0.,-1.));
#3769=CARTESIAN_POINT('',(25.3,0.,-1.));
#3770=CARTESIAN_POINT('',(0.,0.,-1.));
#3771=CARTESIAN_POINT('',(0.,0.,0.));
#3772=CARTESIAN_POINT('',(25.3,0.,0.));
#3773=CARTESIAN_POINT('',(0.,0.,0.));
#3774=CARTESIAN_POINT('',(0.,-21.,0.));
#3775=CARTESIAN_POINT('',(-2.,-21.,0.));
#3776=CARTESIAN_POINT('',(0.,21.,0.));
#3777=CARTESIAN_POINT('',(-2.,21.,0.));
#3778=CARTESIAN_POINT('',(0.,0.,0.));
#3779=CARTESIAN_POINT('',(11.,0.,0.));
#3780=CARTESIAN_POINT('',(0.,20.,-255.));
#3781=CARTESIAN_POINT('',(0.,0.,-255.));
#3782=CARTESIAN_POINT('',(-20.,0.,-255.));
#3783=CARTESIAN_POINT('',(0.,0.,-255.));
#3784=CARTESIAN_POINT('',(0.,0.,-65.));
#3785=CARTESIAN_POINT('',(-20.,0.,-65.));
#3786=CARTESIAN_POINT('',(0.,11.,-65.));
#3787=CARTESIAN_POINT('',(0.,0.,-65.));
#3788=CARTESIAN_POINT('',(-11.,0.,-65.));
#3789=CARTESIAN_POINT('',(0.,0.,-255.));
#3790=CARTESIAN_POINT('',(0.,21.,-7.15470053837925));
#3791=CARTESIAN_POINT('',(0.,21.,-6.));
#3792=CARTESIAN_POINT('',(-2.,21.,-6.));
#3793=CARTESIAN_POINT('',(0.,21.,-6.));
#3794=CARTESIAN_POINT('',(0.,21.,-7.15470053837925));
#3795=CARTESIAN_POINT('',(0.,-21.,-7.15470053837925));
#3796=CARTESIAN_POINT('',(0.,-21.,-6.));
#3797=CARTESIAN_POINT('',(-2.,-21.,-6.));
#3798=CARTESIAN_POINT('',(0.,-21.,-6.));
#3799=CARTESIAN_POINT('',(0.,-21.,-7.15470053837925));
#3800=CARTESIAN_POINT('',(29.,0.,-7.));
#3801=CARTESIAN_POINT('',(29.,0.,-6.99999999999999));
#3802=CARTESIAN_POINT('',(29.,0.,-9.4));
#3803=CARTESIAN_POINT('',(29.,0.,-7.));
#3804=CARTESIAN_POINT('',(29.,0.,-10.));
#3805=CARTESIAN_POINT('',(29.,0.,-7.));
#3806=CARTESIAN_POINT('',(29.5415,0.,-7.));
#3807=CARTESIAN_POINT('',(29.5415,0.,-9.4585));
#3808=CARTESIAN_POINT('',(45.,0.,-7.));
#3809=CARTESIAN_POINT('',(44.4585,0.,-7.));
#3810=CARTESIAN_POINT('',(44.4585,0.,-9.4585));
#3811=CARTESIAN_POINT('',(44.4585,0.,-7.));
#3812=CARTESIAN_POINT('',(29.,0.,-258.));
#3813=CARTESIAN_POINT('',(29.,0.,-258.));
#3814=CARTESIAN_POINT('',(29.,0.,-260.4));
#3815=CARTESIAN_POINT('',(29.,0.,-258.));
#3816=CARTESIAN_POINT('',(29.,0.,-261.));
#3817=CARTESIAN_POINT('',(29.,0.,-258.));
#3818=CARTESIAN_POINT('',(29.5415,0.,-258.));
#3819=CARTESIAN_POINT('',(29.5415,0.,-260.4585));
#3820=CARTESIAN_POINT('',(45.,0.,-258.));
#3821=CARTESIAN_POINT('',(44.4585,0.,-258.));
#3822=CARTESIAN_POINT('',(44.4585,0.,-260.4585));
#3823=CARTESIAN_POINT('',(44.4585,0.,-258.));
#3824=CARTESIAN_POINT('',(45.,0.,-6.99999999999999));
#3825=CARTESIAN_POINT('',(44.5,0.,-6.99999999999999));
#3826=CARTESIAN_POINT('',(44.5,0.,-9.4));
#3827=CARTESIAN_POINT('',(44.5,0.,-6.99999999999999));
#3828=CARTESIAN_POINT('',(45.,0.,-6.99999999999999));
#3829=CARTESIAN_POINT('',(45.,0.,-8.9));
#3830=CARTESIAN_POINT('',(45.,0.,-8.9));
#3831=CARTESIAN_POINT('',(45.,-0.721687836487032,-5.74999999999999));
#3832=CARTESIAN_POINT('',(45.,-0.721687836487032,-5.74999999999999));
#3833=CARTESIAN_POINT('',(45.,-1.44337567297406,-6.99999999999999));
#3834=CARTESIAN_POINT('',(45.,0.721687836487032,-5.74999999999999));
#3835=CARTESIAN_POINT('',(45.,0.721687836487032,-5.74999999999999));
#3836=CARTESIAN_POINT('',(45.,1.44337567297406,-6.99999999999999));
#3837=CARTESIAN_POINT('',(45.,1.44337567297406,-6.99999999999999));
#3838=CARTESIAN_POINT('',(45.,0.721687836487032,-8.24999999999999));
#3839=CARTESIAN_POINT('',(45.,0.721687836487032,-8.24999999999999));
#3840=CARTESIAN_POINT('',(45.,-0.721687836487032,-8.24999999999999));
#3841=CARTESIAN_POINT('',(45.,-0.721687836487032,-8.24999999999999));
#3842=CARTESIAN_POINT('',(45.,-1.44337567297406,-6.99999999999999));
#3843=CARTESIAN_POINT('',(45.,0.,-258.));
#3844=CARTESIAN_POINT('',(44.5,0.,-258.));
#3845=CARTESIAN_POINT('',(44.5,0.,-260.4));
#3846=CARTESIAN_POINT('',(44.5,0.,-258.));
#3847=CARTESIAN_POINT('',(45.,0.,-258.));
#3848=CARTESIAN_POINT('',(45.,0.,-259.9));
#3849=CARTESIAN_POINT('',(45.,0.,-259.9));
#3850=CARTESIAN_POINT('',(45.,-0.721687836487032,-256.75));
#3851=CARTESIAN_POINT('',(45.,-0.721687836487032,-256.75));
#3852=CARTESIAN_POINT('',(45.,-1.44337567297406,-258.));
#3853=CARTESIAN_POINT('',(45.,0.721687836487032,-256.75));
#3854=CARTESIAN_POINT('',(45.,0.721687836487032,-256.75));
#3855=CARTESIAN_POINT('',(45.,1.44337567297406,-258.));
#3856=CARTESIAN_POINT('',(45.,1.44337567297404,-258.));
#3857=CARTESIAN_POINT('',(45.,0.721687836487032,-259.25));
#3858=CARTESIAN_POINT('',(45.,0.721687836487032,-259.25));
#3859=CARTESIAN_POINT('',(45.,-0.721687836487032,-259.25));
#3860=CARTESIAN_POINT('',(45.,-0.721687836487032,-259.25));
#3861=CARTESIAN_POINT('',(45.,-1.44337567297406,-258.));
#3862=CARTESIAN_POINT('',(43.,0.721687836487032,-5.74999999999999));
#3863=CARTESIAN_POINT('',(43.,-0.721687836487032,-5.74999999999999));
#3864=CARTESIAN_POINT('',(43.,-0.721687836487032,-5.74999999999999));
#3865=CARTESIAN_POINT('',(43.,0.721687836487032,-5.74999999999999));
#3866=CARTESIAN_POINT('',(43.,0.721687836487032,-5.74999999999999));
#3867=CARTESIAN_POINT('',(43.,0.721687836487032,-5.74999999999999));
#3868=CARTESIAN_POINT('',(43.,-0.721687836487032,-5.74999999999999));
#3869=CARTESIAN_POINT('',(43.,-1.44337567297406,-6.99999999999999));
#3870=CARTESIAN_POINT('',(43.,-1.44337567297406,-6.99999999999999));
#3871=CARTESIAN_POINT('',(43.,-0.721687836487032,-5.74999999999999));
#3872=CARTESIAN_POINT('',(43.,-1.44337567297406,-6.99999999999999));
#3873=CARTESIAN_POINT('',(43.,-0.721687836487032,-8.24999999999999));
#3874=CARTESIAN_POINT('',(43.,-0.721687836487032,-8.24999999999999));
#3875=CARTESIAN_POINT('',(43.,-1.44337567297406,-6.99999999999999));
#3876=CARTESIAN_POINT('',(43.,-0.721687836487032,-8.24999999999999));
#3877=CARTESIAN_POINT('',(43.,0.721687836487032,-8.24999999999999));
#3878=CARTESIAN_POINT('',(43.,0.721687836487032,-8.24999999999999));
#3879=CARTESIAN_POINT('',(43.,-0.721687836487032,-8.24999999999999));
#3880=CARTESIAN_POINT('',(43.,0.721687836487032,-8.24999999999999));
#3881=CARTESIAN_POINT('',(43.,1.44337567297406,-6.99999999999999));
#3882=CARTESIAN_POINT('',(43.,1.44337567297406,-6.99999999999999));
#3883=CARTESIAN_POINT('',(43.,0.721687836487032,-8.24999999999999));
#3884=CARTESIAN_POINT('',(43.,1.44337567297406,-6.99999999999999));
#3885=CARTESIAN_POINT('',(43.,1.44337567297406,-6.99999999999999));
#3886=CARTESIAN_POINT('',(43.,0.,0.));
#3887=CARTESIAN_POINT('',(43.,0.721687836487032,-256.75));
#3888=CARTESIAN_POINT('',(43.,-0.721687836487032,-256.75));
#3889=CARTESIAN_POINT('',(43.,-0.721687836487032,-256.75));
#3890=CARTESIAN_POINT('',(43.,0.721687836487032,-256.75));
#3891=CARTESIAN_POINT('',(43.,0.721687836487032,-256.75));
#3892=CARTESIAN_POINT('',(43.,0.721687836487032,-256.75));
#3893=CARTESIAN_POINT('',(43.,-0.721687836487032,-256.75));
#3894=CARTESIAN_POINT('',(43.,-1.44337567297406,-258.));
#3895=CARTESIAN_POINT('',(43.,-1.44337567297406,-258.));
#3896=CARTESIAN_POINT('',(43.,-0.721687836487032,-256.75));
#3897=CARTESIAN_POINT('',(43.,-1.44337567297406,-258.));
#3898=CARTESIAN_POINT('',(43.,-0.721687836487032,-259.25));
#3899=CARTESIAN_POINT('',(43.,-0.721687836487032,-259.25));
#3900=CARTESIAN_POINT('',(43.,-1.44337567297406,-258.));
#3901=CARTESIAN_POINT('',(43.,-0.721687836487032,-259.25));
#3902=CARTESIAN_POINT('',(43.,0.721687836487032,-259.25));
#3903=CARTESIAN_POINT('',(43.,0.721687836487032,-259.25));
#3904=CARTESIAN_POINT('',(43.,-0.721687836487032,-259.25));
#3905=CARTESIAN_POINT('',(43.,0.721687836487032,-259.25));
#3906=CARTESIAN_POINT('',(43.,1.44337567297406,-258.));
#3907=CARTESIAN_POINT('',(43.,1.44337567297406,-258.));
#3908=CARTESIAN_POINT('',(43.,0.721687836487032,-259.25));
#3909=CARTESIAN_POINT('',(43.,1.44337567297406,-258.));
#3910=CARTESIAN_POINT('',(43.,1.44337567297406,-258.));
#3911=CARTESIAN_POINT('',(43.,0.,0.));
#3912=CARTESIAN_POINT('',(0.,0.,-264.));
#3913=CARTESIAN_POINT('',(0.,0.,-264.));
#3914=CARTESIAN_POINT('',(26.,0.,-264.));
#3915=CARTESIAN_POINT('',(0.,0.,-264.));
#3916=CARTESIAN_POINT('',(0.,0.,-264.));
#3917=CARTESIAN_POINT('',(25.3,0.,-264.));
#3918=CARTESIAN_POINT('',(0.,0.,-264.));
#3919=CARTESIAN_POINT('',(0.,0.,-265.));
#3920=CARTESIAN_POINT('',(25.3,0.,-265.));
#3921=CARTESIAN_POINT('',(0.,0.,-265.));
#3922=CARTESIAN_POINT('',(0.,-21.,-265.));
#3923=CARTESIAN_POINT('',(-2.,-21.,-265.));
#3924=CARTESIAN_POINT('',(0.,21.,-265.));
#3925=CARTESIAN_POINT('',(-2.,21.,-265.));
#3926=CARTESIAN_POINT('',(0.,21.,-257.845299461621));
#3927=CARTESIAN_POINT('',(0.,21.,-259.));
#3928=CARTESIAN_POINT('',(-2.,21.,-259.));
#3929=CARTESIAN_POINT('',(0.,21.,-257.845299461621));
#3930=CARTESIAN_POINT('',(0.,21.,-265.));
#3931=CARTESIAN_POINT('',(0.,-21.,-257.845299461621));
#3932=CARTESIAN_POINT('',(0.,-21.,-259.));
#3933=CARTESIAN_POINT('',(-2.,-21.,-259.));
#3934=CARTESIAN_POINT('',(0.,-21.,-257.845299461621));
#3935=CARTESIAN_POINT('',(0.,-21.,-265.));
#3936=CARTESIAN_POINT('',(0.,0.,0.));
#3937=CARTESIAN_POINT('',(0.,0.,11.));
#3938=CARTESIAN_POINT('',(0.,1.3926637620898E-14,11.));
#3939=CARTESIAN_POINT('',(7.99999999999998,1.3926637620898E-14,11.));
#3940=CARTESIAN_POINT('',(0.,0.,11.));
#3941=CARTESIAN_POINT('',(12.,0.,11.));
#3942=CARTESIAN_POINT('',(6.,10.3923048454133,11.));
#3943=CARTESIAN_POINT('',(0.,0.,11.));
#3944=CARTESIAN_POINT('',(6.,-10.3923048454133,11.));
#3945=CARTESIAN_POINT('',(0.,0.,11.));
#3946=CARTESIAN_POINT('',(-6.,-10.3923048454133,11.));
#3947=CARTESIAN_POINT('',(0.,0.,11.));
#3948=CARTESIAN_POINT('',(-12.,0.,11.));
#3949=CARTESIAN_POINT('',(0.,0.,11.));
#3950=CARTESIAN_POINT('',(-6.,10.3923048454133,11.));
#3951=CARTESIAN_POINT('',(0.,0.,11.));
#3952=CARTESIAN_POINT('',(0.,1.4210854715202E-14,10.));
#3953=CARTESIAN_POINT('',(0.,1.39493749884423E-14,10.92));
#3954=CARTESIAN_POINT('',(0.,7.99999999999999,10.92));
#3955=CARTESIAN_POINT('',(0.,0.,9.99999999999995));
#3956=CARTESIAN_POINT('',(0.,1.4210854715202E-14,10.));
#3957=CARTESIAN_POINT('',(0.,7.08000000000001,10.));
#3958=CARTESIAN_POINT('',(8.5,22.,10.));
#3959=CARTESIAN_POINT('',(8.5,6.16441400296894,10.));
#3960=CARTESIAN_POINT('',(8.5,-6.16441400296894,10.));
#3961=CARTESIAN_POINT('',(0.,0.,9.99999999999995));
#3962=CARTESIAN_POINT('',(-8.5,6.16441400296893,10.));
#3963=CARTESIAN_POINT('',(-8.5,22.,10.));
#3964=CARTESIAN_POINT('',(-8.5,-6.16441400296893,10.));
#3965=CARTESIAN_POINT('',(0.,0.,9.99999999999995));
#3966=CARTESIAN_POINT('',(0.,0.,9.99999999999995));
#3967=CARTESIAN_POINT('',(8.5,6.98212002188465,9.00000000000012));
#3968=CARTESIAN_POINT('',(8.5,6.71537682547541,9.33862418406384));
#3969=CARTESIAN_POINT('',(8.5,6.44336485803743,9.67246313197632));
#3970=CARTESIAN_POINT('',(8.5,6.16441400296894,10.));
#3971=CARTESIAN_POINT('',(8.5,6.98212002188447,8.99999999999995));
#3972=CARTESIAN_POINT('',(0.,0.,8.99999999999995));
#3973=CARTESIAN_POINT('',(-8.5,6.98212002188447,8.99999999999995));
#3974=CARTESIAN_POINT('',(-8.5,6.16441400296894,10.));
#3975=CARTESIAN_POINT('',(-8.5,6.44360470136717,9.67218151415149));
#3976=CARTESIAN_POINT('',(-8.5,6.7155858233684,9.33835886617741));
#3977=CARTESIAN_POINT('',(-8.5,6.98212002188446,8.99999999999996));
#3978=CARTESIAN_POINT('',(0.,0.,9.99999999999995));
#3979=CARTESIAN_POINT('',(8.5,-6.16441400296894,10.));
#3980=CARTESIAN_POINT('',(8.5,-6.44360470136717,9.67218151415149));
#3981=CARTESIAN_POINT('',(8.5,-6.7155858233684,9.33835886617741));
#3982=CARTESIAN_POINT('',(8.5,-6.98212002188446,8.99999999999996));
#3983=CARTESIAN_POINT('',(8.5,-6.98212002188447,8.99999999999995));
#3984=CARTESIAN_POINT('',(-8.5,-6.98212002188465,9.00000000000012));
#3985=CARTESIAN_POINT('',(-8.5,-6.71537682547541,9.33862418406384));
#3986=CARTESIAN_POINT('',(-8.5,-6.44336485803743,9.67246313197632));
#3987=CARTESIAN_POINT('',(-8.5,-6.16441400296894,10.));
#3988=CARTESIAN_POINT('',(-8.5,-6.98212002188447,8.99999999999995));
#3989=CARTESIAN_POINT('',(0.,0.,8.99999999999995));
#3990=CARTESIAN_POINT('',(0.,0.,-255.));
#3991=CARTESIAN_POINT('',(0.,0.,-245.));
#3992=CARTESIAN_POINT('',(-11.,0.,-245.));
#3993=CARTESIAN_POINT('',(0.,0.,4.76181741797971));
#3994=CARTESIAN_POINT('',(8.5,-6.98212002188447,2.));
#3995=CARTESIAN_POINT('',(8.5,6.98212002188447,1.99999999999995));
#3996=CARTESIAN_POINT('',(8.5,-6.98212002188447,-255.));
#3997=CARTESIAN_POINT('',(-8.5,-6.98212002188447,-255.));
#3998=CARTESIAN_POINT('',(-8.5,-6.98212002188447,1.99999999999995));
#3999=CARTESIAN_POINT('',(0.,0.,4.76181741797971));
#4000=CARTESIAN_POINT('',(-8.5,6.98212002188447,2.));
#4001=CARTESIAN_POINT('',(-8.5,6.98212002188447,-255.));
#4002=CARTESIAN_POINT('',(8.5,6.98212002188447,-255.));
#4003=CARTESIAN_POINT('',(0.,11.,-245.));
#4004=CARTESIAN_POINT('',(0.,0.,-245.));
#4005=CARTESIAN_POINT('',(-20.,0.,-245.));
#4006=CARTESIAN_POINT('',(0.,0.,-255.));
#4007=CARTESIAN_POINT('',(0.,0.,-255.));
#4008=CARTESIAN_POINT('',(-20.,0.,-255.));
#4009=CARTESIAN_POINT('',(0.,20.,-255.));
#4010=CARTESIAN_POINT('',(-8.5,22.,10.));
#4011=CARTESIAN_POINT('',(-8.5,22.,2.));
#4012=CARTESIAN_POINT('',(-8.5,22.,2.));
#4013=CARTESIAN_POINT('',(11.,22.,1.18770075941774));
#4014=CARTESIAN_POINT('',(8.5,22.,2.));
#4015=CARTESIAN_POINT('',(8.5,22.,2.));
#4016=CARTESIAN_POINT('',(0.,1.39493749884423E-14,10.92));
#4017=CARTESIAN_POINT('',(0.,0.,11.));
#4018=CARTESIAN_POINT('',(12.,6.92820323027549,12.0717967697242));
#4019=CARTESIAN_POINT('',(10.0369574333309,8.06156638457261,11.4174492475012));
#4020=CARTESIAN_POINT('',(8.04444436966449,9.21194433824425,11.));
#4021=CARTESIAN_POINT('',(6.,10.3923048454133,11.));
#4022=CARTESIAN_POINT('',(12.,6.92820323027551,12.0717967697245));
#4023=CARTESIAN_POINT('',(12.,-7.18970795842253E-16,11.));
#4024=CARTESIAN_POINT('',(12.,2.37477443194971,11.));
#4025=CARTESIAN_POINT('',(12.,4.67257663711047,11.4206534593469));
#4026=CARTESIAN_POINT('',(12.,6.92820323027551,12.0717967697245));
#4027=CARTESIAN_POINT('',(0.,0.,11.));
#4028=CARTESIAN_POINT('',(3.65891316756725E-14,13.856406460551,12.0717967697242));
#4029=CARTESIAN_POINT('',(-1.9630425666691,12.7230433062539,11.4174492475012));
#4030=CARTESIAN_POINT('',(-3.95555563033551,11.5726653525823,11.));
#4031=CARTESIAN_POINT('',(-6.,10.3923048454133,11.));
#4032=CARTESIAN_POINT('',(1.00118146808868E-16,13.856406460551,12.0717967697245));
#4033=CARTESIAN_POINT('',(6.,10.3923048454133,11.));
#4034=CARTESIAN_POINT('',(3.96320018002651,11.5682517697603,11.));
#4035=CARTESIAN_POINT('',(1.95814039551478,12.7258735760895,11.4190833045527));
#4036=CARTESIAN_POINT('',(-2.47222976919521E-14,13.856406460551,12.0717967697243));
#4037=CARTESIAN_POINT('',(0.,0.,11.));
#4038=CARTESIAN_POINT('',(-6.,10.3923048454133,11.));
#4039=CARTESIAN_POINT('',(-8.03679981997349,9.21635792106619,11.));
#4040=CARTESIAN_POINT('',(-10.0418596044852,8.05873611473705,11.4190833045527));
#4041=CARTESIAN_POINT('',(-12.,6.92820323027549,12.0717967697243));
#4042=CARTESIAN_POINT('',(-12.,6.92820323027551,12.0717967697245));
#4043=CARTESIAN_POINT('',(-12.,6.92820323027551,12.0717967697245));
#4044=CARTESIAN_POINT('',(-12.,4.67266127417754,11.4206778919637));
#4045=CARTESIAN_POINT('',(-12.,2.37417367463461,11.));
#4046=CARTESIAN_POINT('',(-12.,9.47580916440961E-15,11.));
#4047=CARTESIAN_POINT('',(0.,0.,11.));
#4048=CARTESIAN_POINT('',(-12.,-6.92820323027549,12.0717967697242));
#4049=CARTESIAN_POINT('',(-10.0369574333309,-8.06156638457261,11.4174492475012));
#4050=CARTESIAN_POINT('',(-8.04444436966449,-9.21194433824425,11.));
#4051=CARTESIAN_POINT('',(-6.,-10.3923048454133,11.));
#4052=CARTESIAN_POINT('',(-12.,-6.92820323027551,12.0717967697245));
#4053=CARTESIAN_POINT('',(-12.,-1.01967196406272E-15,11.));
#4054=CARTESIAN_POINT('',(-12.,-2.37477443194971,11.));
#4055=CARTESIAN_POINT('',(-12.,-4.67257663711048,11.4206534593469));
#4056=CARTESIAN_POINT('',(-12.,-6.92820323027551,12.0717967697245));
#4057=CARTESIAN_POINT('',(0.,0.,11.));
#4058=CARTESIAN_POINT('',(-3.65891316756725E-14,-13.856406460551,12.0717967697242));
#4059=CARTESIAN_POINT('',(1.9630425666691,-12.7230433062539,11.4174492475012));
#4060=CARTESIAN_POINT('',(3.95555563033551,-11.5726653525823,11.));
#4061=CARTESIAN_POINT('',(6.,-10.3923048454133,11.));
#4062=CARTESIAN_POINT('',(-1.00118146808868E-16,-13.856406460551,12.0717967697245));
#4063=CARTESIAN_POINT('',(-6.,-10.3923048454133,11.));
#4064=CARTESIAN_POINT('',(-3.96320018002651,-11.5682517697603,11.));
#4065=CARTESIAN_POINT('',(-1.95814039551478,-12.7258735760895,11.4190833045527));
#4066=CARTESIAN_POINT('',(2.47222976919521E-14,-13.856406460551,12.0717967697243));
#4067=CARTESIAN_POINT('',(0.,0.,11.));
#4068=CARTESIAN_POINT('',(12.,-6.92820323027551,12.0717967697245));
#4069=CARTESIAN_POINT('',(12.,-4.67266127417754,11.4206778919637));
#4070=CARTESIAN_POINT('',(12.,-2.3741736746346,11.));
#4071=CARTESIAN_POINT('',(12.,-7.81943623443824E-15,11.));
#4072=CARTESIAN_POINT('',(12.,-6.92820323027551,12.0717967697245));
#4073=CARTESIAN_POINT('',(6.,-10.3923048454133,11.));
#4074=CARTESIAN_POINT('',(8.03679981997349,-9.21635792106619,11.));
#4075=CARTESIAN_POINT('',(10.0418596044852,-8.05873611473705,11.4190833045527));
#4076=CARTESIAN_POINT('',(12.,-6.92820323027549,12.0717967697243));
#4077=CARTESIAN_POINT('',(0.,13.856406460551,21.));
#4078=CARTESIAN_POINT('',(-12.,6.92820323027551,21.));
#4079=CARTESIAN_POINT('',(-12.,6.92820323027551,19.9282032302755));
#4080=CARTESIAN_POINT('',(-12.,6.92820323027549,19.9282032302758));
#4081=CARTESIAN_POINT('',(-10.0369574333309,8.06156638457261,20.5825507524989));
#4082=CARTESIAN_POINT('',(-8.04444436966449,9.21194433824425,21.));
#4083=CARTESIAN_POINT('',(-6.,10.3923048454133,21.));
#4084=CARTESIAN_POINT('',(-6.,10.3923048454133,21.));
#4085=CARTESIAN_POINT('',(-6.,10.3923048454133,21.));
#4086=CARTESIAN_POINT('',(-3.96320018002651,11.5682517697603,21.));
#4087=CARTESIAN_POINT('',(-1.95814039551478,12.7258735760895,20.5809166954473));
#4088=CARTESIAN_POINT('',(2.39359103184877E-14,13.856406460551,19.9282032302757));
#4089=CARTESIAN_POINT('',(0.,13.856406460551,19.9282032302755));
#4090=CARTESIAN_POINT('',(0.,13.856406460551,21.));
#4091=CARTESIAN_POINT('',(12.,6.92820323027551,21.));
#4092=CARTESIAN_POINT('',(-3.57443296345303E-14,13.856406460551,19.9282032302758));
#4093=CARTESIAN_POINT('',(1.9630425666691,12.7230433062539,20.5825507524988));
#4094=CARTESIAN_POINT('',(3.95555563033551,11.5726653525823,21.));
#4095=CARTESIAN_POINT('',(6.,10.3923048454133,21.));
#4096=CARTESIAN_POINT('',(6.,10.3923048454133,21.));
#4097=CARTESIAN_POINT('',(6.,10.3923048454133,21.));
#4098=CARTESIAN_POINT('',(8.03679981997349,9.21635792106619,21.));
#4099=CARTESIAN_POINT('',(10.0418596044852,8.05873611473705,20.5809166954473));
#4100=CARTESIAN_POINT('',(12.,6.9282032302755,19.9282032302757));
#4101=CARTESIAN_POINT('',(12.,6.92820323027551,19.9282032302755));
#4102=CARTESIAN_POINT('',(12.,6.92820323027551,21.));
#4103=CARTESIAN_POINT('',(12.,-6.92820323027551,21.));
#4104=CARTESIAN_POINT('',(12.,6.92820323027551,19.9282032302755));
#4105=CARTESIAN_POINT('',(12.,4.67266127417754,20.5793221080363));
#4106=CARTESIAN_POINT('',(12.,2.37417367463462,21.));
#4107=CARTESIAN_POINT('',(12.,1.42521120170205E-14,21.));
#4108=CARTESIAN_POINT('',(12.,0.,21.));
#4109=CARTESIAN_POINT('',(12.,1.42521120170205E-14,21.));
#4110=CARTESIAN_POINT('',(12.,-2.3747744319497,21.));
#4111=CARTESIAN_POINT('',(12.,-4.67257663711048,20.5793465406531));
#4112=CARTESIAN_POINT('',(12.,-6.92820323027551,19.9282032302755));
#4113=CARTESIAN_POINT('',(12.,-6.92820323027551,19.9282032302755));
#4114=CARTESIAN_POINT('',(12.,-6.92820323027551,21.));
#4115=CARTESIAN_POINT('',(0.,-13.856406460551,21.));
#4116=CARTESIAN_POINT('',(12.,-6.92820323027549,19.9282032302758));
#4117=CARTESIAN_POINT('',(10.0369574333309,-8.06156638457261,20.5825507524989));
#4118=CARTESIAN_POINT('',(8.04444436966449,-9.21194433824425,21.));
#4119=CARTESIAN_POINT('',(6.,-10.3923048454133,21.));
#4120=CARTESIAN_POINT('',(6.,-10.3923048454133,21.));
#4121=CARTESIAN_POINT('',(6.,-10.3923048454133,21.));
#4122=CARTESIAN_POINT('',(3.96320018002651,-11.5682517697603,21.));
#4123=CARTESIAN_POINT('',(1.95814039551478,-12.7258735760895,20.5809166954473));
#4124=CARTESIAN_POINT('',(-2.39359103184877E-14,-13.856406460551,19.9282032302757));
#4125=CARTESIAN_POINT('',(-9.86443953157806E-16,-13.856406460551,19.9282032302755));
#4126=CARTESIAN_POINT('',(0.,-13.856406460551,21.));
#4127=CARTESIAN_POINT('',(-12.,-6.92820323027551,21.));
#4128=CARTESIAN_POINT('',(3.37681562736523E-14,-13.856406460551,19.9282032302758));
#4129=CARTESIAN_POINT('',(-1.9630425666691,-12.7230433062539,20.5825507524989));
#4130=CARTESIAN_POINT('',(-3.95555563033551,-11.5726653525823,21.));
#4131=CARTESIAN_POINT('',(-6.,-10.3923048454133,21.));
#4132=CARTESIAN_POINT('',(-6.,-10.3923048454133,21.));
#4133=CARTESIAN_POINT('',(-6.,-10.3923048454133,21.));
#4134=CARTESIAN_POINT('',(-8.03679981997349,-9.21635792106619,21.));
#4135=CARTESIAN_POINT('',(-10.0418596044852,-8.05873611473705,20.5809166954473));
#4136=CARTESIAN_POINT('',(-12.,-6.9282032302755,19.9282032302757));
#4137=CARTESIAN_POINT('',(-12.,-6.92820323027551,19.9282032302755));
#4138=CARTESIAN_POINT('',(-12.,-6.92820323027551,21.));
#4139=CARTESIAN_POINT('',(-12.,6.92820323027551,21.));
#4140=CARTESIAN_POINT('',(-12.,-6.92820323027551,19.9282032302755));
#4141=CARTESIAN_POINT('',(-12.,-4.67266127417754,20.5793221080363));
#4142=CARTESIAN_POINT('',(-12.,-2.37417367463459,21.));
#4143=CARTESIAN_POINT('',(-12.,1.07682883330078E-14,21.));
#4144=CARTESIAN_POINT('',(-12.,0.,21.));
#4145=CARTESIAN_POINT('',(-12.,-4.79006451186689E-17,21.));
#4146=CARTESIAN_POINT('',(-12.,2.37477443194971,21.));
#4147=CARTESIAN_POINT('',(-12.,4.67257663711048,20.5793465406531));
#4148=CARTESIAN_POINT('',(-12.,6.92820323027551,19.9282032302755));
#4149=CARTESIAN_POINT('',(0.,0.,17.8245735194571));
#4150=CARTESIAN_POINT('',(0.,0.,21.));
#4151=CARTESIAN_POINT('',(0.,0.,17.8245735194571));
#4152=CARTESIAN_POINT('',(0.,0.,21.));
#4153=CARTESIAN_POINT('',(0.,0.,17.8245735194571));
#4154=CARTESIAN_POINT('',(0.,0.,21.));
#4155=CARTESIAN_POINT('',(0.,0.,17.8245735194571));
#4156=CARTESIAN_POINT('',(0.,0.,21.));
#4157=CARTESIAN_POINT('',(0.,0.,17.8245735194571));
#4158=CARTESIAN_POINT('',(0.,0.,21.));
#4159=CARTESIAN_POINT('',(0.,0.,17.8245735194571));
#4160=CARTESIAN_POINT('',(0.,0.,21.));
#4161=CARTESIAN_POINT('',(0.,7.105427357601E-15,35.));
#4162=CARTESIAN_POINT('',(0.,7.105427357601E-15,35.));
#4163=CARTESIAN_POINT('',(0.,7.08000000000001,35.));
#4164=CARTESIAN_POINT('',(0.,7.105427357601E-15,35.));
#4165=CARTESIAN_POINT('',(0.,7.36690708436072E-15,34.08));
#4166=CARTESIAN_POINT('',(0.,7.99999999999999,34.08));
#4167=CARTESIAN_POINT('',(0.,1.4210854715202E-14,10.));
#4168=CARTESIAN_POINT('',(0.,1.10844666778576E-14,21.));
#4169=CARTESIAN_POINT('',(7.99999999999998,1.10844666778576E-14,21.));
#4170=CARTESIAN_POINT('',(0.,0.,21.));
#4171=CARTESIAN_POINT('',(0.,0.,0.));
#4172=MECHANICAL_DESIGN_GEOMETRIC_PRESENTATION_REPRESENTATION('',(#1891,
#1892,#1893,#1894,#1895,#1896,#1897,#1898,#1899,#1900,#1901,#1902,#1903,
#1904,#1905,#1906,#1907,#1908,#1909,#1910,#1911,#1912,#1913,#1914,#1915,
#1916,#1917,#1918,#1919,#1920,#1921,#1922,#1923,#1924,#1925,#1926,#1927,
#1928,#1929,#1930,#1931,#1932,#1933,#1934,#1935,#1936,#1937,#1938,#1939,
#1940,#1941,#1942,#1943,#1944,#1945,#1946,#1947,#1948,#1949,#1950,#1951,
#1952,#1953,#1954,#1955,#1956,#1957,#1958,#1959,#1960,#1961,#1962,#1963,
#1964,#1965,#1966,#1967,#1968,#1969,#1970,#1971,#1972,#1973,#1974,#1975,
#1976,#1977,#1978,#1979,#1980,#1981,#1982,#1983,#1984,#1985,#1986,#1987),
#4173);
#4173=(
GEOMETRIC_REPRESENTATION_CONTEXT(3)
GLOBAL_UNCERTAINTY_ASSIGNED_CONTEXT((#4176))
GLOBAL_UNIT_ASSIGNED_CONTEXT((#4181,#4180,#4179))
REPRESENTATION_CONTEXT('JECX-MF-160-J-EXLA-40-180(0)',
'TOP_LEVEL_ASSEMBLY_PART')
);
#4174=(
GEOMETRIC_REPRESENTATION_CONTEXT(3)
GLOBAL_UNCERTAINTY_ASSIGNED_CONTEXT((#4177))
GLOBAL_UNIT_ASSIGNED_CONTEXT((#4181,#4180,#4179))
REPRESENTATION_CONTEXT('JECX-MF-EXLA-40-180(0_body)','COMPONENT_PART')
);
#4175=(
GEOMETRIC_REPRESENTATION_CONTEXT(3)
GLOBAL_UNCERTAINTY_ASSIGNED_CONTEXT((#4178))
GLOBAL_UNIT_ASSIGNED_CONTEXT((#4181,#4180,#4179))
REPRESENTATION_CONTEXT('JECX-MF-EXLA-40-180(0_rod)','COMPONENT_PART')
);
#4176=UNCERTAINTY_MEASURE_WITH_UNIT(LENGTH_MEASURE(1.E-5),#4181,
'DISTANCE_ACCURACY_VALUE','Maximum Tolerance applied to model');
#4177=UNCERTAINTY_MEASURE_WITH_UNIT(LENGTH_MEASURE(1.E-5),#4181,
'DISTANCE_ACCURACY_VALUE','Maximum Tolerance applied to model');
#4178=UNCERTAINTY_MEASURE_WITH_UNIT(LENGTH_MEASURE(1.E-5),#4181,
'DISTANCE_ACCURACY_VALUE','Maximum Tolerance applied to model');
#4179=(
NAMED_UNIT(*)
SI_UNIT($,.STERADIAN.)
SOLID_ANGLE_UNIT()
);
#4180=(
NAMED_UNIT(*)
PLANE_ANGLE_UNIT()
SI_UNIT($,.RADIAN.)
);
#4181=(
LENGTH_UNIT()
NAMED_UNIT(*)
SI_UNIT(.MILLI.,.METRE.)
);
#4182=PRODUCT_DEFINITION_SHAPE('','',#4187);
#4183=PRODUCT_DEFINITION_SHAPE('','',#4188);
#4184=PRODUCT_DEFINITION_SHAPE(' ','NAUO PRDDFN',#50);
#4185=PRODUCT_DEFINITION_SHAPE('','',#4189);
#4186=PRODUCT_DEFINITION_SHAPE(' ','NAUO PRDDFN',#51);
#4187=PRODUCT_DEFINITION('','',#4193,#4190);
#4188=PRODUCT_DEFINITION('','',#4194,#4191);
#4189=PRODUCT_DEFINITION('','',#4195,#4192);
#4190=PRODUCT_DEFINITION_CONTEXT('',#4209,'design');
#4191=PRODUCT_DEFINITION_CONTEXT('',#4209,'design');
#4192=PRODUCT_DEFINITION_CONTEXT('',#4209,'design');
#4193=PRODUCT_DEFINITION_FORMATION_WITH_SPECIFIED_SOURCE('','',#4199,
 .NOT_KNOWN.);
#4194=PRODUCT_DEFINITION_FORMATION_WITH_SPECIFIED_SOURCE('','',#4200,
 .NOT_KNOWN.);
#4195=PRODUCT_DEFINITION_FORMATION_WITH_SPECIFIED_SOURCE('','',#4201,
 .NOT_KNOWN.);
#4196=PRODUCT_RELATED_PRODUCT_CATEGORY('','',(#4199));
#4197=PRODUCT_RELATED_PRODUCT_CATEGORY('','',(#4200));
#4198=PRODUCT_RELATED_PRODUCT_CATEGORY('','',(#4201));
#4199=PRODUCT('JECX-MF-160-J-EXLA-40-180(0)',
'JECX-MF-160-J-EXLA-40-180(0)','JECX-MF-160-J-EXLA-40-180(0)',(#4205));
#4200=PRODUCT('JECX-MF-EXLA-40-180(0_body)',
'JECX-MF-EXLA-40-180(0_body)','JECX-MF-EXLA-40-180(0_body)',(#4206));
#4201=PRODUCT('JECX-MF-EXLA-40-180(0_rod)','JECX-MF-EXLA-40-180(0_rod)',
'JECX-MF-EXLA-40-180(0_rod)',(#4207));
#4202=PRODUCT_CATEGORY('','');
#4203=PRODUCT_CATEGORY('','');
#4204=PRODUCT_CATEGORY('','');
#4205=PRODUCT_CONTEXT('',#4209,'mechanical');
#4206=PRODUCT_CONTEXT('',#4209,'mechanical');
#4207=PRODUCT_CONTEXT('',#4209,'mechanical');
#4208=APPLICATION_PROTOCOL_DEFINITION('international standard',
'automotive_design',2010,#4209);
#4209=APPLICATION_CONTEXT(
'core data for automotive mechanical design processes');
ENDSEC;
END-ISO-10303-21;
