ISO-10303-21;
HEADER;
/* Generated by software containing ST-Developer
 * from STEP Tools, Inc. (www.steptools.com) 
 */
/* OPTION: using custom renumber hook */

FILE_DESCRIPTION(
/* description */ ('STEP AP214'),
/* implementation_level */ '2;1');

FILE_NAME(
/* name */ 'JECX-MF-160-J-TLA-63-460(0)',
/* time_stamp */ '2026-07-09T03:32:14+02:00',
/* author */ ('License CC BY-ND 4.0'),
/* organization */ ('CADENAS'),
/* preprocessor_version */ 'ST-DEVELOPER v20',
/* originating_system */ 'PARTsolutions',
/* authorisation */ '  ');

FILE_SCHEMA (('AUTOMOTIVE_DESIGN {1 0 10303 214 3 1 1}'));
ENDSEC;

DATA;
#10=PROPERTY_DEFINITION_REPRESENTATION(#14,#12);
#11=PROPERTY_DEFINITION_REPRESENTATION(#15,#13);
#12=REPRESENTATION('',(#16),#3681);
#13=REPRESENTATION('',(#17),#3681);
#14=PROPERTY_DEFINITION('pmi validation property','',#3690);
#15=PROPERTY_DEFINITION('pmi validation property','',#3690);
#16=VALUE_REPRESENTATION_ITEM('number of annotations',COUNT_MEASURE(0.));
#17=VALUE_REPRESENTATION_ITEM('number of views',COUNT_MEASURE(0.));
#18=TOROIDAL_SURFACE('',#2650,13.,2.);
#19=TOROIDAL_SURFACE('',#2654,13.,2.);
#20=ELLIPSE('',#2629,18.9263200362888,18.);
#21=ELLIPSE('',#2630,18.9263200362888,18.);
#22=B_SPLINE_CURVE_WITH_KNOTS('',3,(#3608,#3609,#3610,#3611),
 .UNSPECIFIED.,.F.,.F.,(4,4),(9.37819327727572E-7,0.00136430246809474),
 .UNSPECIFIED.);
#23=B_SPLINE_CURVE_WITH_KNOTS('',3,(#3615,#3616,#3617,#3618),
 .UNSPECIFIED.,.F.,.F.,(4,4),(0.0224121244706021,0.0237703523665322),
 .UNSPECIFIED.);
#24=B_SPLINE_CURVE_WITH_KNOTS('',3,(#3620,#3621,#3622,#3623),
 .UNSPECIFIED.,.F.,.F.,(4,4),(0.0224121244706021,0.0237703523665322),
 .UNSPECIFIED.);
#25=B_SPLINE_CURVE_WITH_KNOTS('',3,(#3625,#3626,#3627,#3628),
 .UNSPECIFIED.,.F.,.F.,(4,4),(9.37819327727572E-7,0.00136430246809474),
 .UNSPECIFIED.);
#26=CONTEXT_DEPENDENT_SHAPE_REPRESENTATION(#30,#3692);
#27=CONTEXT_DEPENDENT_SHAPE_REPRESENTATION(#31,#3694);
#28=NEXT_ASSEMBLY_USAGE_OCCURRENCE('NAUO1',
'JECX-MF-EXLA-63-460(0_body)','JECX-MF-EXLA-63-460(0_body)',#3695,#3696,
'');
#29=NEXT_ASSEMBLY_USAGE_OCCURRENCE('NAUO2','JECX-MF-TLA-63-460(0_rod)',
'JECX-MF-TLA-63-460(0_rod)',#3695,#3697,'');
#30=(
REPRESENTATION_RELATIONSHIP(' ',' ',#2457,#2456)
REPRESENTATION_RELATIONSHIP_WITH_TRANSFORMATION(#32)
SHAPE_REPRESENTATION_RELATIONSHIP()
);
#31=(
REPRESENTATION_RELATIONSHIP(' ',' ',#2458,#2456)
REPRESENTATION_RELATIONSHIP_WITH_TRANSFORMATION(#33)
SHAPE_REPRESENTATION_RELATIONSHIP()
);
#32=ITEM_DEFINED_TRANSFORMATION(' ',' ',#2459,#2618);
#33=ITEM_DEFINED_TRANSFORMATION(' ',' ',#2459,#2655);
#34=SHAPE_REPRESENTATION_RELATIONSHIP('','',#2457,#36);
#35=SHAPE_REPRESENTATION_RELATIONSHIP('','',#2458,#37);
#36=ADVANCED_BREP_SHAPE_REPRESENTATION('',(#2451),#3682);
#37=ADVANCED_BREP_SHAPE_REPRESENTATION('',(#2452),#3683);
#38=VERTEX_LOOP('',#888);
#39=VERTEX_LOOP('',#908);
#40=VERTEX_LOOP('',#933);
#41=VERTEX_LOOP('',#935);
#42=CONICAL_SURFACE('',#2559,3.,1.0471975511966);
#43=CONICAL_SURFACE('',#2563,2.99999999999999,0.785398163397461);
#44=CONICAL_SURFACE('',#2567,2.72950000000001,0.785398163397448);
#45=CONICAL_SURFACE('',#2570,2.4,0.785398163397447);
#46=CONICAL_SURFACE('',#2582,3.,1.0471975511966);
#47=CONICAL_SURFACE('',#2586,3.,0.785398163397423);
#48=CONICAL_SURFACE('',#2590,2.72950000000005,0.785398163397423);
#49=CONICAL_SURFACE('',#2593,2.40000000000007,0.785398163397504);
#50=CONICAL_SURFACE('',#2612,0.,1.0471975511966);
#51=CONICAL_SURFACE('',#2615,0.,1.0471975511966);
#52=CONICAL_SURFACE('',#2623,17.5,0.463647609000806);
#53=CONICAL_SURFACE('',#2625,17.5,0.463647609000806);
#54=CONICAL_SURFACE('',#2642,14.5,0.78539816339745);
#55=CONICAL_SURFACE('',#2646,16.5,0.785398163397449);
#56=COLOUR_RGB('',0.67500001192093,0.71399998664856,0.41600000858307);
#57=COLOUR_RGB('',0.689999997615814,0.689999997615814,0.689999997615814);
#58=CYLINDRICAL_SURFACE('',#2469,6.5);
#59=CYLINDRICAL_SURFACE('',#2472,6.5);
#60=CYLINDRICAL_SURFACE('',#2475,6.5);
#61=CYLINDRICAL_SURFACE('',#2478,6.5);
#62=CYLINDRICAL_SURFACE('',#2502,10.);
#63=CYLINDRICAL_SURFACE('',#2506,10.);
#64=CYLINDRICAL_SURFACE('',#2512,9.99999999999999);
#65=CYLINDRICAL_SURFACE('',#2516,9.99999999999999);
#66=CYLINDRICAL_SURFACE('',#2521,11.25);
#67=CYLINDRICAL_SURFACE('',#2522,8.75);
#68=CYLINDRICAL_SURFACE('',#2526,5.);
#69=CYLINDRICAL_SURFACE('',#2532,11.25);
#70=CYLINDRICAL_SURFACE('',#2533,8.75000000000001);
#71=CYLINDRICAL_SURFACE('',#2537,6.00000000000001);
#72=CYLINDRICAL_SURFACE('',#2540,35.);
#73=CYLINDRICAL_SURFACE('',#2544,34.);
#74=CYLINDRICAL_SURFACE('',#2552,31.5);
#75=CYLINDRICAL_SURFACE('',#2556,18.);
#76=CYLINDRICAL_SURFACE('',#2557,3.);
#77=CYLINDRICAL_SURFACE('',#2565,2.7295);
#78=CYLINDRICAL_SURFACE('',#2568,2.4);
#79=CYLINDRICAL_SURFACE('',#2580,3.);
#80=CYLINDRICAL_SURFACE('',#2588,2.72950000000005);
#81=CYLINDRICAL_SURFACE('',#2591,2.40000000000007);
#82=CYLINDRICAL_SURFACE('',#2603,35.);
#83=CYLINDRICAL_SURFACE('',#2607,34.);
#84=CYLINDRICAL_SURFACE('',#2614,3.);
#85=CYLINDRICAL_SURFACE('',#2617,3.);
#86=CYLINDRICAL_SURFACE('',#2627,18.);
#87=CYLINDRICAL_SURFACE('',#2633,31.5);
#88=CYLINDRICAL_SURFACE('',#2644,16.5);
#89=CYLINDRICAL_SURFACE('',#2652,11.);
#90=CIRCLE('',#2461,6.5);
#91=CIRCLE('',#2462,6.5);
#92=CIRCLE('',#2463,11.25);
#93=CIRCLE('',#2465,6.5);
#94=CIRCLE('',#2466,6.5);
#95=CIRCLE('',#2467,11.25);
#96=CIRCLE('',#2470,6.5);
#97=CIRCLE('',#2473,6.5);
#98=CIRCLE('',#2476,6.5);
#99=CIRCLE('',#2479,6.5);
#100=CIRCLE('',#2485,3.);
#101=CIRCLE('',#2486,3.);
#102=CIRCLE('',#2487,9.99999999999999);
#103=CIRCLE('',#2488,10.);
#104=CIRCLE('',#2489,10.);
#105=CIRCLE('',#2490,9.99999999999999);
#106=CIRCLE('',#2492,35.);
#107=CIRCLE('',#2494,35.);
#108=CIRCLE('',#2499,10.);
#109=CIRCLE('',#2504,10.);
#110=CIRCLE('',#2509,9.99999999999999);
#111=CIRCLE('',#2514,9.99999999999999);
#112=CIRCLE('',#2519,11.25);
#113=CIRCLE('',#2520,8.75);
#114=CIRCLE('',#2523,8.75);
#115=CIRCLE('',#2525,5.);
#116=CIRCLE('',#2527,5.);
#117=CIRCLE('',#2530,11.25);
#118=CIRCLE('',#2531,8.75000000000001);
#119=CIRCLE('',#2534,8.75000000000001);
#120=CIRCLE('',#2536,6.00000000000001);
#121=CIRCLE('',#2538,6.00000000000001);
#122=CIRCLE('',#2541,35.);
#123=CIRCLE('',#2543,34.);
#124=CIRCLE('',#2545,34.);
#125=CIRCLE('',#2547,3.);
#126=CIRCLE('',#2548,3.);
#127=CIRCLE('',#2549,18.);
#128=CIRCLE('',#2551,31.5);
#129=CIRCLE('',#2553,31.5);
#130=CIRCLE('',#2555,18.);
#131=CIRCLE('',#2558,3.);
#132=CIRCLE('',#2561,2.39999999999999);
#133=CIRCLE('',#2562,2.99999999999999);
#134=CIRCLE('',#2564,2.7295);
#135=CIRCLE('',#2566,2.72950000000001);
#136=CIRCLE('',#2569,2.4);
#137=CIRCLE('',#2571,1.9);
#138=CIRCLE('',#2581,3.);
#139=CIRCLE('',#2584,2.40000000000007);
#140=CIRCLE('',#2585,3.);
#141=CIRCLE('',#2587,2.72950000000005);
#142=CIRCLE('',#2589,2.72950000000005);
#143=CIRCLE('',#2592,2.40000000000007);
#144=CIRCLE('',#2594,1.90000000000001);
#145=CIRCLE('',#2604,35.);
#146=CIRCLE('',#2606,34.);
#147=CIRCLE('',#2608,34.);
#148=CIRCLE('',#2610,3.);
#149=CIRCLE('',#2611,3.);
#150=CIRCLE('',#2613,3.);
#151=CIRCLE('',#2616,3.);
#152=CIRCLE('',#2620,13.);
#153=CIRCLE('',#2621,17.5);
#154=CIRCLE('',#2622,17.5);
#155=CIRCLE('',#2624,18.);
#156=CIRCLE('',#2626,18.);
#157=CIRCLE('',#2628,18.);
#158=CIRCLE('',#2632,31.5);
#159=CIRCLE('',#2634,31.5);
#160=CIRCLE('',#2641,14.5);
#161=CIRCLE('',#2643,16.5);
#162=CIRCLE('',#2645,16.5);
#163=CIRCLE('',#2647,14.5);
#164=CIRCLE('',#2649,13.);
#165=CIRCLE('',#2651,11.);
#166=CIRCLE('',#2653,11.);
#167=ORIENTED_EDGE('',*,*,#585,.T.);
#168=ORIENTED_EDGE('',*,*,#586,.T.);
#169=ORIENTED_EDGE('',*,*,#587,.F.);
#170=ORIENTED_EDGE('',*,*,#588,.T.);
#171=ORIENTED_EDGE('',*,*,#589,.T.);
#172=ORIENTED_EDGE('',*,*,#590,.T.);
#173=ORIENTED_EDGE('',*,*,#591,.T.);
#174=ORIENTED_EDGE('',*,*,#592,.F.);
#175=ORIENTED_EDGE('',*,*,#593,.F.);
#176=ORIENTED_EDGE('',*,*,#594,.T.);
#177=ORIENTED_EDGE('',*,*,#595,.F.);
#178=ORIENTED_EDGE('',*,*,#596,.T.);
#179=ORIENTED_EDGE('',*,*,#597,.T.);
#180=ORIENTED_EDGE('',*,*,#598,.T.);
#181=ORIENTED_EDGE('',*,*,#599,.F.);
#182=ORIENTED_EDGE('',*,*,#600,.F.);
#183=ORIENTED_EDGE('',*,*,#601,.T.);
#184=ORIENTED_EDGE('',*,*,#602,.T.);
#185=ORIENTED_EDGE('',*,*,#590,.F.);
#186=ORIENTED_EDGE('',*,*,#603,.F.);
#187=ORIENTED_EDGE('',*,*,#604,.F.);
#188=ORIENTED_EDGE('',*,*,#605,.F.);
#189=ORIENTED_EDGE('',*,*,#606,.T.);
#190=ORIENTED_EDGE('',*,*,#607,.T.);
#191=ORIENTED_EDGE('',*,*,#589,.F.);
#192=ORIENTED_EDGE('',*,*,#608,.F.);
#193=ORIENTED_EDGE('',*,*,#609,.F.);
#194=ORIENTED_EDGE('',*,*,#610,.T.);
#195=ORIENTED_EDGE('',*,*,#611,.F.);
#196=ORIENTED_EDGE('',*,*,#612,.F.);
#197=ORIENTED_EDGE('',*,*,#597,.F.);
#198=ORIENTED_EDGE('',*,*,#613,.F.);
#199=ORIENTED_EDGE('',*,*,#614,.F.);
#200=ORIENTED_EDGE('',*,*,#615,.T.);
#201=ORIENTED_EDGE('',*,*,#616,.F.);
#202=ORIENTED_EDGE('',*,*,#617,.F.);
#203=ORIENTED_EDGE('',*,*,#596,.F.);
#204=ORIENTED_EDGE('',*,*,#618,.F.);
#205=ORIENTED_EDGE('',*,*,#619,.T.);
#206=ORIENTED_EDGE('',*,*,#607,.F.);
#207=ORIENTED_EDGE('',*,*,#620,.T.);
#208=ORIENTED_EDGE('',*,*,#587,.T.);
#209=ORIENTED_EDGE('',*,*,#621,.T.);
#210=ORIENTED_EDGE('',*,*,#622,.T.);
#211=ORIENTED_EDGE('',*,*,#623,.T.);
#212=ORIENTED_EDGE('',*,*,#592,.T.);
#213=ORIENTED_EDGE('',*,*,#624,.F.);
#214=ORIENTED_EDGE('',*,*,#625,.F.);
#215=ORIENTED_EDGE('',*,*,#626,.F.);
#216=ORIENTED_EDGE('',*,*,#627,.F.);
#217=ORIENTED_EDGE('',*,*,#628,.T.);
#218=ORIENTED_EDGE('',*,*,#615,.F.);
#219=ORIENTED_EDGE('',*,*,#629,.F.);
#220=ORIENTED_EDGE('',*,*,#630,.F.);
#221=ORIENTED_EDGE('',*,*,#631,.F.);
#222=ORIENTED_EDGE('',*,*,#632,.F.);
#223=ORIENTED_EDGE('',*,*,#633,.T.);
#224=ORIENTED_EDGE('',*,*,#612,.T.);
#225=ORIENTED_EDGE('',*,*,#634,.F.);
#226=ORIENTED_EDGE('',*,*,#635,.F.);
#227=ORIENTED_EDGE('',*,*,#636,.T.);
#228=ORIENTED_EDGE('',*,*,#637,.T.);
#229=ORIENTED_EDGE('',*,*,#638,.F.);
#230=ORIENTED_EDGE('',*,*,#594,.F.);
#231=ORIENTED_EDGE('',*,*,#639,.F.);
#232=ORIENTED_EDGE('',*,*,#640,.F.);
#233=ORIENTED_EDGE('',*,*,#641,.F.);
#234=ORIENTED_EDGE('',*,*,#585,.F.);
#235=ORIENTED_EDGE('',*,*,#642,.T.);
#236=ORIENTED_EDGE('',*,*,#600,.T.);
#237=ORIENTED_EDGE('',*,*,#643,.F.);
#238=ORIENTED_EDGE('',*,*,#625,.T.);
#239=ORIENTED_EDGE('',*,*,#644,.F.);
#240=ORIENTED_EDGE('',*,*,#645,.F.);
#241=ORIENTED_EDGE('',*,*,#646,.F.);
#242=ORIENTED_EDGE('',*,*,#647,.T.);
#243=ORIENTED_EDGE('',*,*,#648,.F.);
#244=ORIENTED_EDGE('',*,*,#637,.F.);
#245=ORIENTED_EDGE('',*,*,#649,.F.);
#246=ORIENTED_EDGE('',*,*,#650,.F.);
#247=ORIENTED_EDGE('',*,*,#651,.F.);
#248=ORIENTED_EDGE('',*,*,#602,.F.);
#249=ORIENTED_EDGE('',*,*,#652,.T.);
#250=ORIENTED_EDGE('',*,*,#605,.T.);
#251=ORIENTED_EDGE('',*,*,#653,.F.);
#252=ORIENTED_EDGE('',*,*,#654,.F.);
#253=ORIENTED_EDGE('',*,*,#655,.F.);
#254=ORIENTED_EDGE('',*,*,#617,.T.);
#255=ORIENTED_EDGE('',*,*,#656,.F.);
#256=ORIENTED_EDGE('',*,*,#657,.F.);
#257=ORIENTED_EDGE('',*,*,#658,.F.);
#258=ORIENTED_EDGE('',*,*,#645,.T.);
#259=ORIENTED_EDGE('',*,*,#659,.F.);
#260=ORIENTED_EDGE('',*,*,#647,.F.);
#261=ORIENTED_EDGE('',*,*,#660,.F.);
#262=ORIENTED_EDGE('',*,*,#661,.F.);
#263=ORIENTED_EDGE('',*,*,#662,.F.);
#264=ORIENTED_EDGE('',*,*,#610,.F.);
#265=ORIENTED_EDGE('',*,*,#663,.F.);
#266=ORIENTED_EDGE('',*,*,#664,.F.);
#267=ORIENTED_EDGE('',*,*,#665,.T.);
#268=ORIENTED_EDGE('',*,*,#606,.F.);
#269=ORIENTED_EDGE('',*,*,#652,.F.);
#270=ORIENTED_EDGE('',*,*,#601,.F.);
#271=ORIENTED_EDGE('',*,*,#642,.F.);
#272=ORIENTED_EDGE('',*,*,#588,.F.);
#273=ORIENTED_EDGE('',*,*,#620,.F.);
#274=ORIENTED_EDGE('',*,*,#666,.F.);
#275=ORIENTED_EDGE('',*,*,#644,.T.);
#276=ORIENTED_EDGE('',*,*,#624,.T.);
#277=ORIENTED_EDGE('',*,*,#595,.T.);
#278=ORIENTED_EDGE('',*,*,#638,.T.);
#279=ORIENTED_EDGE('',*,*,#648,.T.);
#280=ORIENTED_EDGE('',*,*,#659,.T.);
#281=ORIENTED_EDGE('',*,*,#622,.F.);
#282=ORIENTED_EDGE('',*,*,#667,.F.);
#283=ORIENTED_EDGE('',*,*,#640,.T.);
#284=ORIENTED_EDGE('',*,*,#668,.T.);
#285=ORIENTED_EDGE('',*,*,#623,.F.);
#286=ORIENTED_EDGE('',*,*,#668,.F.);
#287=ORIENTED_EDGE('',*,*,#639,.T.);
#288=ORIENTED_EDGE('',*,*,#593,.T.);
#289=ORIENTED_EDGE('',*,*,#621,.F.);
#290=ORIENTED_EDGE('',*,*,#586,.F.);
#291=ORIENTED_EDGE('',*,*,#641,.T.);
#292=ORIENTED_EDGE('',*,*,#667,.T.);
#293=ORIENTED_EDGE('',*,*,#669,.T.);
#294=ORIENTED_EDGE('',*,*,#627,.T.);
#295=ORIENTED_EDGE('',*,*,#670,.T.);
#296=ORIENTED_EDGE('',*,*,#671,.T.);
#297=ORIENTED_EDGE('',*,*,#618,.T.);
#298=ORIENTED_EDGE('',*,*,#616,.T.);
#299=ORIENTED_EDGE('',*,*,#628,.F.);
#300=ORIENTED_EDGE('',*,*,#669,.F.);
#301=ORIENTED_EDGE('',*,*,#672,.T.);
#302=ORIENTED_EDGE('',*,*,#656,.T.);
#303=ORIENTED_EDGE('',*,*,#643,.T.);
#304=ORIENTED_EDGE('',*,*,#658,.T.);
#305=ORIENTED_EDGE('',*,*,#673,.F.);
#306=ORIENTED_EDGE('',*,*,#670,.F.);
#307=ORIENTED_EDGE('',*,*,#626,.T.);
#308=ORIENTED_EDGE('',*,*,#657,.T.);
#309=ORIENTED_EDGE('',*,*,#672,.F.);
#310=ORIENTED_EDGE('',*,*,#671,.F.);
#311=ORIENTED_EDGE('',*,*,#673,.T.);
#312=ORIENTED_EDGE('',*,*,#674,.T.);
#313=ORIENTED_EDGE('',*,*,#675,.T.);
#314=ORIENTED_EDGE('',*,*,#676,.T.);
#315=ORIENTED_EDGE('',*,*,#635,.T.);
#316=ORIENTED_EDGE('',*,*,#613,.T.);
#317=ORIENTED_EDGE('',*,*,#611,.T.);
#318=ORIENTED_EDGE('',*,*,#662,.T.);
#319=ORIENTED_EDGE('',*,*,#677,.F.);
#320=ORIENTED_EDGE('',*,*,#674,.F.);
#321=ORIENTED_EDGE('',*,*,#634,.T.);
#322=ORIENTED_EDGE('',*,*,#661,.T.);
#323=ORIENTED_EDGE('',*,*,#678,.F.);
#324=ORIENTED_EDGE('',*,*,#675,.F.);
#325=ORIENTED_EDGE('',*,*,#677,.T.);
#326=ORIENTED_EDGE('',*,*,#646,.T.);
#327=ORIENTED_EDGE('',*,*,#636,.F.);
#328=ORIENTED_EDGE('',*,*,#676,.F.);
#329=ORIENTED_EDGE('',*,*,#678,.T.);
#330=ORIENTED_EDGE('',*,*,#660,.T.);
#331=ORIENTED_EDGE('',*,*,#679,.T.);
#332=ORIENTED_EDGE('',*,*,#630,.T.);
#333=ORIENTED_EDGE('',*,*,#680,.T.);
#334=ORIENTED_EDGE('',*,*,#681,.T.);
#335=ORIENTED_EDGE('',*,*,#608,.T.);
#336=ORIENTED_EDGE('',*,*,#604,.T.);
#337=ORIENTED_EDGE('',*,*,#619,.F.);
#338=ORIENTED_EDGE('',*,*,#679,.F.);
#339=ORIENTED_EDGE('',*,*,#682,.T.);
#340=ORIENTED_EDGE('',*,*,#653,.T.);
#341=ORIENTED_EDGE('',*,*,#614,.T.);
#342=ORIENTED_EDGE('',*,*,#655,.T.);
#343=ORIENTED_EDGE('',*,*,#683,.F.);
#344=ORIENTED_EDGE('',*,*,#680,.F.);
#345=ORIENTED_EDGE('',*,*,#629,.T.);
#346=ORIENTED_EDGE('',*,*,#654,.T.);
#347=ORIENTED_EDGE('',*,*,#682,.F.);
#348=ORIENTED_EDGE('',*,*,#681,.F.);
#349=ORIENTED_EDGE('',*,*,#683,.T.);
#350=ORIENTED_EDGE('',*,*,#684,.T.);
#351=ORIENTED_EDGE('',*,*,#685,.T.);
#352=ORIENTED_EDGE('',*,*,#686,.T.);
#353=ORIENTED_EDGE('',*,*,#632,.T.);
#354=ORIENTED_EDGE('',*,*,#603,.T.);
#355=ORIENTED_EDGE('',*,*,#599,.T.);
#356=ORIENTED_EDGE('',*,*,#651,.T.);
#357=ORIENTED_EDGE('',*,*,#687,.F.);
#358=ORIENTED_EDGE('',*,*,#684,.F.);
#359=ORIENTED_EDGE('',*,*,#631,.T.);
#360=ORIENTED_EDGE('',*,*,#664,.T.);
#361=ORIENTED_EDGE('',*,*,#688,.F.);
#362=ORIENTED_EDGE('',*,*,#685,.F.);
#363=ORIENTED_EDGE('',*,*,#687,.T.);
#364=ORIENTED_EDGE('',*,*,#609,.T.);
#365=ORIENTED_EDGE('',*,*,#633,.F.);
#366=ORIENTED_EDGE('',*,*,#686,.F.);
#367=ORIENTED_EDGE('',*,*,#688,.T.);
#368=ORIENTED_EDGE('',*,*,#663,.T.);
#369=ORIENTED_EDGE('',*,*,#689,.F.);
#370=ORIENTED_EDGE('',*,*,#690,.T.);
#371=ORIENTED_EDGE('',*,*,#598,.F.);
#372=ORIENTED_EDGE('',*,*,#689,.T.);
#373=ORIENTED_EDGE('',*,*,#690,.F.);
#374=ORIENTED_EDGE('',*,*,#691,.T.);
#375=ORIENTED_EDGE('',*,*,#692,.F.);
#376=ORIENTED_EDGE('',*,*,#692,.T.);
#377=ORIENTED_EDGE('',*,*,#693,.F.);
#378=ORIENTED_EDGE('',*,*,#693,.T.);
#379=ORIENTED_EDGE('',*,*,#691,.F.);
#380=ORIENTED_EDGE('',*,*,#694,.F.);
#381=ORIENTED_EDGE('',*,*,#695,.T.);
#382=ORIENTED_EDGE('',*,*,#591,.F.);
#383=ORIENTED_EDGE('',*,*,#694,.T.);
#384=ORIENTED_EDGE('',*,*,#695,.F.);
#385=ORIENTED_EDGE('',*,*,#696,.T.);
#386=ORIENTED_EDGE('',*,*,#697,.F.);
#387=ORIENTED_EDGE('',*,*,#697,.T.);
#388=ORIENTED_EDGE('',*,*,#698,.F.);
#389=ORIENTED_EDGE('',*,*,#698,.T.);
#390=ORIENTED_EDGE('',*,*,#696,.F.);
#391=ORIENTED_EDGE('',*,*,#699,.F.);
#392=ORIENTED_EDGE('',*,*,#666,.T.);
#393=ORIENTED_EDGE('',*,*,#700,.F.);
#394=ORIENTED_EDGE('',*,*,#699,.T.);
#395=ORIENTED_EDGE('',*,*,#700,.T.);
#396=ORIENTED_EDGE('',*,*,#701,.F.);
#397=ORIENTED_EDGE('',*,*,#702,.T.);
#398=ORIENTED_EDGE('',*,*,#703,.T.);
#399=ORIENTED_EDGE('',*,*,#704,.F.);
#400=ORIENTED_EDGE('',*,*,#701,.T.);
#401=ORIENTED_EDGE('',*,*,#705,.F.);
#402=ORIENTED_EDGE('',*,*,#705,.T.);
#403=ORIENTED_EDGE('',*,*,#706,.F.);
#404=ORIENTED_EDGE('',*,*,#706,.T.);
#405=ORIENTED_EDGE('',*,*,#707,.F.);
#406=ORIENTED_EDGE('',*,*,#707,.T.);
#407=ORIENTED_EDGE('',*,*,#704,.T.);
#408=ORIENTED_EDGE('',*,*,#708,.T.);
#409=ORIENTED_EDGE('',*,*,#703,.F.);
#410=ORIENTED_EDGE('',*,*,#708,.F.);
#411=ORIENTED_EDGE('',*,*,#709,.F.);
#412=ORIENTED_EDGE('',*,*,#710,.T.);
#413=ORIENTED_EDGE('',*,*,#711,.T.);
#414=ORIENTED_EDGE('',*,*,#710,.F.);
#415=ORIENTED_EDGE('',*,*,#712,.T.);
#416=ORIENTED_EDGE('',*,*,#711,.F.);
#417=ORIENTED_EDGE('',*,*,#650,.T.);
#418=ORIENTED_EDGE('',*,*,#712,.F.);
#419=ORIENTED_EDGE('',*,*,#713,.F.);
#420=ORIENTED_EDGE('',*,*,#709,.T.);
#421=ORIENTED_EDGE('',*,*,#714,.F.);
#422=ORIENTED_EDGE('',*,*,#713,.T.);
#423=ORIENTED_EDGE('',*,*,#715,.F.);
#424=ORIENTED_EDGE('',*,*,#716,.F.);
#425=ORIENTED_EDGE('',*,*,#717,.F.);
#426=ORIENTED_EDGE('',*,*,#718,.F.);
#427=ORIENTED_EDGE('',*,*,#719,.F.);
#428=ORIENTED_EDGE('',*,*,#720,.F.);
#429=ORIENTED_EDGE('',*,*,#714,.T.);
#430=ORIENTED_EDGE('',*,*,#716,.T.);
#431=ORIENTED_EDGE('',*,*,#721,.F.);
#432=ORIENTED_EDGE('',*,*,#722,.F.);
#433=ORIENTED_EDGE('',*,*,#723,.T.);
#434=ORIENTED_EDGE('',*,*,#715,.T.);
#435=ORIENTED_EDGE('',*,*,#724,.F.);
#436=ORIENTED_EDGE('',*,*,#725,.F.);
#437=ORIENTED_EDGE('',*,*,#721,.T.);
#438=ORIENTED_EDGE('',*,*,#720,.T.);
#439=ORIENTED_EDGE('',*,*,#726,.F.);
#440=ORIENTED_EDGE('',*,*,#727,.F.);
#441=ORIENTED_EDGE('',*,*,#724,.T.);
#442=ORIENTED_EDGE('',*,*,#719,.T.);
#443=ORIENTED_EDGE('',*,*,#728,.F.);
#444=ORIENTED_EDGE('',*,*,#729,.F.);
#445=ORIENTED_EDGE('',*,*,#726,.T.);
#446=ORIENTED_EDGE('',*,*,#718,.T.);
#447=ORIENTED_EDGE('',*,*,#730,.F.);
#448=ORIENTED_EDGE('',*,*,#731,.F.);
#449=ORIENTED_EDGE('',*,*,#728,.T.);
#450=ORIENTED_EDGE('',*,*,#717,.T.);
#451=ORIENTED_EDGE('',*,*,#723,.F.);
#452=ORIENTED_EDGE('',*,*,#732,.F.);
#453=ORIENTED_EDGE('',*,*,#730,.T.);
#454=ORIENTED_EDGE('',*,*,#722,.T.);
#455=ORIENTED_EDGE('',*,*,#725,.T.);
#456=ORIENTED_EDGE('',*,*,#727,.T.);
#457=ORIENTED_EDGE('',*,*,#729,.T.);
#458=ORIENTED_EDGE('',*,*,#731,.T.);
#459=ORIENTED_EDGE('',*,*,#732,.T.);
#460=ORIENTED_EDGE('',*,*,#733,.T.);
#461=ORIENTED_EDGE('',*,*,#702,.F.);
#462=ORIENTED_EDGE('',*,*,#733,.F.);
#463=ORIENTED_EDGE('',*,*,#734,.F.);
#464=ORIENTED_EDGE('',*,*,#735,.T.);
#465=ORIENTED_EDGE('',*,*,#736,.T.);
#466=ORIENTED_EDGE('',*,*,#735,.F.);
#467=ORIENTED_EDGE('',*,*,#737,.T.);
#468=ORIENTED_EDGE('',*,*,#736,.F.);
#469=ORIENTED_EDGE('',*,*,#649,.T.);
#470=ORIENTED_EDGE('',*,*,#737,.F.);
#471=ORIENTED_EDGE('',*,*,#738,.F.);
#472=ORIENTED_EDGE('',*,*,#734,.T.);
#473=ORIENTED_EDGE('',*,*,#739,.F.);
#474=ORIENTED_EDGE('',*,*,#738,.T.);
#475=ORIENTED_EDGE('',*,*,#740,.F.);
#476=ORIENTED_EDGE('',*,*,#741,.F.);
#477=ORIENTED_EDGE('',*,*,#742,.F.);
#478=ORIENTED_EDGE('',*,*,#743,.F.);
#479=ORIENTED_EDGE('',*,*,#744,.F.);
#480=ORIENTED_EDGE('',*,*,#745,.F.);
#481=ORIENTED_EDGE('',*,*,#739,.T.);
#482=ORIENTED_EDGE('',*,*,#741,.T.);
#483=ORIENTED_EDGE('',*,*,#746,.F.);
#484=ORIENTED_EDGE('',*,*,#747,.F.);
#485=ORIENTED_EDGE('',*,*,#748,.T.);
#486=ORIENTED_EDGE('',*,*,#740,.T.);
#487=ORIENTED_EDGE('',*,*,#749,.F.);
#488=ORIENTED_EDGE('',*,*,#750,.F.);
#489=ORIENTED_EDGE('',*,*,#746,.T.);
#490=ORIENTED_EDGE('',*,*,#745,.T.);
#491=ORIENTED_EDGE('',*,*,#751,.F.);
#492=ORIENTED_EDGE('',*,*,#752,.F.);
#493=ORIENTED_EDGE('',*,*,#749,.T.);
#494=ORIENTED_EDGE('',*,*,#744,.T.);
#495=ORIENTED_EDGE('',*,*,#753,.F.);
#496=ORIENTED_EDGE('',*,*,#754,.F.);
#497=ORIENTED_EDGE('',*,*,#751,.T.);
#498=ORIENTED_EDGE('',*,*,#743,.T.);
#499=ORIENTED_EDGE('',*,*,#755,.F.);
#500=ORIENTED_EDGE('',*,*,#756,.F.);
#501=ORIENTED_EDGE('',*,*,#753,.T.);
#502=ORIENTED_EDGE('',*,*,#742,.T.);
#503=ORIENTED_EDGE('',*,*,#748,.F.);
#504=ORIENTED_EDGE('',*,*,#757,.F.);
#505=ORIENTED_EDGE('',*,*,#755,.T.);
#506=ORIENTED_EDGE('',*,*,#747,.T.);
#507=ORIENTED_EDGE('',*,*,#750,.T.);
#508=ORIENTED_EDGE('',*,*,#752,.T.);
#509=ORIENTED_EDGE('',*,*,#754,.T.);
#510=ORIENTED_EDGE('',*,*,#756,.T.);
#511=ORIENTED_EDGE('',*,*,#757,.T.);
#512=ORIENTED_EDGE('',*,*,#758,.T.);
#513=ORIENTED_EDGE('',*,*,#665,.F.);
#514=ORIENTED_EDGE('',*,*,#759,.F.);
#515=ORIENTED_EDGE('',*,*,#758,.F.);
#516=ORIENTED_EDGE('',*,*,#759,.T.);
#517=ORIENTED_EDGE('',*,*,#760,.T.);
#518=ORIENTED_EDGE('',*,*,#761,.F.);
#519=ORIENTED_EDGE('',*,*,#762,.F.);
#520=ORIENTED_EDGE('',*,*,#760,.F.);
#521=ORIENTED_EDGE('',*,*,#763,.T.);
#522=ORIENTED_EDGE('',*,*,#762,.T.);
#523=ORIENTED_EDGE('',*,*,#763,.F.);
#524=ORIENTED_EDGE('',*,*,#764,.T.);
#525=ORIENTED_EDGE('',*,*,#761,.T.);
#526=ORIENTED_EDGE('',*,*,#764,.F.);
#527=ORIENTED_EDGE('',*,*,#765,.T.);
#528=ORIENTED_EDGE('',*,*,#766,.F.);
#529=ORIENTED_EDGE('',*,*,#767,.F.);
#530=ORIENTED_EDGE('',*,*,#768,.T.);
#531=ORIENTED_EDGE('',*,*,#769,.F.);
#532=ORIENTED_EDGE('',*,*,#770,.F.);
#533=ORIENTED_EDGE('',*,*,#771,.F.);
#534=ORIENTED_EDGE('',*,*,#772,.F.);
#535=ORIENTED_EDGE('',*,*,#767,.T.);
#536=ORIENTED_EDGE('',*,*,#773,.F.);
#537=ORIENTED_EDGE('',*,*,#769,.T.);
#538=ORIENTED_EDGE('',*,*,#774,.F.);
#539=ORIENTED_EDGE('',*,*,#775,.F.);
#540=ORIENTED_EDGE('',*,*,#776,.F.);
#541=ORIENTED_EDGE('',*,*,#777,.F.);
#542=ORIENTED_EDGE('',*,*,#778,.F.);
#543=ORIENTED_EDGE('',*,*,#775,.T.);
#544=ORIENTED_EDGE('',*,*,#779,.F.);
#545=ORIENTED_EDGE('',*,*,#780,.F.);
#546=ORIENTED_EDGE('',*,*,#781,.F.);
#547=ORIENTED_EDGE('',*,*,#771,.T.);
#548=ORIENTED_EDGE('',*,*,#782,.F.);
#549=ORIENTED_EDGE('',*,*,#783,.F.);
#550=ORIENTED_EDGE('',*,*,#776,.T.);
#551=ORIENTED_EDGE('',*,*,#784,.F.);
#552=ORIENTED_EDGE('',*,*,#783,.T.);
#553=ORIENTED_EDGE('',*,*,#784,.T.);
#554=ORIENTED_EDGE('',*,*,#772,.T.);
#555=ORIENTED_EDGE('',*,*,#781,.T.);
#556=ORIENTED_EDGE('',*,*,#785,.T.);
#557=ORIENTED_EDGE('',*,*,#779,.T.);
#558=ORIENTED_EDGE('',*,*,#774,.T.);
#559=ORIENTED_EDGE('',*,*,#768,.F.);
#560=ORIENTED_EDGE('',*,*,#780,.T.);
#561=ORIENTED_EDGE('',*,*,#785,.F.);
#562=ORIENTED_EDGE('',*,*,#777,.T.);
#563=ORIENTED_EDGE('',*,*,#786,.T.);
#564=ORIENTED_EDGE('',*,*,#773,.T.);
#565=ORIENTED_EDGE('',*,*,#778,.T.);
#566=ORIENTED_EDGE('',*,*,#786,.F.);
#567=ORIENTED_EDGE('',*,*,#782,.T.);
#568=ORIENTED_EDGE('',*,*,#770,.T.);
#569=ORIENTED_EDGE('',*,*,#766,.T.);
#570=ORIENTED_EDGE('',*,*,#787,.F.);
#571=ORIENTED_EDGE('',*,*,#788,.F.);
#572=ORIENTED_EDGE('',*,*,#787,.T.);
#573=ORIENTED_EDGE('',*,*,#789,.F.);
#574=ORIENTED_EDGE('',*,*,#788,.T.);
#575=ORIENTED_EDGE('',*,*,#790,.F.);
#576=ORIENTED_EDGE('',*,*,#789,.T.);
#577=ORIENTED_EDGE('',*,*,#791,.F.);
#578=ORIENTED_EDGE('',*,*,#790,.T.);
#579=ORIENTED_EDGE('',*,*,#792,.F.);
#580=ORIENTED_EDGE('',*,*,#791,.T.);
#581=ORIENTED_EDGE('',*,*,#793,.F.);
#582=ORIENTED_EDGE('',*,*,#792,.T.);
#583=ORIENTED_EDGE('',*,*,#765,.F.);
#584=ORIENTED_EDGE('',*,*,#793,.T.);
#585=EDGE_CURVE('',#794,#795,#959,.T.);
#586=EDGE_CURVE('',#795,#796,#960,.T.);
#587=EDGE_CURVE('',#797,#796,#961,.T.);
#588=EDGE_CURVE('',#797,#794,#962,.T.);
#589=EDGE_CURVE('',#798,#798,#90,.T.);
#590=EDGE_CURVE('',#799,#799,#91,.T.);
#591=EDGE_CURVE('',#800,#800,#92,.T.);
#592=EDGE_CURVE('',#801,#802,#963,.T.);
#593=EDGE_CURVE('',#803,#801,#964,.T.);
#594=EDGE_CURVE('',#803,#804,#965,.T.);
#595=EDGE_CURVE('',#802,#804,#966,.T.);
#596=EDGE_CURVE('',#805,#805,#93,.T.);
#597=EDGE_CURVE('',#806,#806,#94,.T.);
#598=EDGE_CURVE('',#807,#807,#95,.T.);
#599=EDGE_CURVE('',#808,#809,#967,.T.);
#600=EDGE_CURVE('',#810,#808,#968,.T.);
#601=EDGE_CURVE('',#810,#811,#969,.T.);
#602=EDGE_CURVE('',#811,#809,#970,.T.);
#603=EDGE_CURVE('',#812,#812,#96,.F.);
#604=EDGE_CURVE('',#813,#814,#971,.T.);
#605=EDGE_CURVE('',#815,#813,#972,.T.);
#606=EDGE_CURVE('',#815,#816,#973,.T.);
#607=EDGE_CURVE('',#816,#814,#974,.T.);
#608=EDGE_CURVE('',#817,#817,#97,.F.);
#609=EDGE_CURVE('',#818,#819,#975,.T.);
#610=EDGE_CURVE('',#818,#820,#976,.T.);
#611=EDGE_CURVE('',#821,#820,#977,.T.);
#612=EDGE_CURVE('',#819,#821,#978,.T.);
#613=EDGE_CURVE('',#822,#822,#98,.F.);
#614=EDGE_CURVE('',#823,#824,#979,.T.);
#615=EDGE_CURVE('',#823,#825,#980,.T.);
#616=EDGE_CURVE('',#826,#825,#981,.T.);
#617=EDGE_CURVE('',#824,#826,#982,.T.);
#618=EDGE_CURVE('',#827,#827,#99,.F.);
#619=EDGE_CURVE('',#828,#814,#983,.T.);
#620=EDGE_CURVE('',#816,#797,#984,.T.);
#621=EDGE_CURVE('',#796,#829,#985,.T.);
#622=EDGE_CURVE('',#829,#830,#986,.T.);
#623=EDGE_CURVE('',#830,#801,#987,.T.);
#624=EDGE_CURVE('',#831,#802,#988,.T.);
#625=EDGE_CURVE('',#832,#831,#989,.T.);
#626=EDGE_CURVE('',#833,#832,#990,.T.);
#627=EDGE_CURVE('',#834,#833,#991,.T.);
#628=EDGE_CURVE('',#834,#825,#992,.T.);
#629=EDGE_CURVE('',#835,#823,#993,.T.);
#630=EDGE_CURVE('',#828,#835,#994,.T.);
#631=EDGE_CURVE('',#836,#808,#995,.T.);
#632=EDGE_CURVE('',#837,#836,#996,.T.);
#633=EDGE_CURVE('',#837,#819,#997,.T.);
#634=EDGE_CURVE('',#838,#821,#998,.T.);
#635=EDGE_CURVE('',#839,#838,#999,.T.);
#636=EDGE_CURVE('',#839,#840,#1000,.T.);
#637=EDGE_CURVE('',#840,#841,#1001,.T.);
#638=EDGE_CURVE('',#804,#841,#1002,.T.);
#639=EDGE_CURVE('',#842,#803,#1003,.T.);
#640=EDGE_CURVE('',#843,#842,#1004,.T.);
#641=EDGE_CURVE('',#795,#843,#1005,.T.);
#642=EDGE_CURVE('',#794,#810,#1006,.T.);
#643=EDGE_CURVE('',#832,#844,#1007,.T.);
#644=EDGE_CURVE('',#845,#831,#1008,.T.);
#645=EDGE_CURVE('',#844,#845,#1009,.T.);
#646=EDGE_CURVE('',#846,#840,#1010,.T.);
#647=EDGE_CURVE('',#846,#847,#1011,.T.);
#648=EDGE_CURVE('',#841,#847,#1012,.T.);
#649=EDGE_CURVE('',#848,#848,#100,.T.);
#650=EDGE_CURVE('',#849,#849,#101,.T.);
#651=EDGE_CURVE('',#809,#850,#1013,.T.);
#652=EDGE_CURVE('',#811,#815,#1014,.T.);
#653=EDGE_CURVE('',#851,#813,#1015,.T.);
#654=EDGE_CURVE('',#852,#851,#102,.T.);
#655=EDGE_CURVE('',#824,#852,#1016,.T.);
#656=EDGE_CURVE('',#853,#826,#1017,.T.);
#657=EDGE_CURVE('',#854,#853,#103,.T.);
#658=EDGE_CURVE('',#844,#854,#1018,.T.);
#659=EDGE_CURVE('',#847,#845,#1019,.T.);
#660=EDGE_CURVE('',#855,#846,#1020,.T.);
#661=EDGE_CURVE('',#856,#855,#104,.T.);
#662=EDGE_CURVE('',#820,#856,#1021,.T.);
#663=EDGE_CURVE('',#857,#818,#1022,.T.);
#664=EDGE_CURVE('',#850,#857,#105,.T.);
#665=EDGE_CURVE('',#858,#858,#106,.T.);
#666=EDGE_CURVE('',#859,#859,#107,.T.);
#667=EDGE_CURVE('',#843,#829,#1023,.T.);
#668=EDGE_CURVE('',#842,#830,#1024,.T.);
#669=EDGE_CURVE('',#860,#834,#1025,.T.);
#670=EDGE_CURVE('',#833,#861,#1026,.T.);
#671=EDGE_CURVE('',#861,#860,#108,.T.);
#672=EDGE_CURVE('',#860,#853,#1027,.T.);
#673=EDGE_CURVE('',#861,#854,#1028,.T.);
#674=EDGE_CURVE('',#838,#862,#1029,.T.);
#675=EDGE_CURVE('',#862,#863,#109,.T.);
#676=EDGE_CURVE('',#863,#839,#1030,.T.);
#677=EDGE_CURVE('',#862,#856,#1031,.T.);
#678=EDGE_CURVE('',#863,#855,#1032,.T.);
#679=EDGE_CURVE('',#864,#828,#1033,.T.);
#680=EDGE_CURVE('',#835,#865,#1034,.T.);
#681=EDGE_CURVE('',#865,#864,#110,.T.);
#682=EDGE_CURVE('',#864,#851,#1035,.T.);
#683=EDGE_CURVE('',#865,#852,#1036,.T.);
#684=EDGE_CURVE('',#836,#866,#1037,.T.);
#685=EDGE_CURVE('',#866,#867,#111,.T.);
#686=EDGE_CURVE('',#867,#837,#1038,.T.);
#687=EDGE_CURVE('',#866,#850,#1039,.T.);
#688=EDGE_CURVE('',#867,#857,#1040,.T.);
#689=EDGE_CURVE('',#868,#868,#112,.T.);
#690=EDGE_CURVE('',#869,#869,#113,.T.);
#691=EDGE_CURVE('',#870,#870,#114,.T.);
#692=EDGE_CURVE('',#871,#871,#115,.T.);
#693=EDGE_CURVE('',#872,#872,#116,.T.);
#694=EDGE_CURVE('',#873,#873,#117,.T.);
#695=EDGE_CURVE('',#874,#874,#118,.T.);
#696=EDGE_CURVE('',#875,#875,#119,.T.);
#697=EDGE_CURVE('',#876,#876,#120,.T.);
#698=EDGE_CURVE('',#877,#877,#121,.T.);
#699=EDGE_CURVE('',#878,#878,#122,.T.);
#700=EDGE_CURVE('',#879,#879,#123,.T.);
#701=EDGE_CURVE('',#880,#880,#124,.T.);
#702=EDGE_CURVE('',#881,#881,#125,.T.);
#703=EDGE_CURVE('',#882,#882,#126,.T.);
#704=EDGE_CURVE('',#883,#883,#127,.T.);
#705=EDGE_CURVE('',#884,#884,#128,.T.);
#706=EDGE_CURVE('',#885,#885,#129,.T.);
#707=EDGE_CURVE('',#886,#886,#130,.T.);
#708=EDGE_CURVE('',#887,#887,#131,.T.);
#709=EDGE_CURVE('',#889,#889,#132,.T.);
#710=EDGE_CURVE('',#890,#890,#133,.T.);
#711=EDGE_CURVE('',#891,#891,#134,.T.);
#712=EDGE_CURVE('',#892,#892,#135,.T.);
#713=EDGE_CURVE('',#893,#893,#136,.T.);
#714=EDGE_CURVE('',#894,#894,#137,.T.);
#715=EDGE_CURVE('',#895,#896,#1041,.T.);
#716=EDGE_CURVE('',#897,#895,#1042,.T.);
#717=EDGE_CURVE('',#898,#897,#1043,.T.);
#718=EDGE_CURVE('',#899,#898,#1044,.T.);
#719=EDGE_CURVE('',#900,#899,#1045,.T.);
#720=EDGE_CURVE('',#896,#900,#1046,.T.);
#721=EDGE_CURVE('',#901,#895,#1047,.T.);
#722=EDGE_CURVE('',#902,#901,#1048,.T.);
#723=EDGE_CURVE('',#902,#897,#1049,.T.);
#724=EDGE_CURVE('',#903,#896,#1050,.T.);
#725=EDGE_CURVE('',#901,#903,#1051,.T.);
#726=EDGE_CURVE('',#904,#900,#1052,.T.);
#727=EDGE_CURVE('',#903,#904,#1053,.T.);
#728=EDGE_CURVE('',#905,#899,#1054,.T.);
#729=EDGE_CURVE('',#904,#905,#1055,.T.);
#730=EDGE_CURVE('',#906,#898,#1056,.T.);
#731=EDGE_CURVE('',#905,#906,#1057,.T.);
#732=EDGE_CURVE('',#906,#902,#1058,.T.);
#733=EDGE_CURVE('',#907,#907,#138,.T.);
#734=EDGE_CURVE('',#909,#909,#139,.T.);
#735=EDGE_CURVE('',#910,#910,#140,.T.);
#736=EDGE_CURVE('',#911,#911,#141,.T.);
#737=EDGE_CURVE('',#912,#912,#142,.T.);
#738=EDGE_CURVE('',#913,#913,#143,.T.);
#739=EDGE_CURVE('',#914,#914,#144,.T.);
#740=EDGE_CURVE('',#915,#916,#1059,.T.);
#741=EDGE_CURVE('',#917,#915,#1060,.T.);
#742=EDGE_CURVE('',#918,#917,#1061,.T.);
#743=EDGE_CURVE('',#919,#918,#1062,.T.);
#744=EDGE_CURVE('',#920,#919,#1063,.T.);
#745=EDGE_CURVE('',#916,#920,#1064,.T.);
#746=EDGE_CURVE('',#921,#915,#1065,.T.);
#747=EDGE_CURVE('',#922,#921,#1066,.T.);
#748=EDGE_CURVE('',#922,#917,#1067,.T.);
#749=EDGE_CURVE('',#923,#916,#1068,.T.);
#750=EDGE_CURVE('',#921,#923,#1069,.T.);
#751=EDGE_CURVE('',#924,#920,#1070,.T.);
#752=EDGE_CURVE('',#923,#924,#1071,.T.);
#753=EDGE_CURVE('',#925,#919,#1072,.T.);
#754=EDGE_CURVE('',#924,#925,#1073,.T.);
#755=EDGE_CURVE('',#926,#918,#1074,.T.);
#756=EDGE_CURVE('',#925,#926,#1075,.T.);
#757=EDGE_CURVE('',#926,#922,#1076,.T.);
#758=EDGE_CURVE('',#927,#927,#145,.T.);
#759=EDGE_CURVE('',#928,#928,#146,.F.);
#760=EDGE_CURVE('',#929,#929,#147,.T.);
#761=EDGE_CURVE('',#930,#930,#148,.T.);
#762=EDGE_CURVE('',#931,#931,#149,.T.);
#763=EDGE_CURVE('',#932,#932,#150,.T.);
#764=EDGE_CURVE('',#934,#934,#151,.T.);
#765=EDGE_CURVE('',#936,#936,#152,.T.);
#766=EDGE_CURVE('',#937,#938,#1077,.T.);
#767=EDGE_CURVE('',#939,#937,#153,.T.);
#768=EDGE_CURVE('',#939,#940,#1078,.T.);
#769=EDGE_CURVE('',#938,#940,#154,.T.);
#770=EDGE_CURVE('',#941,#937,#22,.T.);
#771=EDGE_CURVE('',#942,#941,#155,.T.);
#772=EDGE_CURVE('',#939,#942,#23,.T.);
#773=EDGE_CURVE('',#938,#943,#24,.T.);
#774=EDGE_CURVE('',#944,#940,#25,.T.);
#775=EDGE_CURVE('',#943,#944,#156,.T.);
#776=EDGE_CURVE('',#945,#945,#157,.T.);
#777=EDGE_CURVE('',#946,#947,#20,.T.);
#778=EDGE_CURVE('',#943,#946,#1079,.T.);
#779=EDGE_CURVE('',#948,#944,#1080,.F.);
#780=EDGE_CURVE('',#949,#948,#21,.T.);
#781=EDGE_CURVE('',#942,#949,#1081,.T.);
#782=EDGE_CURVE('',#947,#941,#1082,.F.);
#783=EDGE_CURVE('',#950,#950,#158,.T.);
#784=EDGE_CURVE('',#951,#951,#159,.T.);
#785=EDGE_CURVE('',#949,#948,#1083,.T.);
#786=EDGE_CURVE('',#947,#946,#1084,.T.);
#787=EDGE_CURVE('',#952,#952,#160,.T.);
#788=EDGE_CURVE('',#953,#953,#161,.T.);
#789=EDGE_CURVE('',#954,#954,#162,.T.);
#790=EDGE_CURVE('',#955,#955,#163,.T.);
#791=EDGE_CURVE('',#956,#956,#164,.T.);
#792=EDGE_CURVE('',#957,#957,#165,.T.);
#793=EDGE_CURVE('',#958,#958,#166,.T.);
#794=VERTEX_POINT('',#3179);
#795=VERTEX_POINT('',#3180);
#796=VERTEX_POINT('',#3182);
#797=VERTEX_POINT('',#3184);
#798=VERTEX_POINT('',#3187);
#799=VERTEX_POINT('',#3189);
#800=VERTEX_POINT('',#3191);
#801=VERTEX_POINT('',#3194);
#802=VERTEX_POINT('',#3195);
#803=VERTEX_POINT('',#3197);
#804=VERTEX_POINT('',#3199);
#805=VERTEX_POINT('',#3202);
#806=VERTEX_POINT('',#3204);
#807=VERTEX_POINT('',#3206);
#808=VERTEX_POINT('',#3209);
#809=VERTEX_POINT('',#3210);
#810=VERTEX_POINT('',#3212);
#811=VERTEX_POINT('',#3214);
#812=VERTEX_POINT('',#3218);
#813=VERTEX_POINT('',#3221);
#814=VERTEX_POINT('',#3222);
#815=VERTEX_POINT('',#3224);
#816=VERTEX_POINT('',#3226);
#817=VERTEX_POINT('',#3230);
#818=VERTEX_POINT('',#3233);
#819=VERTEX_POINT('',#3234);
#820=VERTEX_POINT('',#3236);
#821=VERTEX_POINT('',#3238);
#822=VERTEX_POINT('',#3242);
#823=VERTEX_POINT('',#3245);
#824=VERTEX_POINT('',#3246);
#825=VERTEX_POINT('',#3248);
#826=VERTEX_POINT('',#3250);
#827=VERTEX_POINT('',#3254);
#828=VERTEX_POINT('',#3257);
#829=VERTEX_POINT('',#3260);
#830=VERTEX_POINT('',#3262);
#831=VERTEX_POINT('',#3265);
#832=VERTEX_POINT('',#3267);
#833=VERTEX_POINT('',#3269);
#834=VERTEX_POINT('',#3271);
#835=VERTEX_POINT('',#3274);
#836=VERTEX_POINT('',#3278);
#837=VERTEX_POINT('',#3280);
#838=VERTEX_POINT('',#3283);
#839=VERTEX_POINT('',#3285);
#840=VERTEX_POINT('',#3287);
#841=VERTEX_POINT('',#3289);
#842=VERTEX_POINT('',#3292);
#843=VERTEX_POINT('',#3294);
#844=VERTEX_POINT('',#3299);
#845=VERTEX_POINT('',#3301);
#846=VERTEX_POINT('',#3305);
#847=VERTEX_POINT('',#3307);
#848=VERTEX_POINT('',#3311);
#849=VERTEX_POINT('',#3313);
#850=VERTEX_POINT('',#3315);
#851=VERTEX_POINT('',#3318);
#852=VERTEX_POINT('',#3320);
#853=VERTEX_POINT('',#3323);
#854=VERTEX_POINT('',#3325);
#855=VERTEX_POINT('',#3329);
#856=VERTEX_POINT('',#3331);
#857=VERTEX_POINT('',#3334);
#858=VERTEX_POINT('',#3338);
#859=VERTEX_POINT('',#3341);
#860=VERTEX_POINT('',#3349);
#861=VERTEX_POINT('',#3351);
#862=VERTEX_POINT('',#3360);
#863=VERTEX_POINT('',#3362);
#864=VERTEX_POINT('',#3371);
#865=VERTEX_POINT('',#3373);
#866=VERTEX_POINT('',#3382);
#867=VERTEX_POINT('',#3384);
#868=VERTEX_POINT('',#3393);
#869=VERTEX_POINT('',#3395);
#870=VERTEX_POINT('',#3399);
#871=VERTEX_POINT('',#3402);
#872=VERTEX_POINT('',#3405);
#873=VERTEX_POINT('',#3409);
#874=VERTEX_POINT('',#3411);
#875=VERTEX_POINT('',#3415);
#876=VERTEX_POINT('',#3418);
#877=VERTEX_POINT('',#3421);
#878=VERTEX_POINT('',#3425);
#879=VERTEX_POINT('',#3428);
#880=VERTEX_POINT('',#3431);
#881=VERTEX_POINT('',#3434);
#882=VERTEX_POINT('',#3436);
#883=VERTEX_POINT('',#3438);
#884=VERTEX_POINT('',#3441);
#885=VERTEX_POINT('',#3444);
#886=VERTEX_POINT('',#3447);
#887=VERTEX_POINT('',#3451);
#888=VERTEX_POINT('',#3453);
#889=VERTEX_POINT('',#3456);
#890=VERTEX_POINT('',#3458);
#891=VERTEX_POINT('',#3461);
#892=VERTEX_POINT('',#3464);
#893=VERTEX_POINT('',#3468);
#894=VERTEX_POINT('',#3471);
#895=VERTEX_POINT('',#3474);
#896=VERTEX_POINT('',#3475);
#897=VERTEX_POINT('',#3477);
#898=VERTEX_POINT('',#3479);
#899=VERTEX_POINT('',#3481);
#900=VERTEX_POINT('',#3483);
#901=VERTEX_POINT('',#3487);
#902=VERTEX_POINT('',#3489);
#903=VERTEX_POINT('',#3493);
#904=VERTEX_POINT('',#3497);
#905=VERTEX_POINT('',#3501);
#906=VERTEX_POINT('',#3505);
#907=VERTEX_POINT('',#3512);
#908=VERTEX_POINT('',#3514);
#909=VERTEX_POINT('',#3517);
#910=VERTEX_POINT('',#3519);
#911=VERTEX_POINT('',#3522);
#912=VERTEX_POINT('',#3525);
#913=VERTEX_POINT('',#3529);
#914=VERTEX_POINT('',#3532);
#915=VERTEX_POINT('',#3535);
#916=VERTEX_POINT('',#3536);
#917=VERTEX_POINT('',#3538);
#918=VERTEX_POINT('',#3540);
#919=VERTEX_POINT('',#3542);
#920=VERTEX_POINT('',#3544);
#921=VERTEX_POINT('',#3548);
#922=VERTEX_POINT('',#3550);
#923=VERTEX_POINT('',#3554);
#924=VERTEX_POINT('',#3558);
#925=VERTEX_POINT('',#3562);
#926=VERTEX_POINT('',#3566);
#927=VERTEX_POINT('',#3573);
#928=VERTEX_POINT('',#3576);
#929=VERTEX_POINT('',#3579);
#930=VERTEX_POINT('',#3582);
#931=VERTEX_POINT('',#3584);
#932=VERTEX_POINT('',#3587);
#933=VERTEX_POINT('',#3588);
#934=VERTEX_POINT('',#3592);
#935=VERTEX_POINT('',#3593);
#936=VERTEX_POINT('',#3598);
#937=VERTEX_POINT('',#3600);
#938=VERTEX_POINT('',#3601);
#939=VERTEX_POINT('',#3603);
#940=VERTEX_POINT('',#3605);
#941=VERTEX_POINT('',#3612);
#942=VERTEX_POINT('',#3614);
#943=VERTEX_POINT('',#3624);
#944=VERTEX_POINT('',#3629);
#945=VERTEX_POINT('',#3633);
#946=VERTEX_POINT('',#3635);
#947=VERTEX_POINT('',#3636);
#948=VERTEX_POINT('',#3639);
#949=VERTEX_POINT('',#3641);
#950=VERTEX_POINT('',#3646);
#951=VERTEX_POINT('',#3649);
#952=VERTEX_POINT('',#3659);
#953=VERTEX_POINT('',#3662);
#954=VERTEX_POINT('',#3665);
#955=VERTEX_POINT('',#3668);
#956=VERTEX_POINT('',#3671);
#957=VERTEX_POINT('',#3674);
#958=VERTEX_POINT('',#3677);
#959=LINE('',#3178,#1085);
#960=LINE('',#3181,#1086);
#961=LINE('',#3183,#1087);
#962=LINE('',#3185,#1088);
#963=LINE('',#3193,#1089);
#964=LINE('',#3196,#1090);
#965=LINE('',#3198,#1091);
#966=LINE('',#3200,#1092);
#967=LINE('',#3208,#1093);
#968=LINE('',#3211,#1094);
#969=LINE('',#3213,#1095);
#970=LINE('',#3215,#1096);
#971=LINE('',#3220,#1097);
#972=LINE('',#3223,#1098);
#973=LINE('',#3225,#1099);
#974=LINE('',#3227,#1100);
#975=LINE('',#3232,#1101);
#976=LINE('',#3235,#1102);
#977=LINE('',#3237,#1103);
#978=LINE('',#3239,#1104);
#979=LINE('',#3244,#1105);
#980=LINE('',#3247,#1106);
#981=LINE('',#3249,#1107);
#982=LINE('',#3251,#1108);
#983=LINE('',#3256,#1109);
#984=LINE('',#3258,#1110);
#985=LINE('',#3259,#1111);
#986=LINE('',#3261,#1112);
#987=LINE('',#3263,#1113);
#988=LINE('',#3264,#1114);
#989=LINE('',#3266,#1115);
#990=LINE('',#3268,#1116);
#991=LINE('',#3270,#1117);
#992=LINE('',#3272,#1118);
#993=LINE('',#3273,#1119);
#994=LINE('',#3275,#1120);
#995=LINE('',#3277,#1121);
#996=LINE('',#3279,#1122);
#997=LINE('',#3281,#1123);
#998=LINE('',#3282,#1124);
#999=LINE('',#3284,#1125);
#1000=LINE('',#3286,#1126);
#1001=LINE('',#3288,#1127);
#1002=LINE('',#3290,#1128);
#1003=LINE('',#3291,#1129);
#1004=LINE('',#3293,#1130);
#1005=LINE('',#3295,#1131);
#1006=LINE('',#3296,#1132);
#1007=LINE('',#3298,#1133);
#1008=LINE('',#3300,#1134);
#1009=LINE('',#3302,#1135);
#1010=LINE('',#3304,#1136);
#1011=LINE('',#3306,#1137);
#1012=LINE('',#3308,#1138);
#1013=LINE('',#3314,#1139);
#1014=LINE('',#3316,#1140);
#1015=LINE('',#3317,#1141);
#1016=LINE('',#3321,#1142);
#1017=LINE('',#3322,#1143);
#1018=LINE('',#3326,#1144);
#1019=LINE('',#3327,#1145);
#1020=LINE('',#3328,#1146);
#1021=LINE('',#3332,#1147);
#1022=LINE('',#3333,#1148);
#1023=LINE('',#3343,#1149);
#1024=LINE('',#3344,#1150);
#1025=LINE('',#3348,#1151);
#1026=LINE('',#3350,#1152);
#1027=LINE('',#3354,#1153);
#1028=LINE('',#3356,#1154);
#1029=LINE('',#3359,#1155);
#1030=LINE('',#3363,#1156);
#1031=LINE('',#3365,#1157);
#1032=LINE('',#3367,#1158);
#1033=LINE('',#3370,#1159);
#1034=LINE('',#3372,#1160);
#1035=LINE('',#3376,#1161);
#1036=LINE('',#3378,#1162);
#1037=LINE('',#3381,#1163);
#1038=LINE('',#3385,#1164);
#1039=LINE('',#3387,#1165);
#1040=LINE('',#3389,#1166);
#1041=LINE('',#3473,#1167);
#1042=LINE('',#3476,#1168);
#1043=LINE('',#3478,#1169);
#1044=LINE('',#3480,#1170);
#1045=LINE('',#3482,#1171);
#1046=LINE('',#3484,#1172);
#1047=LINE('',#3486,#1173);
#1048=LINE('',#3488,#1174);
#1049=LINE('',#3490,#1175);
#1050=LINE('',#3492,#1176);
#1051=LINE('',#3494,#1177);
#1052=LINE('',#3496,#1178);
#1053=LINE('',#3498,#1179);
#1054=LINE('',#3500,#1180);
#1055=LINE('',#3502,#1181);
#1056=LINE('',#3504,#1182);
#1057=LINE('',#3506,#1183);
#1058=LINE('',#3508,#1184);
#1059=LINE('',#3534,#1185);
#1060=LINE('',#3537,#1186);
#1061=LINE('',#3539,#1187);
#1062=LINE('',#3541,#1188);
#1063=LINE('',#3543,#1189);
#1064=LINE('',#3545,#1190);
#1065=LINE('',#3547,#1191);
#1066=LINE('',#3549,#1192);
#1067=LINE('',#3551,#1193);
#1068=LINE('',#3553,#1194);
#1069=LINE('',#3555,#1195);
#1070=LINE('',#3557,#1196);
#1071=LINE('',#3559,#1197);
#1072=LINE('',#3561,#1198);
#1073=LINE('',#3563,#1199);
#1074=LINE('',#3565,#1200);
#1075=LINE('',#3567,#1201);
#1076=LINE('',#3569,#1202);
#1077=LINE('',#3599,#1203);
#1078=LINE('',#3604,#1204);
#1079=LINE('',#3637,#1205);
#1080=LINE('',#3638,#1206);
#1081=LINE('',#3642,#1207);
#1082=LINE('',#3643,#1208);
#1083=LINE('',#3652,#1209);
#1084=LINE('',#3655,#1210);
#1085=VECTOR('',#2660,1000.);
#1086=VECTOR('',#2661,1000.);
#1087=VECTOR('',#2662,1000.);
#1088=VECTOR('',#2663,1000.);
#1089=VECTOR('',#2672,1000.);
#1090=VECTOR('',#2673,1000.);
#1091=VECTOR('',#2674,1000.);
#1092=VECTOR('',#2675,1000.);
#1093=VECTOR('',#2684,1000.);
#1094=VECTOR('',#2685,1000.);
#1095=VECTOR('',#2686,1000.);
#1096=VECTOR('',#2687,1000.);
#1097=VECTOR('',#2694,1000.);
#1098=VECTOR('',#2695,1000.);
#1099=VECTOR('',#2696,1000.);
#1100=VECTOR('',#2697,1000.);
#1101=VECTOR('',#2704,1000.);
#1102=VECTOR('',#2705,1000.);
#1103=VECTOR('',#2706,1000.);
#1104=VECTOR('',#2707,1000.);
#1105=VECTOR('',#2714,1000.);
#1106=VECTOR('',#2715,1000.);
#1107=VECTOR('',#2716,1000.);
#1108=VECTOR('',#2717,1000.);
#1109=VECTOR('',#2724,1000.);
#1110=VECTOR('',#2725,1000.);
#1111=VECTOR('',#2726,1000.);
#1112=VECTOR('',#2727,1000.);
#1113=VECTOR('',#2728,1000.);
#1114=VECTOR('',#2729,1000.);
#1115=VECTOR('',#2730,1000.);
#1116=VECTOR('',#2731,1000.);
#1117=VECTOR('',#2732,1000.);
#1118=VECTOR('',#2733,1000.);
#1119=VECTOR('',#2734,1000.);
#1120=VECTOR('',#2735,1000.);
#1121=VECTOR('',#2738,1000.);
#1122=VECTOR('',#2739,1000.);
#1123=VECTOR('',#2740,1000.);
#1124=VECTOR('',#2741,1000.);
#1125=VECTOR('',#2742,1000.);
#1126=VECTOR('',#2743,1000.);
#1127=VECTOR('',#2744,1000.);
#1128=VECTOR('',#2745,1000.);
#1129=VECTOR('',#2746,1000.);
#1130=VECTOR('',#2747,1000.);
#1131=VECTOR('',#2748,1000.);
#1132=VECTOR('',#2749,1000.);
#1133=VECTOR('',#2752,1000.);
#1134=VECTOR('',#2753,1000.);
#1135=VECTOR('',#2754,1000.);
#1136=VECTOR('',#2757,1000.);
#1137=VECTOR('',#2758,1000.);
#1138=VECTOR('',#2759,1000.);
#1139=VECTOR('',#2766,1000.);
#1140=VECTOR('',#2767,1000.);
#1141=VECTOR('',#2768,1000.);
#1142=VECTOR('',#2771,1000.);
#1143=VECTOR('',#2772,1000.);
#1144=VECTOR('',#2775,1000.);
#1145=VECTOR('',#2776,1000.);
#1146=VECTOR('',#2777,1000.);
#1147=VECTOR('',#2780,1000.);
#1148=VECTOR('',#2781,1000.);
#1149=VECTOR('',#2794,1000.);
#1150=VECTOR('',#2795,1000.);
#1151=VECTOR('',#2802,1000.);
#1152=VECTOR('',#2803,1000.);
#1153=VECTOR('',#2808,1000.);
#1154=VECTOR('',#2811,1000.);
#1155=VECTOR('',#2816,1000.);
#1156=VECTOR('',#2819,1000.);
#1157=VECTOR('',#2822,1000.);
#1158=VECTOR('',#2825,1000.);
#1159=VECTOR('',#2830,1000.);
#1160=VECTOR('',#2831,1000.);
#1161=VECTOR('',#2836,1000.);
#1162=VECTOR('',#2839,1000.);
#1163=VECTOR('',#2844,1000.);
#1164=VECTOR('',#2847,1000.);
#1165=VECTOR('',#2850,1000.);
#1166=VECTOR('',#2853,1000.);
#1167=VECTOR('',#2966,1000.);
#1168=VECTOR('',#2967,1000.);
#1169=VECTOR('',#2968,1000.);
#1170=VECTOR('',#2969,1000.);
#1171=VECTOR('',#2970,1000.);
#1172=VECTOR('',#2971,1000.);
#1173=VECTOR('',#2974,1000.);
#1174=VECTOR('',#2975,1000.);
#1175=VECTOR('',#2976,1000.);
#1176=VECTOR('',#2979,1000.);
#1177=VECTOR('',#2980,1000.);
#1178=VECTOR('',#2983,1000.);
#1179=VECTOR('',#2984,1000.);
#1180=VECTOR('',#2987,1000.);
#1181=VECTOR('',#2988,1000.);
#1182=VECTOR('',#2991,1000.);
#1183=VECTOR('',#2992,1000.);
#1184=VECTOR('',#2995,1000.);
#1185=VECTOR('',#3030,1000.);
#1186=VECTOR('',#3031,1000.);
#1187=VECTOR('',#3032,1000.);
#1188=VECTOR('',#3033,1000.);
#1189=VECTOR('',#3034,1000.);
#1190=VECTOR('',#3035,1000.);
#1191=VECTOR('',#3038,1000.);
#1192=VECTOR('',#3039,1000.);
#1193=VECTOR('',#3040,1000.);
#1194=VECTOR('',#3043,1000.);
#1195=VECTOR('',#3044,1000.);
#1196=VECTOR('',#3047,1000.);
#1197=VECTOR('',#3048,1000.);
#1198=VECTOR('',#3051,1000.);
#1199=VECTOR('',#3052,1000.);
#1200=VECTOR('',#3055,1000.);
#1201=VECTOR('',#3056,1000.);
#1202=VECTOR('',#3059,1000.);
#1203=VECTOR('',#3098,1000.);
#1204=VECTOR('',#3101,1000.);
#1205=VECTOR('',#3118,1000.);
#1206=VECTOR('',#3119,1000.);
#1207=VECTOR('',#3122,1000.);
#1208=VECTOR('',#3123,1000.);
#1209=VECTOR('',#3136,1000.);
#1210=VECTOR('',#3141,1000.);
#1211=EDGE_LOOP('',(#167,#168,#169,#170));
#1212=EDGE_LOOP('',(#171));
#1213=EDGE_LOOP('',(#172));
#1214=EDGE_LOOP('',(#173));
#1215=EDGE_LOOP('',(#174,#175,#176,#177));
#1216=EDGE_LOOP('',(#178));
#1217=EDGE_LOOP('',(#179));
#1218=EDGE_LOOP('',(#180));
#1219=EDGE_LOOP('',(#181,#182,#183,#184));
#1220=EDGE_LOOP('',(#185));
#1221=EDGE_LOOP('',(#186));
#1222=EDGE_LOOP('',(#187,#188,#189,#190));
#1223=EDGE_LOOP('',(#191));
#1224=EDGE_LOOP('',(#192));
#1225=EDGE_LOOP('',(#193,#194,#195,#196));
#1226=EDGE_LOOP('',(#197));
#1227=EDGE_LOOP('',(#198));
#1228=EDGE_LOOP('',(#199,#200,#201,#202));
#1229=EDGE_LOOP('',(#203));
#1230=EDGE_LOOP('',(#204));
#1231=EDGE_LOOP('',(#205,#206,#207,#208,#209,#210,#211,#212,#213,#214,#215,
#216,#217,#218,#219,#220));
#1232=EDGE_LOOP('',(#221,#222,#223,#224,#225,#226,#227,#228,#229,#230,#231,
#232,#233,#234,#235,#236));
#1233=EDGE_LOOP('',(#237,#238,#239,#240));
#1234=EDGE_LOOP('',(#241,#242,#243,#244));
#1235=EDGE_LOOP('',(#245));
#1236=EDGE_LOOP('',(#246));
#1237=EDGE_LOOP('',(#247,#248,#249,#250,#251,#252,#253,#254,#255,#256,#257,
#258,#259,#260,#261,#262,#263,#264,#265,#266));
#1238=EDGE_LOOP('',(#267));
#1239=EDGE_LOOP('',(#268,#269,#270,#271,#272,#273));
#1240=EDGE_LOOP('',(#274));
#1241=EDGE_LOOP('',(#275,#276,#277,#278,#279,#280));
#1242=EDGE_LOOP('',(#281,#282,#283,#284));
#1243=EDGE_LOOP('',(#285,#286,#287,#288));
#1244=EDGE_LOOP('',(#289,#290,#291,#292));
#1245=EDGE_LOOP('',(#293,#294,#295,#296));
#1246=EDGE_LOOP('',(#297));
#1247=EDGE_LOOP('',(#298,#299,#300,#301,#302));
#1248=EDGE_LOOP('',(#303,#304,#305,#306,#307));
#1249=EDGE_LOOP('',(#308,#309,#310,#311));
#1250=EDGE_LOOP('',(#312,#313,#314,#315));
#1251=EDGE_LOOP('',(#316));
#1252=EDGE_LOOP('',(#317,#318,#319,#320,#321));
#1253=EDGE_LOOP('',(#322,#323,#324,#325));
#1254=EDGE_LOOP('',(#326,#327,#328,#329,#330));
#1255=EDGE_LOOP('',(#331,#332,#333,#334));
#1256=EDGE_LOOP('',(#335));
#1257=EDGE_LOOP('',(#336,#337,#338,#339,#340));
#1258=EDGE_LOOP('',(#341,#342,#343,#344,#345));
#1259=EDGE_LOOP('',(#346,#347,#348,#349));
#1260=EDGE_LOOP('',(#350,#351,#352,#353));
#1261=EDGE_LOOP('',(#354));
#1262=EDGE_LOOP('',(#355,#356,#357,#358,#359));
#1263=EDGE_LOOP('',(#360,#361,#362,#363));
#1264=EDGE_LOOP('',(#364,#365,#366,#367,#368));
#1265=EDGE_LOOP('',(#369));
#1266=EDGE_LOOP('',(#370));
#1267=EDGE_LOOP('',(#371));
#1268=EDGE_LOOP('',(#372));
#1269=EDGE_LOOP('',(#373));
#1270=EDGE_LOOP('',(#374));
#1271=EDGE_LOOP('',(#375));
#1272=EDGE_LOOP('',(#376));
#1273=EDGE_LOOP('',(#377));
#1274=EDGE_LOOP('',(#378));
#1275=EDGE_LOOP('',(#379));
#1276=EDGE_LOOP('',(#380));
#1277=EDGE_LOOP('',(#381));
#1278=EDGE_LOOP('',(#382));
#1279=EDGE_LOOP('',(#383));
#1280=EDGE_LOOP('',(#384));
#1281=EDGE_LOOP('',(#385));
#1282=EDGE_LOOP('',(#386));
#1283=EDGE_LOOP('',(#387));
#1284=EDGE_LOOP('',(#388));
#1285=EDGE_LOOP('',(#389));
#1286=EDGE_LOOP('',(#390));
#1287=EDGE_LOOP('',(#391));
#1288=EDGE_LOOP('',(#392));
#1289=EDGE_LOOP('',(#393));
#1290=EDGE_LOOP('',(#394));
#1291=EDGE_LOOP('',(#395));
#1292=EDGE_LOOP('',(#396));
#1293=EDGE_LOOP('',(#397));
#1294=EDGE_LOOP('',(#398));
#1295=EDGE_LOOP('',(#399));
#1296=EDGE_LOOP('',(#400));
#1297=EDGE_LOOP('',(#401));
#1298=EDGE_LOOP('',(#402));
#1299=EDGE_LOOP('',(#403));
#1300=EDGE_LOOP('',(#404));
#1301=EDGE_LOOP('',(#405));
#1302=EDGE_LOOP('',(#406));
#1303=EDGE_LOOP('',(#407));
#1304=EDGE_LOOP('',(#408));
#1305=EDGE_LOOP('',(#409));
#1306=EDGE_LOOP('',(#410));
#1307=EDGE_LOOP('',(#411));
#1308=EDGE_LOOP('',(#412));
#1309=EDGE_LOOP('',(#413));
#1310=EDGE_LOOP('',(#414));
#1311=EDGE_LOOP('',(#415));
#1312=EDGE_LOOP('',(#416));
#1313=EDGE_LOOP('',(#417));
#1314=EDGE_LOOP('',(#418));
#1315=EDGE_LOOP('',(#419));
#1316=EDGE_LOOP('',(#420));
#1317=EDGE_LOOP('',(#421));
#1318=EDGE_LOOP('',(#422));
#1319=EDGE_LOOP('',(#423,#424,#425,#426,#427,#428));
#1320=EDGE_LOOP('',(#429));
#1321=EDGE_LOOP('',(#430,#431,#432,#433));
#1322=EDGE_LOOP('',(#434,#435,#436,#437));
#1323=EDGE_LOOP('',(#438,#439,#440,#441));
#1324=EDGE_LOOP('',(#442,#443,#444,#445));
#1325=EDGE_LOOP('',(#446,#447,#448,#449));
#1326=EDGE_LOOP('',(#450,#451,#452,#453));
#1327=EDGE_LOOP('',(#454,#455,#456,#457,#458,#459));
#1328=EDGE_LOOP('',(#460));
#1329=EDGE_LOOP('',(#461));
#1330=EDGE_LOOP('',(#462));
#1331=EDGE_LOOP('',(#463));
#1332=EDGE_LOOP('',(#464));
#1333=EDGE_LOOP('',(#465));
#1334=EDGE_LOOP('',(#466));
#1335=EDGE_LOOP('',(#467));
#1336=EDGE_LOOP('',(#468));
#1337=EDGE_LOOP('',(#469));
#1338=EDGE_LOOP('',(#470));
#1339=EDGE_LOOP('',(#471));
#1340=EDGE_LOOP('',(#472));
#1341=EDGE_LOOP('',(#473));
#1342=EDGE_LOOP('',(#474));
#1343=EDGE_LOOP('',(#475,#476,#477,#478,#479,#480));
#1344=EDGE_LOOP('',(#481));
#1345=EDGE_LOOP('',(#482,#483,#484,#485));
#1346=EDGE_LOOP('',(#486,#487,#488,#489));
#1347=EDGE_LOOP('',(#490,#491,#492,#493));
#1348=EDGE_LOOP('',(#494,#495,#496,#497));
#1349=EDGE_LOOP('',(#498,#499,#500,#501));
#1350=EDGE_LOOP('',(#502,#503,#504,#505));
#1351=EDGE_LOOP('',(#506,#507,#508,#509,#510,#511));
#1352=EDGE_LOOP('',(#512));
#1353=EDGE_LOOP('',(#513));
#1354=EDGE_LOOP('',(#514));
#1355=EDGE_LOOP('',(#515));
#1356=EDGE_LOOP('',(#516));
#1357=EDGE_LOOP('',(#517));
#1358=EDGE_LOOP('',(#518));
#1359=EDGE_LOOP('',(#519));
#1360=EDGE_LOOP('',(#520));
#1361=EDGE_LOOP('',(#521));
#1362=EDGE_LOOP('',(#522));
#1363=EDGE_LOOP('',(#523));
#1364=EDGE_LOOP('',(#524));
#1365=EDGE_LOOP('',(#525));
#1366=EDGE_LOOP('',(#526));
#1367=EDGE_LOOP('',(#527));
#1368=EDGE_LOOP('',(#528,#529,#530,#531));
#1369=EDGE_LOOP('',(#532,#533,#534,#535));
#1370=EDGE_LOOP('',(#536,#537,#538,#539));
#1371=EDGE_LOOP('',(#540));
#1372=EDGE_LOOP('',(#541,#542,#543,#544,#545,#546,#547,#548));
#1373=EDGE_LOOP('',(#549));
#1374=EDGE_LOOP('',(#550));
#1375=EDGE_LOOP('',(#551));
#1376=EDGE_LOOP('',(#552));
#1377=EDGE_LOOP('',(#553));
#1378=EDGE_LOOP('',(#554,#555,#556,#557,#558,#559));
#1379=EDGE_LOOP('',(#560,#561));
#1380=EDGE_LOOP('',(#562,#563));
#1381=EDGE_LOOP('',(#564,#565,#566,#567,#568,#569));
#1382=EDGE_LOOP('',(#570));
#1383=EDGE_LOOP('',(#571));
#1384=EDGE_LOOP('',(#572));
#1385=EDGE_LOOP('',(#573));
#1386=EDGE_LOOP('',(#574));
#1387=EDGE_LOOP('',(#575));
#1388=EDGE_LOOP('',(#576));
#1389=EDGE_LOOP('',(#577));
#1390=EDGE_LOOP('',(#578));
#1391=EDGE_LOOP('',(#579));
#1392=EDGE_LOOP('',(#580));
#1393=EDGE_LOOP('',(#581));
#1394=EDGE_LOOP('',(#582));
#1395=EDGE_LOOP('',(#583));
#1396=EDGE_LOOP('',(#584));
#1397=FACE_BOUND('',#1211,.T.);
#1398=FACE_BOUND('',#1212,.T.);
#1399=FACE_BOUND('',#1213,.T.);
#1400=FACE_BOUND('',#1214,.T.);
#1401=FACE_BOUND('',#1215,.T.);
#1402=FACE_BOUND('',#1216,.T.);
#1403=FACE_BOUND('',#1217,.T.);
#1404=FACE_BOUND('',#1218,.T.);
#1405=FACE_BOUND('',#1219,.T.);
#1406=FACE_BOUND('',#1220,.T.);
#1407=FACE_BOUND('',#1221,.T.);
#1408=FACE_BOUND('',#1222,.T.);
#1409=FACE_BOUND('',#1223,.T.);
#1410=FACE_BOUND('',#1224,.T.);
#1411=FACE_BOUND('',#1225,.T.);
#1412=FACE_BOUND('',#1226,.T.);
#1413=FACE_BOUND('',#1227,.T.);
#1414=FACE_BOUND('',#1228,.T.);
#1415=FACE_BOUND('',#1229,.T.);
#1416=FACE_BOUND('',#1230,.T.);
#1417=FACE_BOUND('',#1231,.T.);
#1418=FACE_BOUND('',#1232,.T.);
#1419=FACE_BOUND('',#1233,.T.);
#1420=FACE_BOUND('',#1234,.T.);
#1421=FACE_BOUND('',#1235,.T.);
#1422=FACE_BOUND('',#1236,.T.);
#1423=FACE_BOUND('',#1237,.T.);
#1424=FACE_BOUND('',#1238,.T.);
#1425=FACE_BOUND('',#1239,.T.);
#1426=FACE_BOUND('',#1240,.T.);
#1427=FACE_BOUND('',#1241,.T.);
#1428=FACE_BOUND('',#1242,.T.);
#1429=FACE_BOUND('',#1243,.T.);
#1430=FACE_BOUND('',#1244,.T.);
#1431=FACE_BOUND('',#1245,.T.);
#1432=FACE_BOUND('',#1246,.T.);
#1433=FACE_BOUND('',#1247,.T.);
#1434=FACE_BOUND('',#1248,.T.);
#1435=FACE_BOUND('',#1249,.T.);
#1436=FACE_BOUND('',#1250,.T.);
#1437=FACE_BOUND('',#1251,.T.);
#1438=FACE_BOUND('',#1252,.T.);
#1439=FACE_BOUND('',#1253,.T.);
#1440=FACE_BOUND('',#1254,.T.);
#1441=FACE_BOUND('',#1255,.T.);
#1442=FACE_BOUND('',#1256,.T.);
#1443=FACE_BOUND('',#1257,.T.);
#1444=FACE_BOUND('',#1258,.T.);
#1445=FACE_BOUND('',#1259,.T.);
#1446=FACE_BOUND('',#1260,.T.);
#1447=FACE_BOUND('',#1261,.T.);
#1448=FACE_BOUND('',#1262,.T.);
#1449=FACE_BOUND('',#1263,.T.);
#1450=FACE_BOUND('',#1264,.T.);
#1451=FACE_BOUND('',#1265,.T.);
#1452=FACE_BOUND('',#1266,.T.);
#1453=FACE_BOUND('',#1267,.T.);
#1454=FACE_BOUND('',#1268,.T.);
#1455=FACE_BOUND('',#1269,.T.);
#1456=FACE_BOUND('',#1270,.T.);
#1457=FACE_BOUND('',#1271,.T.);
#1458=FACE_BOUND('',#1272,.T.);
#1459=FACE_BOUND('',#1273,.T.);
#1460=FACE_BOUND('',#1274,.T.);
#1461=FACE_BOUND('',#1275,.T.);
#1462=FACE_BOUND('',#1276,.T.);
#1463=FACE_BOUND('',#1277,.T.);
#1464=FACE_BOUND('',#1278,.T.);
#1465=FACE_BOUND('',#1279,.T.);
#1466=FACE_BOUND('',#1280,.T.);
#1467=FACE_BOUND('',#1281,.T.);
#1468=FACE_BOUND('',#1282,.T.);
#1469=FACE_BOUND('',#1283,.T.);
#1470=FACE_BOUND('',#1284,.T.);
#1471=FACE_BOUND('',#1285,.T.);
#1472=FACE_BOUND('',#1286,.T.);
#1473=FACE_BOUND('',#1287,.T.);
#1474=FACE_BOUND('',#1288,.T.);
#1475=FACE_BOUND('',#1289,.T.);
#1476=FACE_BOUND('',#1290,.T.);
#1477=FACE_BOUND('',#1291,.T.);
#1478=FACE_BOUND('',#1292,.T.);
#1479=FACE_BOUND('',#1293,.T.);
#1480=FACE_BOUND('',#1294,.T.);
#1481=FACE_BOUND('',#1295,.T.);
#1482=FACE_BOUND('',#1296,.T.);
#1483=FACE_BOUND('',#1297,.T.);
#1484=FACE_BOUND('',#1298,.T.);
#1485=FACE_BOUND('',#1299,.T.);
#1486=FACE_BOUND('',#1300,.T.);
#1487=FACE_BOUND('',#1301,.T.);
#1488=FACE_BOUND('',#1302,.T.);
#1489=FACE_BOUND('',#1303,.T.);
#1490=FACE_BOUND('',#1304,.T.);
#1491=FACE_BOUND('',#1305,.T.);
#1492=FACE_BOUND('',#38,.T.);
#1493=FACE_BOUND('',#1306,.T.);
#1494=FACE_BOUND('',#1307,.T.);
#1495=FACE_BOUND('',#1308,.T.);
#1496=FACE_BOUND('',#1309,.T.);
#1497=FACE_BOUND('',#1310,.T.);
#1498=FACE_BOUND('',#1311,.T.);
#1499=FACE_BOUND('',#1312,.T.);
#1500=FACE_BOUND('',#1313,.T.);
#1501=FACE_BOUND('',#1314,.T.);
#1502=FACE_BOUND('',#1315,.T.);
#1503=FACE_BOUND('',#1316,.T.);
#1504=FACE_BOUND('',#1317,.T.);
#1505=FACE_BOUND('',#1318,.T.);
#1506=FACE_BOUND('',#1319,.T.);
#1507=FACE_BOUND('',#1320,.T.);
#1508=FACE_BOUND('',#1321,.T.);
#1509=FACE_BOUND('',#1322,.T.);
#1510=FACE_BOUND('',#1323,.T.);
#1511=FACE_BOUND('',#1324,.T.);
#1512=FACE_BOUND('',#1325,.T.);
#1513=FACE_BOUND('',#1326,.T.);
#1514=FACE_BOUND('',#1327,.T.);
#1515=FACE_BOUND('',#1328,.T.);
#1516=FACE_BOUND('',#1329,.T.);
#1517=FACE_BOUND('',#39,.T.);
#1518=FACE_BOUND('',#1330,.T.);
#1519=FACE_BOUND('',#1331,.T.);
#1520=FACE_BOUND('',#1332,.T.);
#1521=FACE_BOUND('',#1333,.T.);
#1522=FACE_BOUND('',#1334,.T.);
#1523=FACE_BOUND('',#1335,.T.);
#1524=FACE_BOUND('',#1336,.T.);
#1525=FACE_BOUND('',#1337,.T.);
#1526=FACE_BOUND('',#1338,.T.);
#1527=FACE_BOUND('',#1339,.T.);
#1528=FACE_BOUND('',#1340,.T.);
#1529=FACE_BOUND('',#1341,.T.);
#1530=FACE_BOUND('',#1342,.T.);
#1531=FACE_BOUND('',#1343,.T.);
#1532=FACE_BOUND('',#1344,.T.);
#1533=FACE_BOUND('',#1345,.T.);
#1534=FACE_BOUND('',#1346,.T.);
#1535=FACE_BOUND('',#1347,.T.);
#1536=FACE_BOUND('',#1348,.T.);
#1537=FACE_BOUND('',#1349,.T.);
#1538=FACE_BOUND('',#1350,.T.);
#1539=FACE_BOUND('',#1351,.T.);
#1540=FACE_BOUND('',#1352,.T.);
#1541=FACE_BOUND('',#1353,.T.);
#1542=FACE_BOUND('',#1354,.T.);
#1543=FACE_BOUND('',#1355,.T.);
#1544=FACE_BOUND('',#1356,.T.);
#1545=FACE_BOUND('',#1357,.T.);
#1546=FACE_BOUND('',#1358,.T.);
#1547=FACE_BOUND('',#1359,.T.);
#1548=FACE_BOUND('',#1360,.T.);
#1549=FACE_BOUND('',#1361,.T.);
#1550=FACE_BOUND('',#40,.T.);
#1551=FACE_BOUND('',#1362,.T.);
#1552=FACE_BOUND('',#1363,.T.);
#1553=FACE_BOUND('',#1364,.T.);
#1554=FACE_BOUND('',#41,.T.);
#1555=FACE_BOUND('',#1365,.T.);
#1556=FACE_BOUND('',#1366,.T.);
#1557=FACE_BOUND('',#1367,.T.);
#1558=FACE_BOUND('',#1368,.T.);
#1559=FACE_BOUND('',#1369,.T.);
#1560=FACE_BOUND('',#1370,.T.);
#1561=FACE_BOUND('',#1371,.T.);
#1562=FACE_BOUND('',#1372,.T.);
#1563=FACE_BOUND('',#1373,.T.);
#1564=FACE_BOUND('',#1374,.T.);
#1565=FACE_BOUND('',#1375,.T.);
#1566=FACE_BOUND('',#1376,.T.);
#1567=FACE_BOUND('',#1377,.T.);
#1568=FACE_BOUND('',#1378,.T.);
#1569=FACE_BOUND('',#1379,.T.);
#1570=FACE_BOUND('',#1380,.T.);
#1571=FACE_BOUND('',#1381,.T.);
#1572=FACE_BOUND('',#1382,.T.);
#1573=FACE_BOUND('',#1383,.T.);
#1574=FACE_BOUND('',#1384,.T.);
#1575=FACE_BOUND('',#1385,.T.);
#1576=FACE_BOUND('',#1386,.T.);
#1577=FACE_BOUND('',#1387,.T.);
#1578=FACE_BOUND('',#1388,.T.);
#1579=FACE_BOUND('',#1389,.T.);
#1580=FACE_BOUND('',#1390,.T.);
#1581=FACE_BOUND('',#1391,.T.);
#1582=FACE_BOUND('',#1392,.T.);
#1583=FACE_BOUND('',#1393,.T.);
#1584=FACE_BOUND('',#1394,.T.);
#1585=FACE_BOUND('',#1395,.T.);
#1586=FACE_BOUND('',#1396,.T.);
#1587=PLANE('',#2460);
#1588=PLANE('',#2464);
#1589=PLANE('',#2468);
#1590=PLANE('',#2471);
#1591=PLANE('',#2474);
#1592=PLANE('',#2477);
#1593=PLANE('',#2480);
#1594=PLANE('',#2481);
#1595=PLANE('',#2482);
#1596=PLANE('',#2483);
#1597=PLANE('',#2484);
#1598=PLANE('',#2491);
#1599=PLANE('',#2493);
#1600=PLANE('',#2495);
#1601=PLANE('',#2496);
#1602=PLANE('',#2497);
#1603=PLANE('',#2498);
#1604=PLANE('',#2500);
#1605=PLANE('',#2501);
#1606=PLANE('',#2503);
#1607=PLANE('',#2505);
#1608=PLANE('',#2507);
#1609=PLANE('',#2508);
#1610=PLANE('',#2510);
#1611=PLANE('',#2511);
#1612=PLANE('',#2513);
#1613=PLANE('',#2515);
#1614=PLANE('',#2517);
#1615=PLANE('',#2518);
#1616=PLANE('',#2524);
#1617=PLANE('',#2528);
#1618=PLANE('',#2529);
#1619=PLANE('',#2535);
#1620=PLANE('',#2539);
#1621=PLANE('',#2542);
#1622=PLANE('',#2546);
#1623=PLANE('',#2550);
#1624=PLANE('',#2554);
#1625=PLANE('',#2560);
#1626=PLANE('',#2572);
#1627=PLANE('',#2573);
#1628=PLANE('',#2574);
#1629=PLANE('',#2575);
#1630=PLANE('',#2576);
#1631=PLANE('',#2577);
#1632=PLANE('',#2578);
#1633=PLANE('',#2579);
#1634=PLANE('',#2583);
#1635=PLANE('',#2595);
#1636=PLANE('',#2596);
#1637=PLANE('',#2597);
#1638=PLANE('',#2598);
#1639=PLANE('',#2599);
#1640=PLANE('',#2600);
#1641=PLANE('',#2601);
#1642=PLANE('',#2602);
#1643=PLANE('',#2605);
#1644=PLANE('',#2609);
#1645=PLANE('',#2619);
#1646=PLANE('',#2631);
#1647=PLANE('',#2635);
#1648=PLANE('',#2636);
#1649=PLANE('',#2637);
#1650=PLANE('',#2638);
#1651=PLANE('',#2639);
#1652=PLANE('',#2640);
#1653=PLANE('',#2648);
#1654=STYLED_ITEM('',(#1751),#2334);
#1655=STYLED_ITEM('',(#1752),#2335);
#1656=STYLED_ITEM('',(#1753),#2336);
#1657=STYLED_ITEM('',(#1754),#2337);
#1658=STYLED_ITEM('',(#1755),#2338);
#1659=STYLED_ITEM('',(#1756),#2339);
#1660=STYLED_ITEM('',(#1757),#2340);
#1661=STYLED_ITEM('',(#1758),#2341);
#1662=STYLED_ITEM('',(#1759),#2342);
#1663=STYLED_ITEM('',(#1760),#2343);
#1664=STYLED_ITEM('',(#1761),#2344);
#1665=STYLED_ITEM('',(#1762),#2345);
#1666=STYLED_ITEM('',(#1763),#2346);
#1667=STYLED_ITEM('',(#1764),#2347);
#1668=STYLED_ITEM('',(#1765),#2348);
#1669=STYLED_ITEM('',(#1766),#2349);
#1670=STYLED_ITEM('',(#1767),#2350);
#1671=STYLED_ITEM('',(#1768),#2351);
#1672=STYLED_ITEM('',(#1769),#2352);
#1673=STYLED_ITEM('',(#1770),#2353);
#1674=STYLED_ITEM('',(#1771),#2354);
#1675=STYLED_ITEM('',(#1772),#2355);
#1676=STYLED_ITEM('',(#1773),#2356);
#1677=STYLED_ITEM('',(#1774),#2357);
#1678=STYLED_ITEM('',(#1775),#2358);
#1679=STYLED_ITEM('',(#1776),#2359);
#1680=STYLED_ITEM('',(#1777),#2360);
#1681=STYLED_ITEM('',(#1778),#2361);
#1682=STYLED_ITEM('',(#1779),#2362);
#1683=STYLED_ITEM('',(#1780),#2363);
#1684=STYLED_ITEM('',(#1781),#2364);
#1685=STYLED_ITEM('',(#1782),#2365);
#1686=STYLED_ITEM('',(#1783),#2366);
#1687=STYLED_ITEM('',(#1784),#2367);
#1688=STYLED_ITEM('',(#1785),#2368);
#1689=STYLED_ITEM('',(#1786),#2369);
#1690=STYLED_ITEM('',(#1787),#2370);
#1691=STYLED_ITEM('',(#1788),#2371);
#1692=STYLED_ITEM('',(#1789),#2372);
#1693=STYLED_ITEM('',(#1790),#2373);
#1694=STYLED_ITEM('',(#1791),#2374);
#1695=STYLED_ITEM('',(#1792),#2375);
#1696=STYLED_ITEM('',(#1793),#2376);
#1697=STYLED_ITEM('',(#1794),#2377);
#1698=STYLED_ITEM('',(#1795),#2378);
#1699=STYLED_ITEM('',(#1796),#2379);
#1700=STYLED_ITEM('',(#1797),#2380);
#1701=STYLED_ITEM('',(#1798),#2381);
#1702=STYLED_ITEM('',(#1799),#2382);
#1703=STYLED_ITEM('',(#1800),#2383);
#1704=STYLED_ITEM('',(#1801),#2384);
#1705=STYLED_ITEM('',(#1802),#2385);
#1706=STYLED_ITEM('',(#1803),#2386);
#1707=STYLED_ITEM('',(#1804),#2387);
#1708=STYLED_ITEM('',(#1805),#2388);
#1709=STYLED_ITEM('',(#1806),#2389);
#1710=STYLED_ITEM('',(#1807),#2390);
#1711=STYLED_ITEM('',(#1808),#2391);
#1712=STYLED_ITEM('',(#1809),#2392);
#1713=STYLED_ITEM('',(#1810),#2393);
#1714=STYLED_ITEM('',(#1811),#2394);
#1715=STYLED_ITEM('',(#1812),#2395);
#1716=STYLED_ITEM('',(#1813),#2396);
#1717=STYLED_ITEM('',(#1814),#2397);
#1718=STYLED_ITEM('',(#1815),#2398);
#1719=STYLED_ITEM('',(#1816),#2399);
#1720=STYLED_ITEM('',(#1817),#2400);
#1721=STYLED_ITEM('',(#1818),#2401);
#1722=STYLED_ITEM('',(#1819),#2402);
#1723=STYLED_ITEM('',(#1820),#2403);
#1724=STYLED_ITEM('',(#1821),#2404);
#1725=STYLED_ITEM('',(#1822),#2405);
#1726=STYLED_ITEM('',(#1823),#2406);
#1727=STYLED_ITEM('',(#1824),#2407);
#1728=STYLED_ITEM('',(#1825),#2408);
#1729=STYLED_ITEM('',(#1826),#2409);
#1730=STYLED_ITEM('',(#1827),#2410);
#1731=STYLED_ITEM('',(#1828),#2411);
#1732=STYLED_ITEM('',(#1829),#2412);
#1733=STYLED_ITEM('',(#1830),#2413);
#1734=STYLED_ITEM('',(#1831),#2414);
#1735=STYLED_ITEM('',(#1832),#2415);
#1736=STYLED_ITEM('',(#1833),#2416);
#1737=STYLED_ITEM('',(#1834),#2417);
#1738=STYLED_ITEM('',(#1835),#2418);
#1739=STYLED_ITEM('',(#1836),#2419);
#1740=STYLED_ITEM('',(#1837),#2420);
#1741=STYLED_ITEM('',(#1838),#2421);
#1742=STYLED_ITEM('',(#1839),#2422);
#1743=STYLED_ITEM('',(#1840),#2423);
#1744=STYLED_ITEM('',(#1841),#2424);
#1745=STYLED_ITEM('',(#1842),#2425);
#1746=STYLED_ITEM('',(#1843),#2426);
#1747=STYLED_ITEM('',(#1844),#2427);
#1748=STYLED_ITEM('',(#1845),#2428);
#1749=STYLED_ITEM('',(#1846),#2429);
#1750=STYLED_ITEM('',(#1847),#2452);
#1751=PRESENTATION_STYLE_ASSIGNMENT((#1848));
#1752=PRESENTATION_STYLE_ASSIGNMENT((#1849));
#1753=PRESENTATION_STYLE_ASSIGNMENT((#1850));
#1754=PRESENTATION_STYLE_ASSIGNMENT((#1851));
#1755=PRESENTATION_STYLE_ASSIGNMENT((#1852));
#1756=PRESENTATION_STYLE_ASSIGNMENT((#1853));
#1757=PRESENTATION_STYLE_ASSIGNMENT((#1854));
#1758=PRESENTATION_STYLE_ASSIGNMENT((#1855));
#1759=PRESENTATION_STYLE_ASSIGNMENT((#1856));
#1760=PRESENTATION_STYLE_ASSIGNMENT((#1857));
#1761=PRESENTATION_STYLE_ASSIGNMENT((#1858));
#1762=PRESENTATION_STYLE_ASSIGNMENT((#1859));
#1763=PRESENTATION_STYLE_ASSIGNMENT((#1860));
#1764=PRESENTATION_STYLE_ASSIGNMENT((#1861));
#1765=PRESENTATION_STYLE_ASSIGNMENT((#1862));
#1766=PRESENTATION_STYLE_ASSIGNMENT((#1863));
#1767=PRESENTATION_STYLE_ASSIGNMENT((#1864));
#1768=PRESENTATION_STYLE_ASSIGNMENT((#1865));
#1769=PRESENTATION_STYLE_ASSIGNMENT((#1866));
#1770=PRESENTATION_STYLE_ASSIGNMENT((#1867));
#1771=PRESENTATION_STYLE_ASSIGNMENT((#1868));
#1772=PRESENTATION_STYLE_ASSIGNMENT((#1869));
#1773=PRESENTATION_STYLE_ASSIGNMENT((#1870));
#1774=PRESENTATION_STYLE_ASSIGNMENT((#1871));
#1775=PRESENTATION_STYLE_ASSIGNMENT((#1872));
#1776=PRESENTATION_STYLE_ASSIGNMENT((#1873));
#1777=PRESENTATION_STYLE_ASSIGNMENT((#1874));
#1778=PRESENTATION_STYLE_ASSIGNMENT((#1875));
#1779=PRESENTATION_STYLE_ASSIGNMENT((#1876));
#1780=PRESENTATION_STYLE_ASSIGNMENT((#1877));
#1781=PRESENTATION_STYLE_ASSIGNMENT((#1878));
#1782=PRESENTATION_STYLE_ASSIGNMENT((#1879));
#1783=PRESENTATION_STYLE_ASSIGNMENT((#1880));
#1784=PRESENTATION_STYLE_ASSIGNMENT((#1881));
#1785=PRESENTATION_STYLE_ASSIGNMENT((#1882));
#1786=PRESENTATION_STYLE_ASSIGNMENT((#1883));
#1787=PRESENTATION_STYLE_ASSIGNMENT((#1884));
#1788=PRESENTATION_STYLE_ASSIGNMENT((#1885));
#1789=PRESENTATION_STYLE_ASSIGNMENT((#1886));
#1790=PRESENTATION_STYLE_ASSIGNMENT((#1887));
#1791=PRESENTATION_STYLE_ASSIGNMENT((#1888));
#1792=PRESENTATION_STYLE_ASSIGNMENT((#1889));
#1793=PRESENTATION_STYLE_ASSIGNMENT((#1890));
#1794=PRESENTATION_STYLE_ASSIGNMENT((#1891));
#1795=PRESENTATION_STYLE_ASSIGNMENT((#1892));
#1796=PRESENTATION_STYLE_ASSIGNMENT((#1893));
#1797=PRESENTATION_STYLE_ASSIGNMENT((#1894));
#1798=PRESENTATION_STYLE_ASSIGNMENT((#1895));
#1799=PRESENTATION_STYLE_ASSIGNMENT((#1896));
#1800=PRESENTATION_STYLE_ASSIGNMENT((#1897));
#1801=PRESENTATION_STYLE_ASSIGNMENT((#1898));
#1802=PRESENTATION_STYLE_ASSIGNMENT((#1899));
#1803=PRESENTATION_STYLE_ASSIGNMENT((#1900));
#1804=PRESENTATION_STYLE_ASSIGNMENT((#1901));
#1805=PRESENTATION_STYLE_ASSIGNMENT((#1902));
#1806=PRESENTATION_STYLE_ASSIGNMENT((#1903));
#1807=PRESENTATION_STYLE_ASSIGNMENT((#1904));
#1808=PRESENTATION_STYLE_ASSIGNMENT((#1905));
#1809=PRESENTATION_STYLE_ASSIGNMENT((#1906));
#1810=PRESENTATION_STYLE_ASSIGNMENT((#1907));
#1811=PRESENTATION_STYLE_ASSIGNMENT((#1908));
#1812=PRESENTATION_STYLE_ASSIGNMENT((#1909));
#1813=PRESENTATION_STYLE_ASSIGNMENT((#1910));
#1814=PRESENTATION_STYLE_ASSIGNMENT((#1911));
#1815=PRESENTATION_STYLE_ASSIGNMENT((#1912));
#1816=PRESENTATION_STYLE_ASSIGNMENT((#1913));
#1817=PRESENTATION_STYLE_ASSIGNMENT((#1914));
#1818=PRESENTATION_STYLE_ASSIGNMENT((#1915));
#1819=PRESENTATION_STYLE_ASSIGNMENT((#1916));
#1820=PRESENTATION_STYLE_ASSIGNMENT((#1917));
#1821=PRESENTATION_STYLE_ASSIGNMENT((#1918));
#1822=PRESENTATION_STYLE_ASSIGNMENT((#1919));
#1823=PRESENTATION_STYLE_ASSIGNMENT((#1920));
#1824=PRESENTATION_STYLE_ASSIGNMENT((#1921));
#1825=PRESENTATION_STYLE_ASSIGNMENT((#1922));
#1826=PRESENTATION_STYLE_ASSIGNMENT((#1923));
#1827=PRESENTATION_STYLE_ASSIGNMENT((#1924));
#1828=PRESENTATION_STYLE_ASSIGNMENT((#1925));
#1829=PRESENTATION_STYLE_ASSIGNMENT((#1926));
#1830=PRESENTATION_STYLE_ASSIGNMENT((#1927));
#1831=PRESENTATION_STYLE_ASSIGNMENT((#1928));
#1832=PRESENTATION_STYLE_ASSIGNMENT((#1929));
#1833=PRESENTATION_STYLE_ASSIGNMENT((#1930));
#1834=PRESENTATION_STYLE_ASSIGNMENT((#1931));
#1835=PRESENTATION_STYLE_ASSIGNMENT((#1932));
#1836=PRESENTATION_STYLE_ASSIGNMENT((#1933));
#1837=PRESENTATION_STYLE_ASSIGNMENT((#1934));
#1838=PRESENTATION_STYLE_ASSIGNMENT((#1935));
#1839=PRESENTATION_STYLE_ASSIGNMENT((#1936));
#1840=PRESENTATION_STYLE_ASSIGNMENT((#1937));
#1841=PRESENTATION_STYLE_ASSIGNMENT((#1938));
#1842=PRESENTATION_STYLE_ASSIGNMENT((#1939));
#1843=PRESENTATION_STYLE_ASSIGNMENT((#1940));
#1844=PRESENTATION_STYLE_ASSIGNMENT((#1941));
#1845=PRESENTATION_STYLE_ASSIGNMENT((#1942));
#1846=PRESENTATION_STYLE_ASSIGNMENT((#1943));
#1847=PRESENTATION_STYLE_ASSIGNMENT((#1944));
#1848=SURFACE_STYLE_USAGE(.BOTH.,#1945);
#1849=SURFACE_STYLE_USAGE(.BOTH.,#1946);
#1850=SURFACE_STYLE_USAGE(.BOTH.,#1947);
#1851=SURFACE_STYLE_USAGE(.BOTH.,#1948);
#1852=SURFACE_STYLE_USAGE(.BOTH.,#1949);
#1853=SURFACE_STYLE_USAGE(.BOTH.,#1950);
#1854=SURFACE_STYLE_USAGE(.BOTH.,#1951);
#1855=SURFACE_STYLE_USAGE(.BOTH.,#1952);
#1856=SURFACE_STYLE_USAGE(.BOTH.,#1953);
#1857=SURFACE_STYLE_USAGE(.BOTH.,#1954);
#1858=SURFACE_STYLE_USAGE(.BOTH.,#1955);
#1859=SURFACE_STYLE_USAGE(.BOTH.,#1956);
#1860=SURFACE_STYLE_USAGE(.BOTH.,#1957);
#1861=SURFACE_STYLE_USAGE(.BOTH.,#1958);
#1862=SURFACE_STYLE_USAGE(.BOTH.,#1959);
#1863=SURFACE_STYLE_USAGE(.BOTH.,#1960);
#1864=SURFACE_STYLE_USAGE(.BOTH.,#1961);
#1865=SURFACE_STYLE_USAGE(.BOTH.,#1962);
#1866=SURFACE_STYLE_USAGE(.BOTH.,#1963);
#1867=SURFACE_STYLE_USAGE(.BOTH.,#1964);
#1868=SURFACE_STYLE_USAGE(.BOTH.,#1965);
#1869=SURFACE_STYLE_USAGE(.BOTH.,#1966);
#1870=SURFACE_STYLE_USAGE(.BOTH.,#1967);
#1871=SURFACE_STYLE_USAGE(.BOTH.,#1968);
#1872=SURFACE_STYLE_USAGE(.BOTH.,#1969);
#1873=SURFACE_STYLE_USAGE(.BOTH.,#1970);
#1874=SURFACE_STYLE_USAGE(.BOTH.,#1971);
#1875=SURFACE_STYLE_USAGE(.BOTH.,#1972);
#1876=SURFACE_STYLE_USAGE(.BOTH.,#1973);
#1877=SURFACE_STYLE_USAGE(.BOTH.,#1974);
#1878=SURFACE_STYLE_USAGE(.BOTH.,#1975);
#1879=SURFACE_STYLE_USAGE(.BOTH.,#1976);
#1880=SURFACE_STYLE_USAGE(.BOTH.,#1977);
#1881=SURFACE_STYLE_USAGE(.BOTH.,#1978);
#1882=SURFACE_STYLE_USAGE(.BOTH.,#1979);
#1883=SURFACE_STYLE_USAGE(.BOTH.,#1980);
#1884=SURFACE_STYLE_USAGE(.BOTH.,#1981);
#1885=SURFACE_STYLE_USAGE(.BOTH.,#1982);
#1886=SURFACE_STYLE_USAGE(.BOTH.,#1983);
#1887=SURFACE_STYLE_USAGE(.BOTH.,#1984);
#1888=SURFACE_STYLE_USAGE(.BOTH.,#1985);
#1889=SURFACE_STYLE_USAGE(.BOTH.,#1986);
#1890=SURFACE_STYLE_USAGE(.BOTH.,#1987);
#1891=SURFACE_STYLE_USAGE(.BOTH.,#1988);
#1892=SURFACE_STYLE_USAGE(.BOTH.,#1989);
#1893=SURFACE_STYLE_USAGE(.BOTH.,#1990);
#1894=SURFACE_STYLE_USAGE(.BOTH.,#1991);
#1895=SURFACE_STYLE_USAGE(.BOTH.,#1992);
#1896=SURFACE_STYLE_USAGE(.BOTH.,#1993);
#1897=SURFACE_STYLE_USAGE(.BOTH.,#1994);
#1898=SURFACE_STYLE_USAGE(.BOTH.,#1995);
#1899=SURFACE_STYLE_USAGE(.BOTH.,#1996);
#1900=SURFACE_STYLE_USAGE(.BOTH.,#1997);
#1901=SURFACE_STYLE_USAGE(.BOTH.,#1998);
#1902=SURFACE_STYLE_USAGE(.BOTH.,#1999);
#1903=SURFACE_STYLE_USAGE(.BOTH.,#2000);
#1904=SURFACE_STYLE_USAGE(.BOTH.,#2001);
#1905=SURFACE_STYLE_USAGE(.BOTH.,#2002);
#1906=SURFACE_STYLE_USAGE(.BOTH.,#2003);
#1907=SURFACE_STYLE_USAGE(.BOTH.,#2004);
#1908=SURFACE_STYLE_USAGE(.BOTH.,#2005);
#1909=SURFACE_STYLE_USAGE(.BOTH.,#2006);
#1910=SURFACE_STYLE_USAGE(.BOTH.,#2007);
#1911=SURFACE_STYLE_USAGE(.BOTH.,#2008);
#1912=SURFACE_STYLE_USAGE(.BOTH.,#2009);
#1913=SURFACE_STYLE_USAGE(.BOTH.,#2010);
#1914=SURFACE_STYLE_USAGE(.BOTH.,#2011);
#1915=SURFACE_STYLE_USAGE(.BOTH.,#2012);
#1916=SURFACE_STYLE_USAGE(.BOTH.,#2013);
#1917=SURFACE_STYLE_USAGE(.BOTH.,#2014);
#1918=SURFACE_STYLE_USAGE(.BOTH.,#2015);
#1919=SURFACE_STYLE_USAGE(.BOTH.,#2016);
#1920=SURFACE_STYLE_USAGE(.BOTH.,#2017);
#1921=SURFACE_STYLE_USAGE(.BOTH.,#2018);
#1922=SURFACE_STYLE_USAGE(.BOTH.,#2019);
#1923=SURFACE_STYLE_USAGE(.BOTH.,#2020);
#1924=SURFACE_STYLE_USAGE(.BOTH.,#2021);
#1925=SURFACE_STYLE_USAGE(.BOTH.,#2022);
#1926=SURFACE_STYLE_USAGE(.BOTH.,#2023);
#1927=SURFACE_STYLE_USAGE(.BOTH.,#2024);
#1928=SURFACE_STYLE_USAGE(.BOTH.,#2025);
#1929=SURFACE_STYLE_USAGE(.BOTH.,#2026);
#1930=SURFACE_STYLE_USAGE(.BOTH.,#2027);
#1931=SURFACE_STYLE_USAGE(.BOTH.,#2028);
#1932=SURFACE_STYLE_USAGE(.BOTH.,#2029);
#1933=SURFACE_STYLE_USAGE(.BOTH.,#2030);
#1934=SURFACE_STYLE_USAGE(.BOTH.,#2031);
#1935=SURFACE_STYLE_USAGE(.BOTH.,#2032);
#1936=SURFACE_STYLE_USAGE(.BOTH.,#2033);
#1937=SURFACE_STYLE_USAGE(.BOTH.,#2034);
#1938=SURFACE_STYLE_USAGE(.BOTH.,#2035);
#1939=SURFACE_STYLE_USAGE(.BOTH.,#2036);
#1940=SURFACE_STYLE_USAGE(.BOTH.,#2037);
#1941=SURFACE_STYLE_USAGE(.BOTH.,#2038);
#1942=SURFACE_STYLE_USAGE(.BOTH.,#2039);
#1943=SURFACE_STYLE_USAGE(.BOTH.,#2040);
#1944=SURFACE_STYLE_USAGE(.BOTH.,#2041);
#1945=SURFACE_SIDE_STYLE('',(#2042));
#1946=SURFACE_SIDE_STYLE('',(#2043));
#1947=SURFACE_SIDE_STYLE('',(#2044));
#1948=SURFACE_SIDE_STYLE('',(#2045));
#1949=SURFACE_SIDE_STYLE('',(#2046));
#1950=SURFACE_SIDE_STYLE('',(#2047));
#1951=SURFACE_SIDE_STYLE('',(#2048));
#1952=SURFACE_SIDE_STYLE('',(#2049));
#1953=SURFACE_SIDE_STYLE('',(#2050));
#1954=SURFACE_SIDE_STYLE('',(#2051));
#1955=SURFACE_SIDE_STYLE('',(#2052));
#1956=SURFACE_SIDE_STYLE('',(#2053));
#1957=SURFACE_SIDE_STYLE('',(#2054));
#1958=SURFACE_SIDE_STYLE('',(#2055));
#1959=SURFACE_SIDE_STYLE('',(#2056));
#1960=SURFACE_SIDE_STYLE('',(#2057));
#1961=SURFACE_SIDE_STYLE('',(#2058));
#1962=SURFACE_SIDE_STYLE('',(#2059));
#1963=SURFACE_SIDE_STYLE('',(#2060));
#1964=SURFACE_SIDE_STYLE('',(#2061));
#1965=SURFACE_SIDE_STYLE('',(#2062));
#1966=SURFACE_SIDE_STYLE('',(#2063));
#1967=SURFACE_SIDE_STYLE('',(#2064));
#1968=SURFACE_SIDE_STYLE('',(#2065));
#1969=SURFACE_SIDE_STYLE('',(#2066));
#1970=SURFACE_SIDE_STYLE('',(#2067));
#1971=SURFACE_SIDE_STYLE('',(#2068));
#1972=SURFACE_SIDE_STYLE('',(#2069));
#1973=SURFACE_SIDE_STYLE('',(#2070));
#1974=SURFACE_SIDE_STYLE('',(#2071));
#1975=SURFACE_SIDE_STYLE('',(#2072));
#1976=SURFACE_SIDE_STYLE('',(#2073));
#1977=SURFACE_SIDE_STYLE('',(#2074));
#1978=SURFACE_SIDE_STYLE('',(#2075));
#1979=SURFACE_SIDE_STYLE('',(#2076));
#1980=SURFACE_SIDE_STYLE('',(#2077));
#1981=SURFACE_SIDE_STYLE('',(#2078));
#1982=SURFACE_SIDE_STYLE('',(#2079));
#1983=SURFACE_SIDE_STYLE('',(#2080));
#1984=SURFACE_SIDE_STYLE('',(#2081));
#1985=SURFACE_SIDE_STYLE('',(#2082));
#1986=SURFACE_SIDE_STYLE('',(#2083));
#1987=SURFACE_SIDE_STYLE('',(#2084));
#1988=SURFACE_SIDE_STYLE('',(#2085));
#1989=SURFACE_SIDE_STYLE('',(#2086));
#1990=SURFACE_SIDE_STYLE('',(#2087));
#1991=SURFACE_SIDE_STYLE('',(#2088));
#1992=SURFACE_SIDE_STYLE('',(#2089));
#1993=SURFACE_SIDE_STYLE('',(#2090));
#1994=SURFACE_SIDE_STYLE('',(#2091));
#1995=SURFACE_SIDE_STYLE('',(#2092));
#1996=SURFACE_SIDE_STYLE('',(#2093));
#1997=SURFACE_SIDE_STYLE('',(#2094));
#1998=SURFACE_SIDE_STYLE('',(#2095));
#1999=SURFACE_SIDE_STYLE('',(#2096));
#2000=SURFACE_SIDE_STYLE('',(#2097));
#2001=SURFACE_SIDE_STYLE('',(#2098));
#2002=SURFACE_SIDE_STYLE('',(#2099));
#2003=SURFACE_SIDE_STYLE('',(#2100));
#2004=SURFACE_SIDE_STYLE('',(#2101));
#2005=SURFACE_SIDE_STYLE('',(#2102));
#2006=SURFACE_SIDE_STYLE('',(#2103));
#2007=SURFACE_SIDE_STYLE('',(#2104));
#2008=SURFACE_SIDE_STYLE('',(#2105));
#2009=SURFACE_SIDE_STYLE('',(#2106));
#2010=SURFACE_SIDE_STYLE('',(#2107));
#2011=SURFACE_SIDE_STYLE('',(#2108));
#2012=SURFACE_SIDE_STYLE('',(#2109));
#2013=SURFACE_SIDE_STYLE('',(#2110));
#2014=SURFACE_SIDE_STYLE('',(#2111));
#2015=SURFACE_SIDE_STYLE('',(#2112));
#2016=SURFACE_SIDE_STYLE('',(#2113));
#2017=SURFACE_SIDE_STYLE('',(#2114));
#2018=SURFACE_SIDE_STYLE('',(#2115));
#2019=SURFACE_SIDE_STYLE('',(#2116));
#2020=SURFACE_SIDE_STYLE('',(#2117));
#2021=SURFACE_SIDE_STYLE('',(#2118));
#2022=SURFACE_SIDE_STYLE('',(#2119));
#2023=SURFACE_SIDE_STYLE('',(#2120));
#2024=SURFACE_SIDE_STYLE('',(#2121));
#2025=SURFACE_SIDE_STYLE('',(#2122));
#2026=SURFACE_SIDE_STYLE('',(#2123));
#2027=SURFACE_SIDE_STYLE('',(#2124));
#2028=SURFACE_SIDE_STYLE('',(#2125));
#2029=SURFACE_SIDE_STYLE('',(#2126));
#2030=SURFACE_SIDE_STYLE('',(#2127));
#2031=SURFACE_SIDE_STYLE('',(#2128));
#2032=SURFACE_SIDE_STYLE('',(#2129));
#2033=SURFACE_SIDE_STYLE('',(#2130));
#2034=SURFACE_SIDE_STYLE('',(#2131));
#2035=SURFACE_SIDE_STYLE('',(#2132));
#2036=SURFACE_SIDE_STYLE('',(#2133));
#2037=SURFACE_SIDE_STYLE('',(#2134));
#2038=SURFACE_SIDE_STYLE('',(#2135));
#2039=SURFACE_SIDE_STYLE('',(#2136));
#2040=SURFACE_SIDE_STYLE('',(#2137));
#2041=SURFACE_SIDE_STYLE('',(#2138));
#2042=SURFACE_STYLE_FILL_AREA(#2139);
#2043=SURFACE_STYLE_FILL_AREA(#2140);
#2044=SURFACE_STYLE_FILL_AREA(#2141);
#2045=SURFACE_STYLE_FILL_AREA(#2142);
#2046=SURFACE_STYLE_FILL_AREA(#2143);
#2047=SURFACE_STYLE_FILL_AREA(#2144);
#2048=SURFACE_STYLE_FILL_AREA(#2145);
#2049=SURFACE_STYLE_FILL_AREA(#2146);
#2050=SURFACE_STYLE_FILL_AREA(#2147);
#2051=SURFACE_STYLE_FILL_AREA(#2148);
#2052=SURFACE_STYLE_FILL_AREA(#2149);
#2053=SURFACE_STYLE_FILL_AREA(#2150);
#2054=SURFACE_STYLE_FILL_AREA(#2151);
#2055=SURFACE_STYLE_FILL_AREA(#2152);
#2056=SURFACE_STYLE_FILL_AREA(#2153);
#2057=SURFACE_STYLE_FILL_AREA(#2154);
#2058=SURFACE_STYLE_FILL_AREA(#2155);
#2059=SURFACE_STYLE_FILL_AREA(#2156);
#2060=SURFACE_STYLE_FILL_AREA(#2157);
#2061=SURFACE_STYLE_FILL_AREA(#2158);
#2062=SURFACE_STYLE_FILL_AREA(#2159);
#2063=SURFACE_STYLE_FILL_AREA(#2160);
#2064=SURFACE_STYLE_FILL_AREA(#2161);
#2065=SURFACE_STYLE_FILL_AREA(#2162);
#2066=SURFACE_STYLE_FILL_AREA(#2163);
#2067=SURFACE_STYLE_FILL_AREA(#2164);
#2068=SURFACE_STYLE_FILL_AREA(#2165);
#2069=SURFACE_STYLE_FILL_AREA(#2166);
#2070=SURFACE_STYLE_FILL_AREA(#2167);
#2071=SURFACE_STYLE_FILL_AREA(#2168);
#2072=SURFACE_STYLE_FILL_AREA(#2169);
#2073=SURFACE_STYLE_FILL_AREA(#2170);
#2074=SURFACE_STYLE_FILL_AREA(#2171);
#2075=SURFACE_STYLE_FILL_AREA(#2172);
#2076=SURFACE_STYLE_FILL_AREA(#2173);
#2077=SURFACE_STYLE_FILL_AREA(#2174);
#2078=SURFACE_STYLE_FILL_AREA(#2175);
#2079=SURFACE_STYLE_FILL_AREA(#2176);
#2080=SURFACE_STYLE_FILL_AREA(#2177);
#2081=SURFACE_STYLE_FILL_AREA(#2178);
#2082=SURFACE_STYLE_FILL_AREA(#2179);
#2083=SURFACE_STYLE_FILL_AREA(#2180);
#2084=SURFACE_STYLE_FILL_AREA(#2181);
#2085=SURFACE_STYLE_FILL_AREA(#2182);
#2086=SURFACE_STYLE_FILL_AREA(#2183);
#2087=SURFACE_STYLE_FILL_AREA(#2184);
#2088=SURFACE_STYLE_FILL_AREA(#2185);
#2089=SURFACE_STYLE_FILL_AREA(#2186);
#2090=SURFACE_STYLE_FILL_AREA(#2187);
#2091=SURFACE_STYLE_FILL_AREA(#2188);
#2092=SURFACE_STYLE_FILL_AREA(#2189);
#2093=SURFACE_STYLE_FILL_AREA(#2190);
#2094=SURFACE_STYLE_FILL_AREA(#2191);
#2095=SURFACE_STYLE_FILL_AREA(#2192);
#2096=SURFACE_STYLE_FILL_AREA(#2193);
#2097=SURFACE_STYLE_FILL_AREA(#2194);
#2098=SURFACE_STYLE_FILL_AREA(#2195);
#2099=SURFACE_STYLE_FILL_AREA(#2196);
#2100=SURFACE_STYLE_FILL_AREA(#2197);
#2101=SURFACE_STYLE_FILL_AREA(#2198);
#2102=SURFACE_STYLE_FILL_AREA(#2199);
#2103=SURFACE_STYLE_FILL_AREA(#2200);
#2104=SURFACE_STYLE_FILL_AREA(#2201);
#2105=SURFACE_STYLE_FILL_AREA(#2202);
#2106=SURFACE_STYLE_FILL_AREA(#2203);
#2107=SURFACE_STYLE_FILL_AREA(#2204);
#2108=SURFACE_STYLE_FILL_AREA(#2205);
#2109=SURFACE_STYLE_FILL_AREA(#2206);
#2110=SURFACE_STYLE_FILL_AREA(#2207);
#2111=SURFACE_STYLE_FILL_AREA(#2208);
#2112=SURFACE_STYLE_FILL_AREA(#2209);
#2113=SURFACE_STYLE_FILL_AREA(#2210);
#2114=SURFACE_STYLE_FILL_AREA(#2211);
#2115=SURFACE_STYLE_FILL_AREA(#2212);
#2116=SURFACE_STYLE_FILL_AREA(#2213);
#2117=SURFACE_STYLE_FILL_AREA(#2214);
#2118=SURFACE_STYLE_FILL_AREA(#2215);
#2119=SURFACE_STYLE_FILL_AREA(#2216);
#2120=SURFACE_STYLE_FILL_AREA(#2217);
#2121=SURFACE_STYLE_FILL_AREA(#2218);
#2122=SURFACE_STYLE_FILL_AREA(#2219);
#2123=SURFACE_STYLE_FILL_AREA(#2220);
#2124=SURFACE_STYLE_FILL_AREA(#2221);
#2125=SURFACE_STYLE_FILL_AREA(#2222);
#2126=SURFACE_STYLE_FILL_AREA(#2223);
#2127=SURFACE_STYLE_FILL_AREA(#2224);
#2128=SURFACE_STYLE_FILL_AREA(#2225);
#2129=SURFACE_STYLE_FILL_AREA(#2226);
#2130=SURFACE_STYLE_FILL_AREA(#2227);
#2131=SURFACE_STYLE_FILL_AREA(#2228);
#2132=SURFACE_STYLE_FILL_AREA(#2229);
#2133=SURFACE_STYLE_FILL_AREA(#2230);
#2134=SURFACE_STYLE_FILL_AREA(#2231);
#2135=SURFACE_STYLE_FILL_AREA(#2232);
#2136=SURFACE_STYLE_FILL_AREA(#2233);
#2137=SURFACE_STYLE_FILL_AREA(#2234);
#2138=SURFACE_STYLE_FILL_AREA(#2235);
#2139=FILL_AREA_STYLE('',(#2236));
#2140=FILL_AREA_STYLE('',(#2237));
#2141=FILL_AREA_STYLE('',(#2238));
#2142=FILL_AREA_STYLE('',(#2239));
#2143=FILL_AREA_STYLE('',(#2240));
#2144=FILL_AREA_STYLE('',(#2241));
#2145=FILL_AREA_STYLE('',(#2242));
#2146=FILL_AREA_STYLE('',(#2243));
#2147=FILL_AREA_STYLE('',(#2244));
#2148=FILL_AREA_STYLE('',(#2245));
#2149=FILL_AREA_STYLE('',(#2246));
#2150=FILL_AREA_STYLE('',(#2247));
#2151=FILL_AREA_STYLE('',(#2248));
#2152=FILL_AREA_STYLE('',(#2249));
#2153=FILL_AREA_STYLE('',(#2250));
#2154=FILL_AREA_STYLE('',(#2251));
#2155=FILL_AREA_STYLE('',(#2252));
#2156=FILL_AREA_STYLE('',(#2253));
#2157=FILL_AREA_STYLE('',(#2254));
#2158=FILL_AREA_STYLE('',(#2255));
#2159=FILL_AREA_STYLE('',(#2256));
#2160=FILL_AREA_STYLE('',(#2257));
#2161=FILL_AREA_STYLE('',(#2258));
#2162=FILL_AREA_STYLE('',(#2259));
#2163=FILL_AREA_STYLE('',(#2260));
#2164=FILL_AREA_STYLE('',(#2261));
#2165=FILL_AREA_STYLE('',(#2262));
#2166=FILL_AREA_STYLE('',(#2263));
#2167=FILL_AREA_STYLE('',(#2264));
#2168=FILL_AREA_STYLE('',(#2265));
#2169=FILL_AREA_STYLE('',(#2266));
#2170=FILL_AREA_STYLE('',(#2267));
#2171=FILL_AREA_STYLE('',(#2268));
#2172=FILL_AREA_STYLE('',(#2269));
#2173=FILL_AREA_STYLE('',(#2270));
#2174=FILL_AREA_STYLE('',(#2271));
#2175=FILL_AREA_STYLE('',(#2272));
#2176=FILL_AREA_STYLE('',(#2273));
#2177=FILL_AREA_STYLE('',(#2274));
#2178=FILL_AREA_STYLE('',(#2275));
#2179=FILL_AREA_STYLE('',(#2276));
#2180=FILL_AREA_STYLE('',(#2277));
#2181=FILL_AREA_STYLE('',(#2278));
#2182=FILL_AREA_STYLE('',(#2279));
#2183=FILL_AREA_STYLE('',(#2280));
#2184=FILL_AREA_STYLE('',(#2281));
#2185=FILL_AREA_STYLE('',(#2282));
#2186=FILL_AREA_STYLE('',(#2283));
#2187=FILL_AREA_STYLE('',(#2284));
#2188=FILL_AREA_STYLE('',(#2285));
#2189=FILL_AREA_STYLE('',(#2286));
#2190=FILL_AREA_STYLE('',(#2287));
#2191=FILL_AREA_STYLE('',(#2288));
#2192=FILL_AREA_STYLE('',(#2289));
#2193=FILL_AREA_STYLE('',(#2290));
#2194=FILL_AREA_STYLE('',(#2291));
#2195=FILL_AREA_STYLE('',(#2292));
#2196=FILL_AREA_STYLE('',(#2293));
#2197=FILL_AREA_STYLE('',(#2294));
#2198=FILL_AREA_STYLE('',(#2295));
#2199=FILL_AREA_STYLE('',(#2296));
#2200=FILL_AREA_STYLE('',(#2297));
#2201=FILL_AREA_STYLE('',(#2298));
#2202=FILL_AREA_STYLE('',(#2299));
#2203=FILL_AREA_STYLE('',(#2300));
#2204=FILL_AREA_STYLE('',(#2301));
#2205=FILL_AREA_STYLE('',(#2302));
#2206=FILL_AREA_STYLE('',(#2303));
#2207=FILL_AREA_STYLE('',(#2304));
#2208=FILL_AREA_STYLE('',(#2305));
#2209=FILL_AREA_STYLE('',(#2306));
#2210=FILL_AREA_STYLE('',(#2307));
#2211=FILL_AREA_STYLE('',(#2308));
#2212=FILL_AREA_STYLE('',(#2309));
#2213=FILL_AREA_STYLE('',(#2310));
#2214=FILL_AREA_STYLE('',(#2311));
#2215=FILL_AREA_STYLE('',(#2312));
#2216=FILL_AREA_STYLE('',(#2313));
#2217=FILL_AREA_STYLE('',(#2314));
#2218=FILL_AREA_STYLE('',(#2315));
#2219=FILL_AREA_STYLE('',(#2316));
#2220=FILL_AREA_STYLE('',(#2317));
#2221=FILL_AREA_STYLE('',(#2318));
#2222=FILL_AREA_STYLE('',(#2319));
#2223=FILL_AREA_STYLE('',(#2320));
#2224=FILL_AREA_STYLE('',(#2321));
#2225=FILL_AREA_STYLE('',(#2322));
#2226=FILL_AREA_STYLE('',(#2323));
#2227=FILL_AREA_STYLE('',(#2324));
#2228=FILL_AREA_STYLE('',(#2325));
#2229=FILL_AREA_STYLE('',(#2326));
#2230=FILL_AREA_STYLE('',(#2327));
#2231=FILL_AREA_STYLE('',(#2328));
#2232=FILL_AREA_STYLE('',(#2329));
#2233=FILL_AREA_STYLE('',(#2330));
#2234=FILL_AREA_STYLE('',(#2331));
#2235=FILL_AREA_STYLE('',(#2332));
#2236=FILL_AREA_STYLE_COLOUR('',#2333);
#2237=FILL_AREA_STYLE_COLOUR('',#2333);
#2238=FILL_AREA_STYLE_COLOUR('',#2333);
#2239=FILL_AREA_STYLE_COLOUR('',#2333);
#2240=FILL_AREA_STYLE_COLOUR('',#2333);
#2241=FILL_AREA_STYLE_COLOUR('',#2333);
#2242=FILL_AREA_STYLE_COLOUR('',#2333);
#2243=FILL_AREA_STYLE_COLOUR('',#2333);
#2244=FILL_AREA_STYLE_COLOUR('',#2333);
#2245=FILL_AREA_STYLE_COLOUR('',#2333);
#2246=FILL_AREA_STYLE_COLOUR('',#2333);
#2247=FILL_AREA_STYLE_COLOUR('',#2333);
#2248=FILL_AREA_STYLE_COLOUR('',#2333);
#2249=FILL_AREA_STYLE_COLOUR('',#2333);
#2250=FILL_AREA_STYLE_COLOUR('',#2333);
#2251=FILL_AREA_STYLE_COLOUR('',#2333);
#2252=FILL_AREA_STYLE_COLOUR('',#2333);
#2253=FILL_AREA_STYLE_COLOUR('',#2333);
#2254=FILL_AREA_STYLE_COLOUR('',#2333);
#2255=FILL_AREA_STYLE_COLOUR('',#2333);
#2256=FILL_AREA_STYLE_COLOUR('',#2333);
#2257=FILL_AREA_STYLE_COLOUR('',#2333);
#2258=FILL_AREA_STYLE_COLOUR('',#2333);
#2259=FILL_AREA_STYLE_COLOUR('',#2333);
#2260=FILL_AREA_STYLE_COLOUR('',#2333);
#2261=FILL_AREA_STYLE_COLOUR('',#2333);
#2262=FILL_AREA_STYLE_COLOUR('',#2333);
#2263=FILL_AREA_STYLE_COLOUR('',#2333);
#2264=FILL_AREA_STYLE_COLOUR('',#2333);
#2265=FILL_AREA_STYLE_COLOUR('',#2333);
#2266=FILL_AREA_STYLE_COLOUR('',#2333);
#2267=FILL_AREA_STYLE_COLOUR('',#2333);
#2268=FILL_AREA_STYLE_COLOUR('',#2333);
#2269=FILL_AREA_STYLE_COLOUR('',#2333);
#2270=FILL_AREA_STYLE_COLOUR('',#2333);
#2271=FILL_AREA_STYLE_COLOUR('',#2333);
#2272=FILL_AREA_STYLE_COLOUR('',#2333);
#2273=FILL_AREA_STYLE_COLOUR('',#2333);
#2274=FILL_AREA_STYLE_COLOUR('',#2333);
#2275=FILL_AREA_STYLE_COLOUR('',#2333);
#2276=FILL_AREA_STYLE_COLOUR('',#2333);
#2277=FILL_AREA_STYLE_COLOUR('',#2333);
#2278=FILL_AREA_STYLE_COLOUR('',#2333);
#2279=FILL_AREA_STYLE_COLOUR('',#2333);
#2280=FILL_AREA_STYLE_COLOUR('',#2333);
#2281=FILL_AREA_STYLE_COLOUR('',#2333);
#2282=FILL_AREA_STYLE_COLOUR('',#2333);
#2283=FILL_AREA_STYLE_COLOUR('',#2333);
#2284=FILL_AREA_STYLE_COLOUR('',#2333);
#2285=FILL_AREA_STYLE_COLOUR('',#2333);
#2286=FILL_AREA_STYLE_COLOUR('',#2333);
#2287=FILL_AREA_STYLE_COLOUR('',#56);
#2288=FILL_AREA_STYLE_COLOUR('',#2333);
#2289=FILL_AREA_STYLE_COLOUR('',#2333);
#2290=FILL_AREA_STYLE_COLOUR('',#2333);
#2291=FILL_AREA_STYLE_COLOUR('',#2333);
#2292=FILL_AREA_STYLE_COLOUR('',#2333);
#2293=FILL_AREA_STYLE_COLOUR('',#2333);
#2294=FILL_AREA_STYLE_COLOUR('',#2333);
#2295=FILL_AREA_STYLE_COLOUR('',#2333);
#2296=FILL_AREA_STYLE_COLOUR('',#2333);
#2297=FILL_AREA_STYLE_COLOUR('',#2333);
#2298=FILL_AREA_STYLE_COLOUR('',#2333);
#2299=FILL_AREA_STYLE_COLOUR('',#2333);
#2300=FILL_AREA_STYLE_COLOUR('',#2333);
#2301=FILL_AREA_STYLE_COLOUR('',#2333);
#2302=FILL_AREA_STYLE_COLOUR('',#2333);
#2303=FILL_AREA_STYLE_COLOUR('',#2333);
#2304=FILL_AREA_STYLE_COLOUR('',#2333);
#2305=FILL_AREA_STYLE_COLOUR('',#2333);
#2306=FILL_AREA_STYLE_COLOUR('',#2333);
#2307=FILL_AREA_STYLE_COLOUR('',#2333);
#2308=FILL_AREA_STYLE_COLOUR('',#2333);
#2309=FILL_AREA_STYLE_COLOUR('',#2333);
#2310=FILL_AREA_STYLE_COLOUR('',#2333);
#2311=FILL_AREA_STYLE_COLOUR('',#2333);
#2312=FILL_AREA_STYLE_COLOUR('',#2333);
#2313=FILL_AREA_STYLE_COLOUR('',#2333);
#2314=FILL_AREA_STYLE_COLOUR('',#2333);
#2315=FILL_AREA_STYLE_COLOUR('',#2333);
#2316=FILL_AREA_STYLE_COLOUR('',#2333);
#2317=FILL_AREA_STYLE_COLOUR('',#2333);
#2318=FILL_AREA_STYLE_COLOUR('',#2333);
#2319=FILL_AREA_STYLE_COLOUR('',#2333);
#2320=FILL_AREA_STYLE_COLOUR('',#2333);
#2321=FILL_AREA_STYLE_COLOUR('',#2333);
#2322=FILL_AREA_STYLE_COLOUR('',#2333);
#2323=FILL_AREA_STYLE_COLOUR('',#2333);
#2324=FILL_AREA_STYLE_COLOUR('',#2333);
#2325=FILL_AREA_STYLE_COLOUR('',#2333);
#2326=FILL_AREA_STYLE_COLOUR('',#2333);
#2327=FILL_AREA_STYLE_COLOUR('',#2333);
#2328=FILL_AREA_STYLE_COLOUR('',#2333);
#2329=FILL_AREA_STYLE_COLOUR('',#2333);
#2330=FILL_AREA_STYLE_COLOUR('',#2333);
#2331=FILL_AREA_STYLE_COLOUR('',#2333);
#2332=FILL_AREA_STYLE_COLOUR('',#57);
#2333=DRAUGHTING_PRE_DEFINED_COLOUR('black');
#2334=ADVANCED_FACE('',(#1397,#1398,#1399,#1400),#1587,.T.);
#2335=ADVANCED_FACE('',(#1401,#1402,#1403,#1404),#1588,.T.);
#2336=ADVANCED_FACE('',(#1405),#1589,.T.);
#2337=ADVANCED_FACE('',(#1406,#1407),#58,.F.);
#2338=ADVANCED_FACE('',(#1408),#1590,.T.);
#2339=ADVANCED_FACE('',(#1409,#1410),#59,.F.);
#2340=ADVANCED_FACE('',(#1411),#1591,.T.);
#2341=ADVANCED_FACE('',(#1412,#1413),#60,.F.);
#2342=ADVANCED_FACE('',(#1414),#1592,.T.);
#2343=ADVANCED_FACE('',(#1415,#1416),#61,.F.);
#2344=ADVANCED_FACE('',(#1417),#1593,.T.);
#2345=ADVANCED_FACE('',(#1418),#1594,.T.);
#2346=ADVANCED_FACE('',(#1419),#1595,.T.);
#2347=ADVANCED_FACE('',(#1420),#1596,.T.);
#2348=ADVANCED_FACE('',(#1421,#1422,#1423),#1597,.T.);
#2349=ADVANCED_FACE('',(#1424,#1425),#1598,.T.);
#2350=ADVANCED_FACE('',(#1426,#1427),#1599,.F.);
#2351=ADVANCED_FACE('',(#1428),#1600,.T.);
#2352=ADVANCED_FACE('',(#1429),#1601,.T.);
#2353=ADVANCED_FACE('',(#1430),#1602,.T.);
#2354=ADVANCED_FACE('',(#1431,#1432),#1603,.T.);
#2355=ADVANCED_FACE('',(#1433),#1604,.F.);
#2356=ADVANCED_FACE('',(#1434),#1605,.F.);
#2357=ADVANCED_FACE('',(#1435),#62,.F.);
#2358=ADVANCED_FACE('',(#1436,#1437),#1606,.T.);
#2359=ADVANCED_FACE('',(#1438),#1607,.F.);
#2360=ADVANCED_FACE('',(#1439),#63,.F.);
#2361=ADVANCED_FACE('',(#1440),#1608,.F.);
#2362=ADVANCED_FACE('',(#1441,#1442),#1609,.T.);
#2363=ADVANCED_FACE('',(#1443),#1610,.F.);
#2364=ADVANCED_FACE('',(#1444),#1611,.F.);
#2365=ADVANCED_FACE('',(#1445),#64,.F.);
#2366=ADVANCED_FACE('',(#1446,#1447),#1612,.T.);
#2367=ADVANCED_FACE('',(#1448),#1613,.F.);
#2368=ADVANCED_FACE('',(#1449),#65,.F.);
#2369=ADVANCED_FACE('',(#1450),#1614,.F.);
#2370=ADVANCED_FACE('',(#1451,#1452),#1615,.F.);
#2371=ADVANCED_FACE('',(#1453,#1454),#66,.F.);
#2372=ADVANCED_FACE('',(#1455,#1456),#67,.T.);
#2373=ADVANCED_FACE('',(#1457),#1616,.T.);
#2374=ADVANCED_FACE('',(#1458,#1459),#68,.F.);
#2375=ADVANCED_FACE('',(#1460,#1461),#1617,.T.);
#2376=ADVANCED_FACE('',(#1462,#1463),#1618,.F.);
#2377=ADVANCED_FACE('',(#1464,#1465),#69,.F.);
#2378=ADVANCED_FACE('',(#1466,#1467),#70,.T.);
#2379=ADVANCED_FACE('',(#1468),#1619,.T.);
#2380=ADVANCED_FACE('',(#1469,#1470),#71,.F.);
#2381=ADVANCED_FACE('',(#1471,#1472),#1620,.T.);
#2382=ADVANCED_FACE('',(#1473,#1474),#72,.F.);
#2383=ADVANCED_FACE('',(#1475,#1476),#1621,.T.);
#2384=ADVANCED_FACE('',(#1477,#1478),#73,.T.);
#2385=ADVANCED_FACE('',(#1479,#1480,#1481,#1482),#1622,.T.);
#2386=ADVANCED_FACE('',(#1483),#1623,.T.);
#2387=ADVANCED_FACE('',(#1484,#1485),#74,.F.);
#2388=ADVANCED_FACE('',(#1486,#1487),#1624,.T.);
#2389=ADVANCED_FACE('',(#1488,#1489),#75,.F.);
#2390=ADVANCED_FACE('',(#1490,#1491),#76,.F.);
#2391=ADVANCED_FACE('',(#1492,#1493),#42,.F.);
#2392=ADVANCED_FACE('',(#1494,#1495),#1625,.T.);
#2393=ADVANCED_FACE('',(#1496,#1497),#43,.F.);
#2394=ADVANCED_FACE('',(#1498,#1499),#77,.F.);
#2395=ADVANCED_FACE('',(#1500,#1501),#44,.F.);
#2396=ADVANCED_FACE('',(#1502,#1503),#78,.T.);
#2397=ADVANCED_FACE('',(#1504,#1505),#45,.T.);
#2398=ADVANCED_FACE('',(#1506,#1507),#1626,.F.);
#2399=ADVANCED_FACE('',(#1508),#1627,.F.);
#2400=ADVANCED_FACE('',(#1509),#1628,.F.);
#2401=ADVANCED_FACE('',(#1510),#1629,.F.);
#2402=ADVANCED_FACE('',(#1511),#1630,.F.);
#2403=ADVANCED_FACE('',(#1512),#1631,.F.);
#2404=ADVANCED_FACE('',(#1513),#1632,.F.);
#2405=ADVANCED_FACE('',(#1514),#1633,.T.);
#2406=ADVANCED_FACE('',(#1515,#1516),#79,.F.);
#2407=ADVANCED_FACE('',(#1517,#1518),#46,.F.);
#2408=ADVANCED_FACE('',(#1519,#1520),#1634,.T.);
#2409=ADVANCED_FACE('',(#1521,#1522),#47,.F.);
#2410=ADVANCED_FACE('',(#1523,#1524),#80,.F.);
#2411=ADVANCED_FACE('',(#1525,#1526),#48,.F.);
#2412=ADVANCED_FACE('',(#1527,#1528),#81,.T.);
#2413=ADVANCED_FACE('',(#1529,#1530),#49,.T.);
#2414=ADVANCED_FACE('',(#1531,#1532),#1635,.F.);
#2415=ADVANCED_FACE('',(#1533),#1636,.F.);
#2416=ADVANCED_FACE('',(#1534),#1637,.F.);
#2417=ADVANCED_FACE('',(#1535),#1638,.F.);
#2418=ADVANCED_FACE('',(#1536),#1639,.F.);
#2419=ADVANCED_FACE('',(#1537),#1640,.F.);
#2420=ADVANCED_FACE('',(#1538),#1641,.F.);
#2421=ADVANCED_FACE('',(#1539),#1642,.T.);
#2422=ADVANCED_FACE('',(#1540,#1541),#82,.F.);
#2423=ADVANCED_FACE('',(#1542,#1543),#1643,.F.);
#2424=ADVANCED_FACE('',(#1544,#1545),#83,.T.);
#2425=ADVANCED_FACE('',(#1546,#1547,#1548),#1644,.F.);
#2426=ADVANCED_FACE('',(#1549,#1550),#50,.F.);
#2427=ADVANCED_FACE('',(#1551,#1552),#84,.F.);
#2428=ADVANCED_FACE('',(#1553,#1554),#51,.F.);
#2429=ADVANCED_FACE('',(#1555,#1556),#85,.F.);
#2430=ADVANCED_FACE('',(#1557,#1558),#1645,.F.);
#2431=ADVANCED_FACE('',(#1559),#52,.T.);
#2432=ADVANCED_FACE('',(#1560),#53,.T.);
#2433=ADVANCED_FACE('',(#1561,#1562),#86,.T.);
#2434=ADVANCED_FACE('',(#1563,#1564),#1646,.F.);
#2435=ADVANCED_FACE('',(#1565,#1566),#87,.T.);
#2436=ADVANCED_FACE('',(#1567),#1647,.F.);
#2437=ADVANCED_FACE('',(#1568),#1648,.T.);
#2438=ADVANCED_FACE('',(#1569),#1649,.T.);
#2439=ADVANCED_FACE('',(#1570),#1650,.T.);
#2440=ADVANCED_FACE('',(#1571),#1651,.T.);
#2441=ADVANCED_FACE('',(#1572),#1652,.F.);
#2442=ADVANCED_FACE('',(#1573,#1574),#54,.T.);
#2443=ADVANCED_FACE('',(#1575,#1576),#88,.T.);
#2444=ADVANCED_FACE('',(#1577,#1578),#55,.T.);
#2445=ADVANCED_FACE('',(#1579,#1580),#1653,.F.);
#2446=ADVANCED_FACE('',(#1581,#1582),#18,.F.);
#2447=ADVANCED_FACE('',(#1583,#1584),#89,.T.);
#2448=ADVANCED_FACE('',(#1585,#1586),#19,.F.);
#2449=CLOSED_SHELL('',(#2334,#2335,#2336,#2337,#2338,#2339,#2340,#2341,
#2342,#2343,#2344,#2345,#2346,#2347,#2348,#2349,#2350,#2351,#2352,#2353,
#2354,#2355,#2356,#2357,#2358,#2359,#2360,#2361,#2362,#2363,#2364,#2365,
#2366,#2367,#2368,#2369,#2370,#2371,#2372,#2373,#2374,#2375,#2376,#2377,
#2378,#2379,#2380,#2381,#2382,#2383,#2384,#2385,#2386,#2387,#2388,#2389,
#2390,#2391,#2392,#2393,#2394,#2395,#2396,#2397,#2398,#2399,#2400,#2401,
#2402,#2403,#2404,#2405,#2406,#2407,#2408,#2409,#2410,#2411,#2412,#2413,
#2414,#2415,#2416,#2417,#2418,#2419,#2420,#2421,#2422,#2423,#2424,#2425,
#2426,#2427,#2428,#2429));
#2450=CLOSED_SHELL('',(#2430,#2431,#2432,#2433,#2434,#2435,#2436,#2437,
#2438,#2439,#2440,#2441,#2442,#2443,#2444,#2445,#2446,#2447,#2448));
#2451=MANIFOLD_SOLID_BREP('JECX-MF-EXLA-63-460(0_body)',#2449);
#2452=MANIFOLD_SOLID_BREP('JECX-MF-TLA-63-460(0_rod)',#2450);
#2453=SHAPE_DEFINITION_REPRESENTATION(#3690,#2456);
#2454=SHAPE_DEFINITION_REPRESENTATION(#3691,#2457);
#2455=SHAPE_DEFINITION_REPRESENTATION(#3693,#2458);
#2456=SHAPE_REPRESENTATION('JECX-MF-160-J-TLA-63-460(0)',(#2459,#2618,#2655),
#3681);
#2457=SHAPE_REPRESENTATION('JECX-MF-EXLA-63-460(0_body)',(#2459),#3682);
#2458=SHAPE_REPRESENTATION('JECX-MF-TLA-63-460(0_rod)',(#2459),#3683);
#2459=AXIS2_PLACEMENT_3D('',#3176,#2656,#2657);
#2460=AXIS2_PLACEMENT_3D('',#3177,#2658,#2659);
#2461=AXIS2_PLACEMENT_3D('',#3186,#2664,#2665);
#2462=AXIS2_PLACEMENT_3D('',#3188,#2666,#2667);
#2463=AXIS2_PLACEMENT_3D('',#3190,#2668,#2669);
#2464=AXIS2_PLACEMENT_3D('',#3192,#2670,#2671);
#2465=AXIS2_PLACEMENT_3D('',#3201,#2676,#2677);
#2466=AXIS2_PLACEMENT_3D('',#3203,#2678,#2679);
#2467=AXIS2_PLACEMENT_3D('',#3205,#2680,#2681);
#2468=AXIS2_PLACEMENT_3D('',#3207,#2682,#2683);
#2469=AXIS2_PLACEMENT_3D('',#3216,#2688,#2689);
#2470=AXIS2_PLACEMENT_3D('',#3217,#2690,#2691);
#2471=AXIS2_PLACEMENT_3D('',#3219,#2692,#2693);
#2472=AXIS2_PLACEMENT_3D('',#3228,#2698,#2699);
#2473=AXIS2_PLACEMENT_3D('',#3229,#2700,#2701);
#2474=AXIS2_PLACEMENT_3D('',#3231,#2702,#2703);
#2475=AXIS2_PLACEMENT_3D('',#3240,#2708,#2709);
#2476=AXIS2_PLACEMENT_3D('',#3241,#2710,#2711);
#2477=AXIS2_PLACEMENT_3D('',#3243,#2712,#2713);
#2478=AXIS2_PLACEMENT_3D('',#3252,#2718,#2719);
#2479=AXIS2_PLACEMENT_3D('',#3253,#2720,#2721);
#2480=AXIS2_PLACEMENT_3D('',#3255,#2722,#2723);
#2481=AXIS2_PLACEMENT_3D('',#3276,#2736,#2737);
#2482=AXIS2_PLACEMENT_3D('',#3297,#2750,#2751);
#2483=AXIS2_PLACEMENT_3D('',#3303,#2755,#2756);
#2484=AXIS2_PLACEMENT_3D('',#3309,#2760,#2761);
#2485=AXIS2_PLACEMENT_3D('',#3310,#2762,#2763);
#2486=AXIS2_PLACEMENT_3D('',#3312,#2764,#2765);
#2487=AXIS2_PLACEMENT_3D('',#3319,#2769,#2770);
#2488=AXIS2_PLACEMENT_3D('',#3324,#2773,#2774);
#2489=AXIS2_PLACEMENT_3D('',#3330,#2778,#2779);
#2490=AXIS2_PLACEMENT_3D('',#3335,#2782,#2783);
#2491=AXIS2_PLACEMENT_3D('',#3336,#2784,#2785);
#2492=AXIS2_PLACEMENT_3D('',#3337,#2786,#2787);
#2493=AXIS2_PLACEMENT_3D('',#3339,#2788,#2789);
#2494=AXIS2_PLACEMENT_3D('',#3340,#2790,#2791);
#2495=AXIS2_PLACEMENT_3D('',#3342,#2792,#2793);
#2496=AXIS2_PLACEMENT_3D('',#3345,#2796,#2797);
#2497=AXIS2_PLACEMENT_3D('',#3346,#2798,#2799);
#2498=AXIS2_PLACEMENT_3D('',#3347,#2800,#2801);
#2499=AXIS2_PLACEMENT_3D('',#3352,#2804,#2805);
#2500=AXIS2_PLACEMENT_3D('',#3353,#2806,#2807);
#2501=AXIS2_PLACEMENT_3D('',#3355,#2809,#2810);
#2502=AXIS2_PLACEMENT_3D('',#3357,#2812,#2813);
#2503=AXIS2_PLACEMENT_3D('',#3358,#2814,#2815);
#2504=AXIS2_PLACEMENT_3D('',#3361,#2817,#2818);
#2505=AXIS2_PLACEMENT_3D('',#3364,#2820,#2821);
#2506=AXIS2_PLACEMENT_3D('',#3366,#2823,#2824);
#2507=AXIS2_PLACEMENT_3D('',#3368,#2826,#2827);
#2508=AXIS2_PLACEMENT_3D('',#3369,#2828,#2829);
#2509=AXIS2_PLACEMENT_3D('',#3374,#2832,#2833);
#2510=AXIS2_PLACEMENT_3D('',#3375,#2834,#2835);
#2511=AXIS2_PLACEMENT_3D('',#3377,#2837,#2838);
#2512=AXIS2_PLACEMENT_3D('',#3379,#2840,#2841);
#2513=AXIS2_PLACEMENT_3D('',#3380,#2842,#2843);
#2514=AXIS2_PLACEMENT_3D('',#3383,#2845,#2846);
#2515=AXIS2_PLACEMENT_3D('',#3386,#2848,#2849);
#2516=AXIS2_PLACEMENT_3D('',#3388,#2851,#2852);
#2517=AXIS2_PLACEMENT_3D('',#3390,#2854,#2855);
#2518=AXIS2_PLACEMENT_3D('',#3391,#2856,#2857);
#2519=AXIS2_PLACEMENT_3D('',#3392,#2858,#2859);
#2520=AXIS2_PLACEMENT_3D('',#3394,#2860,#2861);
#2521=AXIS2_PLACEMENT_3D('',#3396,#2862,#2863);
#2522=AXIS2_PLACEMENT_3D('',#3397,#2864,#2865);
#2523=AXIS2_PLACEMENT_3D('',#3398,#2866,#2867);
#2524=AXIS2_PLACEMENT_3D('',#3400,#2868,#2869);
#2525=AXIS2_PLACEMENT_3D('',#3401,#2870,#2871);
#2526=AXIS2_PLACEMENT_3D('',#3403,#2872,#2873);
#2527=AXIS2_PLACEMENT_3D('',#3404,#2874,#2875);
#2528=AXIS2_PLACEMENT_3D('',#3406,#2876,#2877);
#2529=AXIS2_PLACEMENT_3D('',#3407,#2878,#2879);
#2530=AXIS2_PLACEMENT_3D('',#3408,#2880,#2881);
#2531=AXIS2_PLACEMENT_3D('',#3410,#2882,#2883);
#2532=AXIS2_PLACEMENT_3D('',#3412,#2884,#2885);
#2533=AXIS2_PLACEMENT_3D('',#3413,#2886,#2887);
#2534=AXIS2_PLACEMENT_3D('',#3414,#2888,#2889);
#2535=AXIS2_PLACEMENT_3D('',#3416,#2890,#2891);
#2536=AXIS2_PLACEMENT_3D('',#3417,#2892,#2893);
#2537=AXIS2_PLACEMENT_3D('',#3419,#2894,#2895);
#2538=AXIS2_PLACEMENT_3D('',#3420,#2896,#2897);
#2539=AXIS2_PLACEMENT_3D('',#3422,#2898,#2899);
#2540=AXIS2_PLACEMENT_3D('',#3423,#2900,#2901);
#2541=AXIS2_PLACEMENT_3D('',#3424,#2902,#2903);
#2542=AXIS2_PLACEMENT_3D('',#3426,#2904,#2905);
#2543=AXIS2_PLACEMENT_3D('',#3427,#2906,#2907);
#2544=AXIS2_PLACEMENT_3D('',#3429,#2908,#2909);
#2545=AXIS2_PLACEMENT_3D('',#3430,#2910,#2911);
#2546=AXIS2_PLACEMENT_3D('',#3432,#2912,#2913);
#2547=AXIS2_PLACEMENT_3D('',#3433,#2914,#2915);
#2548=AXIS2_PLACEMENT_3D('',#3435,#2916,#2917);
#2549=AXIS2_PLACEMENT_3D('',#3437,#2918,#2919);
#2550=AXIS2_PLACEMENT_3D('',#3439,#2920,#2921);
#2551=AXIS2_PLACEMENT_3D('',#3440,#2922,#2923);
#2552=AXIS2_PLACEMENT_3D('',#3442,#2924,#2925);
#2553=AXIS2_PLACEMENT_3D('',#3443,#2926,#2927);
#2554=AXIS2_PLACEMENT_3D('',#3445,#2928,#2929);
#2555=AXIS2_PLACEMENT_3D('',#3446,#2930,#2931);
#2556=AXIS2_PLACEMENT_3D('',#3448,#2932,#2933);
#2557=AXIS2_PLACEMENT_3D('',#3449,#2934,#2935);
#2558=AXIS2_PLACEMENT_3D('',#3450,#2936,#2937);
#2559=AXIS2_PLACEMENT_3D('',#3452,#2938,#2939);
#2560=AXIS2_PLACEMENT_3D('',#3454,#2940,#2941);
#2561=AXIS2_PLACEMENT_3D('',#3455,#2942,#2943);
#2562=AXIS2_PLACEMENT_3D('',#3457,#2944,#2945);
#2563=AXIS2_PLACEMENT_3D('',#3459,#2946,#2947);
#2564=AXIS2_PLACEMENT_3D('',#3460,#2948,#2949);
#2565=AXIS2_PLACEMENT_3D('',#3462,#2950,#2951);
#2566=AXIS2_PLACEMENT_3D('',#3463,#2952,#2953);
#2567=AXIS2_PLACEMENT_3D('',#3465,#2954,#2955);
#2568=AXIS2_PLACEMENT_3D('',#3466,#2956,#2957);
#2569=AXIS2_PLACEMENT_3D('',#3467,#2958,#2959);
#2570=AXIS2_PLACEMENT_3D('',#3469,#2960,#2961);
#2571=AXIS2_PLACEMENT_3D('',#3470,#2962,#2963);
#2572=AXIS2_PLACEMENT_3D('',#3472,#2964,#2965);
#2573=AXIS2_PLACEMENT_3D('',#3485,#2972,#2973);
#2574=AXIS2_PLACEMENT_3D('',#3491,#2977,#2978);
#2575=AXIS2_PLACEMENT_3D('',#3495,#2981,#2982);
#2576=AXIS2_PLACEMENT_3D('',#3499,#2985,#2986);
#2577=AXIS2_PLACEMENT_3D('',#3503,#2989,#2990);
#2578=AXIS2_PLACEMENT_3D('',#3507,#2993,#2994);
#2579=AXIS2_PLACEMENT_3D('',#3509,#2996,#2997);
#2580=AXIS2_PLACEMENT_3D('',#3510,#2998,#2999);
#2581=AXIS2_PLACEMENT_3D('',#3511,#3000,#3001);
#2582=AXIS2_PLACEMENT_3D('',#3513,#3002,#3003);
#2583=AXIS2_PLACEMENT_3D('',#3515,#3004,#3005);
#2584=AXIS2_PLACEMENT_3D('',#3516,#3006,#3007);
#2585=AXIS2_PLACEMENT_3D('',#3518,#3008,#3009);
#2586=AXIS2_PLACEMENT_3D('',#3520,#3010,#3011);
#2587=AXIS2_PLACEMENT_3D('',#3521,#3012,#3013);
#2588=AXIS2_PLACEMENT_3D('',#3523,#3014,#3015);
#2589=AXIS2_PLACEMENT_3D('',#3524,#3016,#3017);
#2590=AXIS2_PLACEMENT_3D('',#3526,#3018,#3019);
#2591=AXIS2_PLACEMENT_3D('',#3527,#3020,#3021);
#2592=AXIS2_PLACEMENT_3D('',#3528,#3022,#3023);
#2593=AXIS2_PLACEMENT_3D('',#3530,#3024,#3025);
#2594=AXIS2_PLACEMENT_3D('',#3531,#3026,#3027);
#2595=AXIS2_PLACEMENT_3D('',#3533,#3028,#3029);
#2596=AXIS2_PLACEMENT_3D('',#3546,#3036,#3037);
#2597=AXIS2_PLACEMENT_3D('',#3552,#3041,#3042);
#2598=AXIS2_PLACEMENT_3D('',#3556,#3045,#3046);
#2599=AXIS2_PLACEMENT_3D('',#3560,#3049,#3050);
#2600=AXIS2_PLACEMENT_3D('',#3564,#3053,#3054);
#2601=AXIS2_PLACEMENT_3D('',#3568,#3057,#3058);
#2602=AXIS2_PLACEMENT_3D('',#3570,#3060,#3061);
#2603=AXIS2_PLACEMENT_3D('',#3571,#3062,#3063);
#2604=AXIS2_PLACEMENT_3D('',#3572,#3064,#3065);
#2605=AXIS2_PLACEMENT_3D('',#3574,#3066,#3067);
#2606=AXIS2_PLACEMENT_3D('',#3575,#3068,#3069);
#2607=AXIS2_PLACEMENT_3D('',#3577,#3070,#3071);
#2608=AXIS2_PLACEMENT_3D('',#3578,#3072,#3073);
#2609=AXIS2_PLACEMENT_3D('',#3580,#3074,#3075);
#2610=AXIS2_PLACEMENT_3D('',#3581,#3076,#3077);
#2611=AXIS2_PLACEMENT_3D('',#3583,#3078,#3079);
#2612=AXIS2_PLACEMENT_3D('',#3585,#3080,#3081);
#2613=AXIS2_PLACEMENT_3D('',#3586,#3082,#3083);
#2614=AXIS2_PLACEMENT_3D('',#3589,#3084,#3085);
#2615=AXIS2_PLACEMENT_3D('',#3590,#3086,#3087);
#2616=AXIS2_PLACEMENT_3D('',#3591,#3088,#3089);
#2617=AXIS2_PLACEMENT_3D('',#3594,#3090,#3091);
#2618=AXIS2_PLACEMENT_3D('',#3595,#3092,#3093);
#2619=AXIS2_PLACEMENT_3D('',#3596,#3094,#3095);
#2620=AXIS2_PLACEMENT_3D('',#3597,#3096,#3097);
#2621=AXIS2_PLACEMENT_3D('',#3602,#3099,#3100);
#2622=AXIS2_PLACEMENT_3D('',#3606,#3102,#3103);
#2623=AXIS2_PLACEMENT_3D('',#3607,#3104,#3105);
#2624=AXIS2_PLACEMENT_3D('',#3613,#3106,#3107);
#2625=AXIS2_PLACEMENT_3D('',#3619,#3108,#3109);
#2626=AXIS2_PLACEMENT_3D('',#3630,#3110,#3111);
#2627=AXIS2_PLACEMENT_3D('',#3631,#3112,#3113);
#2628=AXIS2_PLACEMENT_3D('',#3632,#3114,#3115);
#2629=AXIS2_PLACEMENT_3D('',#3634,#3116,#3117);
#2630=AXIS2_PLACEMENT_3D('',#3640,#3120,#3121);
#2631=AXIS2_PLACEMENT_3D('',#3644,#3124,#3125);
#2632=AXIS2_PLACEMENT_3D('',#3645,#3126,#3127);
#2633=AXIS2_PLACEMENT_3D('',#3647,#3128,#3129);
#2634=AXIS2_PLACEMENT_3D('',#3648,#3130,#3131);
#2635=AXIS2_PLACEMENT_3D('',#3650,#3132,#3133);
#2636=AXIS2_PLACEMENT_3D('',#3651,#3134,#3135);
#2637=AXIS2_PLACEMENT_3D('',#3653,#3137,#3138);
#2638=AXIS2_PLACEMENT_3D('',#3654,#3139,#3140);
#2639=AXIS2_PLACEMENT_3D('',#3656,#3142,#3143);
#2640=AXIS2_PLACEMENT_3D('',#3657,#3144,#3145);
#2641=AXIS2_PLACEMENT_3D('',#3658,#3146,#3147);
#2642=AXIS2_PLACEMENT_3D('',#3660,#3148,#3149);
#2643=AXIS2_PLACEMENT_3D('',#3661,#3150,#3151);
#2644=AXIS2_PLACEMENT_3D('',#3663,#3152,#3153);
#2645=AXIS2_PLACEMENT_3D('',#3664,#3154,#3155);
#2646=AXIS2_PLACEMENT_3D('',#3666,#3156,#3157);
#2647=AXIS2_PLACEMENT_3D('',#3667,#3158,#3159);
#2648=AXIS2_PLACEMENT_3D('',#3669,#3160,#3161);
#2649=AXIS2_PLACEMENT_3D('',#3670,#3162,#3163);
#2650=AXIS2_PLACEMENT_3D('',#3672,#3164,#3165);
#2651=AXIS2_PLACEMENT_3D('',#3673,#3166,#3167);
#2652=AXIS2_PLACEMENT_3D('',#3675,#3168,#3169);
#2653=AXIS2_PLACEMENT_3D('',#3676,#3170,#3171);
#2654=AXIS2_PLACEMENT_3D('',#3678,#3172,#3173);
#2655=AXIS2_PLACEMENT_3D('',#3679,#3174,#3175);
#2656=DIRECTION('',(0.,0.,1.));
#2657=DIRECTION('',(1.,0.,0.));
#2658=DIRECTION('',(0.,-1.,0.));
#2659=DIRECTION('',(0.,0.,-1.));
#2660=DIRECTION('',(0.,0.,1.));
#2661=DIRECTION('',(-1.,0.,0.));
#2662=DIRECTION('',(0.,0.,1.));
#2663=DIRECTION('',(1.,0.,0.));
#2664=DIRECTION('',(0.,1.,0.));
#2665=DIRECTION('',(1.,0.,0.));
#2666=DIRECTION('',(0.,1.,0.));
#2667=DIRECTION('',(1.,0.,0.));
#2668=DIRECTION('',(0.,1.,0.));
#2669=DIRECTION('',(0.,0.,1.));
#2670=DIRECTION('',(0.,-1.,0.));
#2671=DIRECTION('',(0.,0.,-1.));
#2672=DIRECTION('',(0.,0.,1.));
#2673=DIRECTION('',(-1.,0.,0.));
#2674=DIRECTION('',(0.,0.,1.));
#2675=DIRECTION('',(1.,0.,0.));
#2676=DIRECTION('',(0.,1.,0.));
#2677=DIRECTION('',(1.,0.,0.));
#2678=DIRECTION('',(0.,1.,0.));
#2679=DIRECTION('',(1.,0.,0.));
#2680=DIRECTION('',(0.,1.,0.));
#2681=DIRECTION('',(0.,0.,1.));
#2682=DIRECTION('',(0.707106781186547,0.707106781186547,0.));
#2683=DIRECTION('',(-0.707106781186548,0.707106781186548,0.));
#2684=DIRECTION('',(-0.707106781186548,0.707106781186548,0.));
#2685=DIRECTION('',(0.,0.,1.));
#2686=DIRECTION('',(-0.707106781186548,0.707106781186548,0.));
#2687=DIRECTION('',(0.,0.,1.));
#2688=DIRECTION('',(0.,1.,0.));
#2689=DIRECTION('',(0.,0.,1.));
#2690=DIRECTION('',(0.,1.,0.));
#2691=DIRECTION('',(0.,0.,1.));
#2692=DIRECTION('',(-0.707106781186547,0.707106781186547,0.));
#2693=DIRECTION('',(-0.707106781186548,-0.707106781186548,0.));
#2694=DIRECTION('',(-0.707106781186548,-0.707106781186548,0.));
#2695=DIRECTION('',(0.,0.,1.));
#2696=DIRECTION('',(-0.707106781186548,-0.707106781186548,0.));
#2697=DIRECTION('',(0.,0.,1.));
#2698=DIRECTION('',(0.,1.,0.));
#2699=DIRECTION('',(0.,0.,1.));
#2700=DIRECTION('',(0.,1.,0.));
#2701=DIRECTION('',(0.,0.,1.));
#2702=DIRECTION('',(0.707106781186547,0.707106781186547,0.));
#2703=DIRECTION('',(-0.707106781186548,0.707106781186548,0.));
#2704=DIRECTION('',(0.707106781186548,-0.707106781186548,0.));
#2705=DIRECTION('',(0.,0.,1.));
#2706=DIRECTION('',(-0.707106781186548,0.707106781186548,0.));
#2707=DIRECTION('',(0.,0.,1.));
#2708=DIRECTION('',(0.,1.,0.));
#2709=DIRECTION('',(0.,0.,1.));
#2710=DIRECTION('',(0.,1.,0.));
#2711=DIRECTION('',(0.,0.,1.));
#2712=DIRECTION('',(-0.707106781186547,0.707106781186547,0.));
#2713=DIRECTION('',(-0.707106781186548,-0.707106781186548,0.));
#2714=DIRECTION('',(0.707106781186548,0.707106781186548,0.));
#2715=DIRECTION('',(0.,0.,1.));
#2716=DIRECTION('',(-0.707106781186548,-0.707106781186548,0.));
#2717=DIRECTION('',(0.,0.,1.));
#2718=DIRECTION('',(0.,1.,0.));
#2719=DIRECTION('',(0.,0.,1.));
#2720=DIRECTION('',(0.,1.,0.));
#2721=DIRECTION('',(0.,0.,1.));
#2722=DIRECTION('',(-1.,0.,0.));
#2723=DIRECTION('',(0.,0.,1.));
#2724=DIRECTION('',(0.,1.,0.));
#2725=DIRECTION('',(0.,-1.,0.));
#2726=DIRECTION('',(0.,1.,0.));
#2727=DIRECTION('',(0.,0.,1.));
#2728=DIRECTION('',(0.,-1.,0.));
#2729=DIRECTION('',(0.,-1.,0.));
#2730=DIRECTION('',(0.,0.,1.));
#2731=DIRECTION('',(0.,1.,0.));
#2732=DIRECTION('',(0.,0.,1.));
#2733=DIRECTION('',(0.,1.,0.));
#2734=DIRECTION('',(0.,1.,0.));
#2735=DIRECTION('',(0.,0.,1.));
#2736=DIRECTION('',(1.,0.,0.));
#2737=DIRECTION('',(0.,0.,-1.));
#2738=DIRECTION('',(0.,1.,0.));
#2739=DIRECTION('',(0.,0.,-1.));
#2740=DIRECTION('',(0.,1.,0.));
#2741=DIRECTION('',(0.,1.,0.));
#2742=DIRECTION('',(0.,0.,-1.));
#2743=DIRECTION('',(0.,1.,0.));
#2744=DIRECTION('',(0.,0.,1.));
#2745=DIRECTION('',(0.,1.,0.));
#2746=DIRECTION('',(0.,-1.,0.));
#2747=DIRECTION('',(0.,0.,1.));
#2748=DIRECTION('',(0.,1.,0.));
#2749=DIRECTION('',(0.,1.,0.));
#2750=DIRECTION('',(-0.707106781186547,0.707106781186547,0.));
#2751=DIRECTION('',(-0.707106781186548,-0.707106781186548,0.));
#2752=DIRECTION('',(0.707106781186548,0.707106781186548,0.));
#2753=DIRECTION('',(-0.707106781186548,-0.707106781186548,0.));
#2754=DIRECTION('',(0.,0.,1.));
#2755=DIRECTION('',(0.707106781186547,0.707106781186547,0.));
#2756=DIRECTION('',(-0.707106781186548,0.707106781186548,0.));
#2757=DIRECTION('',(0.707106781186548,-0.707106781186548,0.));
#2758=DIRECTION('',(0.,0.,1.));
#2759=DIRECTION('',(-0.707106781186548,0.707106781186548,0.));
#2760=DIRECTION('',(0.,1.,0.));
#2761=DIRECTION('',(0.,0.,1.));
#2762=DIRECTION('',(0.,1.,0.));
#2763=DIRECTION('',(0.,0.,1.));
#2764=DIRECTION('',(0.,1.,-6.93889390390723E-16));
#2765=DIRECTION('',(0.,6.93889390390723E-16,1.));
#2766=DIRECTION('',(-1.,0.,0.));
#2767=DIRECTION('',(-1.,0.,0.));
#2768=DIRECTION('',(-1.,0.,0.));
#2769=DIRECTION('',(0.,1.,0.));
#2770=DIRECTION('',(1.,0.,0.));
#2771=DIRECTION('',(1.,0.,0.));
#2772=DIRECTION('',(-1.,0.,0.));
#2773=DIRECTION('',(0.,1.,0.));
#2774=DIRECTION('',(1.,0.,0.));
#2775=DIRECTION('',(1.,0.,0.));
#2776=DIRECTION('',(-1.,0.,0.));
#2777=DIRECTION('',(1.,0.,0.));
#2778=DIRECTION('',(0.,1.,0.));
#2779=DIRECTION('',(1.,0.,0.));
#2780=DIRECTION('',(-1.,0.,0.));
#2781=DIRECTION('',(1.,0.,0.));
#2782=DIRECTION('',(0.,1.,0.));
#2783=DIRECTION('',(1.,0.,0.));
#2784=DIRECTION('',(0.,0.,-1.));
#2785=DIRECTION('',(-1.,0.,0.));
#2786=DIRECTION('',(0.,0.,1.));
#2787=DIRECTION('',(1.,0.,0.));
#2788=DIRECTION('',(0.,0.,-1.));
#2789=DIRECTION('',(-1.,0.,0.));
#2790=DIRECTION('',(0.,0.,1.));
#2791=DIRECTION('',(1.,0.,0.));
#2792=DIRECTION('',(0.,-1.,0.));
#2793=DIRECTION('',(0.,0.,-1.));
#2794=DIRECTION('',(-1.,0.,0.));
#2795=DIRECTION('',(-1.,0.,0.));
#2796=DIRECTION('',(0.,0.,-1.));
#2797=DIRECTION('',(-1.,0.,0.));
#2798=DIRECTION('',(0.,0.,1.));
#2799=DIRECTION('',(1.,0.,0.));
#2800=DIRECTION('',(0.,1.,0.));
#2801=DIRECTION('',(0.,0.,1.));
#2802=DIRECTION('',(-1.,0.,0.));
#2803=DIRECTION('',(1.,0.,0.));
#2804=DIRECTION('',(0.,1.,0.));
#2805=DIRECTION('',(1.,0.,0.));
#2806=DIRECTION('',(0.,0.,-1.));
#2807=DIRECTION('',(-1.,0.,0.));
#2808=DIRECTION('',(0.,1.,0.));
#2809=DIRECTION('',(0.,0.,1.));
#2810=DIRECTION('',(1.,0.,0.));
#2811=DIRECTION('',(0.,1.,0.));
#2812=DIRECTION('',(0.,1.,0.));
#2813=DIRECTION('',(0.,0.,1.));
#2814=DIRECTION('',(0.,1.,0.));
#2815=DIRECTION('',(0.,0.,1.));
#2816=DIRECTION('',(-1.,0.,0.));
#2817=DIRECTION('',(0.,1.,0.));
#2818=DIRECTION('',(1.,0.,0.));
#2819=DIRECTION('',(1.,0.,0.));
#2820=DIRECTION('',(0.,0.,-1.));
#2821=DIRECTION('',(-1.,0.,0.));
#2822=DIRECTION('',(0.,1.,0.));
#2823=DIRECTION('',(0.,1.,0.));
#2824=DIRECTION('',(0.,0.,1.));
#2825=DIRECTION('',(0.,1.,0.));
#2826=DIRECTION('',(0.,0.,1.));
#2827=DIRECTION('',(1.,0.,0.));
#2828=DIRECTION('',(0.,1.,0.));
#2829=DIRECTION('',(0.,0.,1.));
#2830=DIRECTION('',(-1.,0.,0.));
#2831=DIRECTION('',(1.,0.,0.));
#2832=DIRECTION('',(0.,1.,0.));
#2833=DIRECTION('',(1.,0.,0.));
#2834=DIRECTION('',(0.,0.,-1.));
#2835=DIRECTION('',(-1.,0.,0.));
#2836=DIRECTION('',(0.,1.,0.));
#2837=DIRECTION('',(0.,0.,1.));
#2838=DIRECTION('',(1.,0.,0.));
#2839=DIRECTION('',(0.,1.,0.));
#2840=DIRECTION('',(0.,1.,0.));
#2841=DIRECTION('',(0.,0.,1.));
#2842=DIRECTION('',(0.,1.,0.));
#2843=DIRECTION('',(0.,0.,1.));
#2844=DIRECTION('',(-1.,0.,0.));
#2845=DIRECTION('',(0.,1.,0.));
#2846=DIRECTION('',(1.,0.,0.));
#2847=DIRECTION('',(1.,0.,0.));
#2848=DIRECTION('',(0.,0.,-1.));
#2849=DIRECTION('',(-1.,0.,0.));
#2850=DIRECTION('',(0.,1.,0.));
#2851=DIRECTION('',(0.,1.,0.));
#2852=DIRECTION('',(0.,0.,1.));
#2853=DIRECTION('',(0.,1.,0.));
#2854=DIRECTION('',(0.,0.,1.));
#2855=DIRECTION('',(1.,0.,0.));
#2856=DIRECTION('',(0.,1.,0.));
#2857=DIRECTION('',(0.,0.,1.));
#2858=DIRECTION('',(0.,1.,0.));
#2859=DIRECTION('',(0.,0.,1.));
#2860=DIRECTION('',(0.,1.,0.));
#2861=DIRECTION('',(0.,0.,1.));
#2862=DIRECTION('',(0.,1.,0.));
#2863=DIRECTION('',(0.,0.,1.));
#2864=DIRECTION('',(0.,1.,0.));
#2865=DIRECTION('',(0.,0.,1.));
#2866=DIRECTION('',(0.,1.,0.));
#2867=DIRECTION('',(0.,0.,1.));
#2868=DIRECTION('',(0.,-1.,0.));
#2869=DIRECTION('',(0.,0.,-1.));
#2870=DIRECTION('',(0.,1.,0.));
#2871=DIRECTION('',(0.,0.,1.));
#2872=DIRECTION('',(0.,1.,0.));
#2873=DIRECTION('',(0.,0.,1.));
#2874=DIRECTION('',(0.,1.,0.));
#2875=DIRECTION('',(0.,0.,1.));
#2876=DIRECTION('',(0.,-1.,0.));
#2877=DIRECTION('',(0.,0.,-1.));
#2878=DIRECTION('',(0.,1.,0.));
#2879=DIRECTION('',(0.,0.,1.));
#2880=DIRECTION('',(0.,1.,0.));
#2881=DIRECTION('',(0.,0.,1.));
#2882=DIRECTION('',(0.,1.,0.));
#2883=DIRECTION('',(0.,0.,1.));
#2884=DIRECTION('',(0.,1.,0.));
#2885=DIRECTION('',(0.,0.,1.));
#2886=DIRECTION('',(0.,1.,0.));
#2887=DIRECTION('',(0.,0.,1.));
#2888=DIRECTION('',(0.,1.,0.));
#2889=DIRECTION('',(0.,0.,1.));
#2890=DIRECTION('',(0.,-1.,0.));
#2891=DIRECTION('',(0.,0.,-1.));
#2892=DIRECTION('',(0.,1.,0.));
#2893=DIRECTION('',(0.,0.,1.));
#2894=DIRECTION('',(0.,1.,0.));
#2895=DIRECTION('',(0.,0.,1.));
#2896=DIRECTION('',(0.,1.,0.));
#2897=DIRECTION('',(0.,0.,1.));
#2898=DIRECTION('',(0.,-1.,0.));
#2899=DIRECTION('',(0.,0.,-1.));
#2900=DIRECTION('',(0.,0.,1.));
#2901=DIRECTION('',(1.,0.,0.));
#2902=DIRECTION('',(0.,0.,1.));
#2903=DIRECTION('',(1.,0.,0.));
#2904=DIRECTION('',(0.,0.,1.));
#2905=DIRECTION('',(1.,0.,0.));
#2906=DIRECTION('',(0.,0.,1.));
#2907=DIRECTION('',(1.,0.,0.));
#2908=DIRECTION('',(0.,0.,1.));
#2909=DIRECTION('',(1.,0.,0.));
#2910=DIRECTION('',(0.,0.,1.));
#2911=DIRECTION('',(1.,0.,0.));
#2912=DIRECTION('',(0.,0.,1.));
#2913=DIRECTION('',(1.,0.,0.));
#2914=DIRECTION('',(0.,0.,-1.));
#2915=DIRECTION('',(-1.,0.,0.));
#2916=DIRECTION('',(0.,0.,-1.));
#2917=DIRECTION('',(-1.,0.,0.));
#2918=DIRECTION('',(0.,0.,1.));
#2919=DIRECTION('',(1.,0.,0.));
#2920=DIRECTION('',(0.,0.,1.));
#2921=DIRECTION('',(1.,0.,0.));
#2922=DIRECTION('',(0.,0.,-1.));
#2923=DIRECTION('',(-1.,0.,0.));
#2924=DIRECTION('',(0.,0.,-1.));
#2925=DIRECTION('',(-1.,0.,0.));
#2926=DIRECTION('',(0.,0.,-1.));
#2927=DIRECTION('',(-1.,0.,0.));
#2928=DIRECTION('',(0.,0.,-1.));
#2929=DIRECTION('',(-1.,0.,0.));
#2930=DIRECTION('',(0.,0.,-1.));
#2931=DIRECTION('',(-1.,0.,0.));
#2932=DIRECTION('',(0.,0.,-1.));
#2933=DIRECTION('',(-1.,0.,0.));
#2934=DIRECTION('',(0.,0.,-1.));
#2935=DIRECTION('',(-1.,0.,0.));
#2936=DIRECTION('',(0.,0.,-1.));
#2937=DIRECTION('',(-1.,0.,0.));
#2938=DIRECTION('',(0.,0.,1.));
#2939=DIRECTION('',(1.,0.,0.));
#2940=DIRECTION('',(0.,1.,-6.93889390390723E-16));
#2941=DIRECTION('',(0.,6.93889390390723E-16,1.));
#2942=DIRECTION('',(0.,1.,-6.93889390390723E-16));
#2943=DIRECTION('',(0.,6.93889390390723E-16,1.));
#2944=DIRECTION('',(0.,1.,-6.93889390390723E-16));
#2945=DIRECTION('',(0.,6.93889390390723E-16,1.));
#2946=DIRECTION('',(0.,-1.,6.93889390390723E-16));
#2947=DIRECTION('',(0.,-6.93889390390723E-16,-1.));
#2948=DIRECTION('',(0.,1.,-6.93889390390723E-16));
#2949=DIRECTION('',(0.,6.93889390390723E-16,1.));
#2950=DIRECTION('',(0.,1.,-6.93889390390723E-16));
#2951=DIRECTION('',(0.,6.93889390390723E-16,1.));
#2952=DIRECTION('',(0.,1.,-6.93889390390723E-16));
#2953=DIRECTION('',(0.,6.93889390390723E-16,1.));
#2954=DIRECTION('',(0.,1.,-6.93889390390723E-16));
#2955=DIRECTION('',(0.,6.93889390390723E-16,1.));
#2956=DIRECTION('',(0.,1.,-6.93889390390723E-16));
#2957=DIRECTION('',(0.,6.93889390390723E-16,1.));
#2958=DIRECTION('',(0.,1.,-6.93889390390723E-16));
#2959=DIRECTION('',(0.,6.93889390390723E-16,1.));
#2960=DIRECTION('',(0.,-1.,6.93889390390723E-16));
#2961=DIRECTION('',(0.,-6.93889390390723E-16,-1.));
#2962=DIRECTION('',(0.,1.,-6.93889390390723E-16));
#2963=DIRECTION('',(0.,6.93889390390723E-16,1.));
#2964=DIRECTION('',(0.,-1.,6.93889390390723E-16));
#2965=DIRECTION('',(0.,-6.93889390390723E-16,-1.));
#2966=DIRECTION('',(-0.5,0.,0.866025403784439));
#2967=DIRECTION('',(-1.,0.,0.));
#2968=DIRECTION('',(-0.5,0.,-0.866025403784439));
#2969=DIRECTION('',(0.5,0.,-0.866025403784439));
#2970=DIRECTION('',(1.,0.,0.));
#2971=DIRECTION('',(0.5,0.,0.866025403784439));
#2972=DIRECTION('',(0.,0.,-1.));
#2973=DIRECTION('',(-1.,0.,0.));
#2974=DIRECTION('',(0.,1.,0.));
#2975=DIRECTION('',(-1.,0.,0.));
#2976=DIRECTION('',(0.,1.,0.));
#2977=DIRECTION('',(-0.866025403784439,0.,-0.5));
#2978=DIRECTION('',(-0.5,0.,0.866025403784439));
#2979=DIRECTION('',(0.,1.,0.));
#2980=DIRECTION('',(-0.5,0.,0.866025403784439));
#2981=DIRECTION('',(-0.866025403784439,0.,0.5));
#2982=DIRECTION('',(0.5,0.,0.866025403784439));
#2983=DIRECTION('',(0.,1.,0.));
#2984=DIRECTION('',(0.5,0.,0.866025403784439));
#2985=DIRECTION('',(0.,0.,1.));
#2986=DIRECTION('',(1.,0.,0.));
#2987=DIRECTION('',(0.,1.,0.));
#2988=DIRECTION('',(1.,0.,0.));
#2989=DIRECTION('',(0.866025403784439,0.,0.5));
#2990=DIRECTION('',(0.5,0.,-0.866025403784439));
#2991=DIRECTION('',(0.,1.,0.));
#2992=DIRECTION('',(0.5,0.,-0.866025403784439));
#2993=DIRECTION('',(0.866025403784439,0.,-0.5));
#2994=DIRECTION('',(-0.5,0.,-0.866025403784439));
#2995=DIRECTION('',(-0.5,0.,-0.866025403784439));
#2996=DIRECTION('',(0.,1.,0.));
#2997=DIRECTION('',(0.,0.,1.));
#2998=DIRECTION('',(0.,0.,-1.));
#2999=DIRECTION('',(-1.,0.,0.));
#3000=DIRECTION('',(0.,0.,-1.));
#3001=DIRECTION('',(-1.,0.,0.));
#3002=DIRECTION('',(0.,0.,1.));
#3003=DIRECTION('',(1.,0.,0.));
#3004=DIRECTION('',(0.,1.,0.));
#3005=DIRECTION('',(0.,0.,1.));
#3006=DIRECTION('',(0.,1.,0.));
#3007=DIRECTION('',(0.,0.,1.));
#3008=DIRECTION('',(0.,1.,0.));
#3009=DIRECTION('',(0.,0.,1.));
#3010=DIRECTION('',(0.,-1.,0.));
#3011=DIRECTION('',(0.,0.,-1.));
#3012=DIRECTION('',(0.,1.,0.));
#3013=DIRECTION('',(0.,0.,1.));
#3014=DIRECTION('',(0.,1.,0.));
#3015=DIRECTION('',(0.,0.,1.));
#3016=DIRECTION('',(0.,1.,0.));
#3017=DIRECTION('',(0.,0.,1.));
#3018=DIRECTION('',(0.,1.,0.));
#3019=DIRECTION('',(0.,0.,1.));
#3020=DIRECTION('',(0.,1.,0.));
#3021=DIRECTION('',(0.,0.,1.));
#3022=DIRECTION('',(0.,1.,0.));
#3023=DIRECTION('',(0.,0.,1.));
#3024=DIRECTION('',(0.,-1.,0.));
#3025=DIRECTION('',(0.,0.,-1.));
#3026=DIRECTION('',(0.,1.,0.));
#3027=DIRECTION('',(0.,0.,1.));
#3028=DIRECTION('',(0.,-1.,0.));
#3029=DIRECTION('',(0.,0.,-1.));
#3030=DIRECTION('',(-0.500000000000008,0.,0.866025403784434));
#3031=DIRECTION('',(-1.,0.,0.));
#3032=DIRECTION('',(-0.500000000000008,0.,-0.866025403784434));
#3033=DIRECTION('',(0.500000000000008,0.,-0.866025403784434));
#3034=DIRECTION('',(1.,0.,0.));
#3035=DIRECTION('',(0.500000000000008,0.,0.866025403784434));
#3036=DIRECTION('',(0.,0.,-1.));
#3037=DIRECTION('',(-1.,0.,0.));
#3038=DIRECTION('',(0.,1.,0.));
#3039=DIRECTION('',(-1.,0.,0.));
#3040=DIRECTION('',(0.,1.,0.));
#3041=DIRECTION('',(-0.866025403784434,0.,-0.500000000000008));
#3042=DIRECTION('',(-0.500000000000008,0.,0.866025403784434));
#3043=DIRECTION('',(0.,1.,0.));
#3044=DIRECTION('',(-0.500000000000008,0.,0.866025403784434));
#3045=DIRECTION('',(-0.866025403784434,0.,0.500000000000008));
#3046=DIRECTION('',(0.500000000000008,0.,0.866025403784434));
#3047=DIRECTION('',(0.,1.,0.));
#3048=DIRECTION('',(0.500000000000008,0.,0.866025403784434));
#3049=DIRECTION('',(0.,0.,1.));
#3050=DIRECTION('',(1.,0.,0.));
#3051=DIRECTION('',(0.,1.,0.));
#3052=DIRECTION('',(1.,0.,0.));
#3053=DIRECTION('',(0.866025403784434,0.,0.500000000000008));
#3054=DIRECTION('',(0.500000000000008,0.,-0.866025403784434));
#3055=DIRECTION('',(0.,1.,0.));
#3056=DIRECTION('',(0.500000000000008,0.,-0.866025403784434));
#3057=DIRECTION('',(0.866025403784434,0.,-0.500000000000008));
#3058=DIRECTION('',(-0.500000000000008,0.,-0.866025403784434));
#3059=DIRECTION('',(-0.500000000000008,0.,-0.866025403784434));
#3060=DIRECTION('',(0.,1.,0.));
#3061=DIRECTION('',(0.,0.,1.));
#3062=DIRECTION('',(0.,0.,-1.));
#3063=DIRECTION('',(-1.,0.,0.));
#3064=DIRECTION('',(0.,0.,1.));
#3065=DIRECTION('',(1.,0.,0.));
#3066=DIRECTION('',(0.,0.,1.));
#3067=DIRECTION('',(1.,0.,0.));
#3068=DIRECTION('',(0.,0.,1.));
#3069=DIRECTION('',(1.,0.,0.));
#3070=DIRECTION('',(0.,0.,-1.));
#3071=DIRECTION('',(-1.,0.,0.));
#3072=DIRECTION('',(0.,0.,1.));
#3073=DIRECTION('',(1.,0.,0.));
#3074=DIRECTION('',(0.,0.,1.));
#3075=DIRECTION('',(1.,0.,0.));
#3076=DIRECTION('',(0.,0.,-1.));
#3077=DIRECTION('',(-1.,0.,0.));
#3078=DIRECTION('',(0.,0.,-1.));
#3079=DIRECTION('',(-1.,0.,0.));
#3080=DIRECTION('',(0.,0.,-1.));
#3081=DIRECTION('',(-1.,0.,0.));
#3082=DIRECTION('',(0.,0.,-1.));
#3083=DIRECTION('',(-1.,0.,0.));
#3084=DIRECTION('',(0.,0.,-1.));
#3085=DIRECTION('',(-1.,0.,0.));
#3086=DIRECTION('',(0.,0.,-1.));
#3087=DIRECTION('',(-1.,0.,0.));
#3088=DIRECTION('',(0.,0.,-1.));
#3089=DIRECTION('',(-1.,0.,0.));
#3090=DIRECTION('',(0.,0.,-1.));
#3091=DIRECTION('',(-1.,0.,0.));
#3092=DIRECTION('',(0.,0.,1.));
#3093=DIRECTION('',(1.,0.,0.));
#3094=DIRECTION('',(0.,0.,-1.));
#3095=DIRECTION('',(-1.,0.,0.));
#3096=DIRECTION('',(0.,0.,-1.));
#3097=DIRECTION('',(-1.,0.,0.));
#3098=DIRECTION('',(0.,-1.,0.));
#3099=DIRECTION('',(0.,0.,-1.));
#3100=DIRECTION('',(-1.,0.,0.));
#3101=DIRECTION('',(0.,-1.,0.));
#3102=DIRECTION('',(0.,0.,-1.));
#3103=DIRECTION('',(-1.,0.,0.));
#3104=DIRECTION('',(0.,0.,-1.));
#3105=DIRECTION('',(-1.,0.,0.));
#3106=DIRECTION('',(0.,0.,-1.));
#3107=DIRECTION('',(-1.,0.,0.));
#3108=DIRECTION('',(0.,0.,-1.));
#3109=DIRECTION('',(-1.,0.,0.));
#3110=DIRECTION('',(0.,0.,-1.));
#3111=DIRECTION('',(-1.,0.,0.));
#3112=DIRECTION('',(0.,0.,-1.));
#3113=DIRECTION('',(-1.,0.,0.));
#3114=DIRECTION('',(0.,0.,-1.));
#3115=DIRECTION('',(-1.,0.,0.));
#3116=DIRECTION('',(0.309016994374947,0.,0.951056516295154));
#3117=DIRECTION('',(0.951056516295154,0.,-0.309016994374947));
#3118=DIRECTION('',(0.,0.,-1.));
#3119=DIRECTION('',(0.,0.,-1.));
#3120=DIRECTION('',(-0.309016994374947,0.,0.951056516295154));
#3121=DIRECTION('',(-0.951056516295154,0.,-0.309016994374947));
#3122=DIRECTION('',(0.,0.,-1.));
#3123=DIRECTION('',(0.,0.,-1.));
#3124=DIRECTION('',(0.,0.,-1.));
#3125=DIRECTION('',(-1.,0.,0.));
#3126=DIRECTION('',(0.,0.,-1.));
#3127=DIRECTION('',(-1.,0.,0.));
#3128=DIRECTION('',(0.,0.,-1.));
#3129=DIRECTION('',(-1.,0.,0.));
#3130=DIRECTION('',(0.,0.,-1.));
#3131=DIRECTION('',(-1.,0.,0.));
#3132=DIRECTION('',(0.,0.,1.));
#3133=DIRECTION('',(1.,0.,0.));
#3134=DIRECTION('',(-1.,0.,0.));
#3135=DIRECTION('',(0.,0.,1.));
#3136=DIRECTION('',(0.,-1.,0.));
#3137=DIRECTION('',(-0.309016994374947,0.,0.951056516295154));
#3138=DIRECTION('',(0.951056516295154,0.,0.309016994374947));
#3139=DIRECTION('',(0.309016994374947,0.,0.951056516295154));
#3140=DIRECTION('',(0.951056516295154,0.,-0.309016994374947));
#3141=DIRECTION('',(0.,-1.,0.));
#3142=DIRECTION('',(1.,0.,0.));
#3143=DIRECTION('',(0.,0.,-1.));
#3144=DIRECTION('',(0.,0.,-1.));
#3145=DIRECTION('',(-1.,0.,0.));
#3146=DIRECTION('',(0.,0.,-1.));
#3147=DIRECTION('',(-1.,0.,0.));
#3148=DIRECTION('',(0.,0.,-1.));
#3149=DIRECTION('',(-1.,0.,0.));
#3150=DIRECTION('',(0.,0.,-1.));
#3151=DIRECTION('',(-1.,0.,0.));
#3152=DIRECTION('',(0.,0.,-1.));
#3153=DIRECTION('',(-1.,0.,0.));
#3154=DIRECTION('',(0.,0.,-1.));
#3155=DIRECTION('',(-1.,0.,0.));
#3156=DIRECTION('',(0.,0.,1.));
#3157=DIRECTION('',(1.,0.,0.));
#3158=DIRECTION('',(0.,0.,-1.));
#3159=DIRECTION('',(-1.,0.,0.));
#3160=DIRECTION('',(0.,0.,1.));
#3161=DIRECTION('',(1.,0.,0.));
#3162=DIRECTION('',(0.,0.,-1.));
#3163=DIRECTION('',(-1.,0.,0.));
#3164=DIRECTION('',(0.,0.,-1.));
#3165=DIRECTION('',(-1.,0.,0.));
#3166=DIRECTION('',(0.,0.,-1.));
#3167=DIRECTION('',(-1.,0.,0.));
#3168=DIRECTION('',(0.,0.,-1.));
#3169=DIRECTION('',(-1.,0.,0.));
#3170=DIRECTION('',(0.,0.,-1.));
#3171=DIRECTION('',(-1.,0.,0.));
#3172=DIRECTION('',(0.,0.,-1.));
#3173=DIRECTION('',(-1.,0.,0.));
#3174=DIRECTION('',(0.,0.,1.));
#3175=DIRECTION('',(1.,0.,0.));
#3176=CARTESIAN_POINT('',(0.,0.,0.));
#3177=CARTESIAN_POINT('',(-60.,-60.,-568.));
#3178=CARTESIAN_POINT('',(60.,-60.,-568.));
#3179=CARTESIAN_POINT('',(60.,-60.,-568.));
#3180=CARTESIAN_POINT('',(60.,-60.,-66.0000000000001));
#3181=CARTESIAN_POINT('',(60.,-60.,-66.));
#3182=CARTESIAN_POINT('',(-60.,-60.,-66.));
#3183=CARTESIAN_POINT('',(-60.,-60.,-568.));
#3184=CARTESIAN_POINT('',(-60.,-60.,-568.));
#3185=CARTESIAN_POINT('',(-60.,-60.,-568.));
#3186=CARTESIAN_POINT('',(-49.,-60.,-81.));
#3187=CARTESIAN_POINT('',(-42.5,-60.,-81.));
#3188=CARTESIAN_POINT('',(49.,-60.,-81.));
#3189=CARTESIAN_POINT('',(55.5,-60.,-81.));
#3190=CARTESIAN_POINT('',(0.,-60.,-81.));
#3191=CARTESIAN_POINT('',(0.,-60.,-69.75));
#3192=CARTESIAN_POINT('',(-60.,-60.,-568.));
#3193=CARTESIAN_POINT('',(-60.,-60.,-568.));
#3194=CARTESIAN_POINT('',(-60.,-60.,-54.));
#3195=CARTESIAN_POINT('',(-60.,-60.,0.));
#3196=CARTESIAN_POINT('',(60.,-60.,-54.));
#3197=CARTESIAN_POINT('',(60.,-60.,-54.));
#3198=CARTESIAN_POINT('',(60.,-60.,-568.));
#3199=CARTESIAN_POINT('',(60.,-60.,0.));
#3200=CARTESIAN_POINT('',(-60.,-60.,0.));
#3201=CARTESIAN_POINT('',(-49.,-60.,-39.));
#3202=CARTESIAN_POINT('',(-42.5,-60.,-39.));
#3203=CARTESIAN_POINT('',(49.,-60.,-39.));
#3204=CARTESIAN_POINT('',(55.5,-60.,-39.));
#3205=CARTESIAN_POINT('',(0.,-60.,-39.));
#3206=CARTESIAN_POINT('',(0.,-60.,-27.75));
#3207=CARTESIAN_POINT('',(60.,43.,-568.));
#3208=CARTESIAN_POINT('',(60.,43.,-91.));
#3209=CARTESIAN_POINT('',(60.,43.,-91.));
#3210=CARTESIAN_POINT('',(57.,46.,-91.));
#3211=CARTESIAN_POINT('',(60.,43.,-568.));
#3212=CARTESIAN_POINT('',(60.,43.,-568.));
#3213=CARTESIAN_POINT('',(60.,43.,-568.));
#3214=CARTESIAN_POINT('',(57.,46.,-568.));
#3215=CARTESIAN_POINT('',(57.,46.,-568.));
#3216=CARTESIAN_POINT('',(49.,-60.,-81.));
#3217=CARTESIAN_POINT('',(49.,33.,-81.));
#3218=CARTESIAN_POINT('',(49.,33.,-74.5));
#3219=CARTESIAN_POINT('',(-57.,46.,-568.));
#3220=CARTESIAN_POINT('',(-57.,46.,-91.));
#3221=CARTESIAN_POINT('',(-57.,46.,-91.));
#3222=CARTESIAN_POINT('',(-60.,43.,-91.));
#3223=CARTESIAN_POINT('',(-57.,46.,-568.));
#3224=CARTESIAN_POINT('',(-57.,46.,-568.));
#3225=CARTESIAN_POINT('',(-57.,46.,-568.));
#3226=CARTESIAN_POINT('',(-60.,43.,-568.));
#3227=CARTESIAN_POINT('',(-60.,43.,-568.));
#3228=CARTESIAN_POINT('',(-49.,-60.,-81.));
#3229=CARTESIAN_POINT('',(-49.,33.,-81.));
#3230=CARTESIAN_POINT('',(-49.,33.,-74.5));
#3231=CARTESIAN_POINT('',(60.,43.,-568.));
#3232=CARTESIAN_POINT('',(60.,43.,-71.));
#3233=CARTESIAN_POINT('',(57.,46.,-71.));
#3234=CARTESIAN_POINT('',(60.,43.,-71.));
#3235=CARTESIAN_POINT('',(57.,46.,-568.));
#3236=CARTESIAN_POINT('',(57.,46.,-49.));
#3237=CARTESIAN_POINT('',(60.,43.,-49.));
#3238=CARTESIAN_POINT('',(60.,43.,-49.));
#3239=CARTESIAN_POINT('',(60.,43.,-568.));
#3240=CARTESIAN_POINT('',(49.,-60.,-39.));
#3241=CARTESIAN_POINT('',(49.,33.,-39.));
#3242=CARTESIAN_POINT('',(49.,33.,-32.5));
#3243=CARTESIAN_POINT('',(-57.,46.,-568.));
#3244=CARTESIAN_POINT('',(-57.,46.,-71.));
#3245=CARTESIAN_POINT('',(-60.,43.,-71.));
#3246=CARTESIAN_POINT('',(-57.,46.,-71.));
#3247=CARTESIAN_POINT('',(-60.,43.,-568.));
#3248=CARTESIAN_POINT('',(-60.,43.,-49.));
#3249=CARTESIAN_POINT('',(-57.,46.,-49.));
#3250=CARTESIAN_POINT('',(-57.,46.,-49.));
#3251=CARTESIAN_POINT('',(-57.,46.,-568.));
#3252=CARTESIAN_POINT('',(-49.,-60.,-39.));
#3253=CARTESIAN_POINT('',(-49.,33.,-39.));
#3254=CARTESIAN_POINT('',(-49.,33.,-32.5));
#3255=CARTESIAN_POINT('',(-60.,43.,-568.));
#3256=CARTESIAN_POINT('',(-60.,33.,-91.));
#3257=CARTESIAN_POINT('',(-60.,33.,-91.));
#3258=CARTESIAN_POINT('',(-60.,43.,-568.));
#3259=CARTESIAN_POINT('',(-60.,-60.,-66.));
#3260=CARTESIAN_POINT('',(-60.,-55.,-66.));
#3261=CARTESIAN_POINT('',(-60.,-55.,-66.));
#3262=CARTESIAN_POINT('',(-60.,-55.,-54.));
#3263=CARTESIAN_POINT('',(-60.,-55.,-54.));
#3264=CARTESIAN_POINT('',(-60.,43.,0.));
#3265=CARTESIAN_POINT('',(-60.,43.,0.));
#3266=CARTESIAN_POINT('',(-60.,43.,-568.));
#3267=CARTESIAN_POINT('',(-60.,43.,-29.));
#3268=CARTESIAN_POINT('',(-60.,33.,-29.));
#3269=CARTESIAN_POINT('',(-60.,33.,-29.));
#3270=CARTESIAN_POINT('',(-60.,33.,-49.));
#3271=CARTESIAN_POINT('',(-60.,33.,-49.));
#3272=CARTESIAN_POINT('',(-60.,33.,-49.));
#3273=CARTESIAN_POINT('',(-60.,33.,-71.));
#3274=CARTESIAN_POINT('',(-60.,33.,-71.));
#3275=CARTESIAN_POINT('',(-60.,33.,-91.));
#3276=CARTESIAN_POINT('',(60.,-60.,-568.));
#3277=CARTESIAN_POINT('',(60.,33.,-91.));
#3278=CARTESIAN_POINT('',(60.,33.,-91.));
#3279=CARTESIAN_POINT('',(60.,33.,-71.));
#3280=CARTESIAN_POINT('',(60.,33.,-71.));
#3281=CARTESIAN_POINT('',(60.,33.,-71.));
#3282=CARTESIAN_POINT('',(60.,33.,-49.));
#3283=CARTESIAN_POINT('',(60.,33.,-49.));
#3284=CARTESIAN_POINT('',(60.,33.,-29.));
#3285=CARTESIAN_POINT('',(60.,33.,-29.));
#3286=CARTESIAN_POINT('',(60.,33.,-29.));
#3287=CARTESIAN_POINT('',(60.,43.,-29.));
#3288=CARTESIAN_POINT('',(60.,43.,-568.));
#3289=CARTESIAN_POINT('',(60.,43.,0.));
#3290=CARTESIAN_POINT('',(60.,-60.,0.));
#3291=CARTESIAN_POINT('',(60.,-55.,-54.));
#3292=CARTESIAN_POINT('',(60.,-55.,-54.));
#3293=CARTESIAN_POINT('',(60.,-55.,-66.));
#3294=CARTESIAN_POINT('',(60.,-55.,-66.));
#3295=CARTESIAN_POINT('',(60.,-60.,-66.));
#3296=CARTESIAN_POINT('',(60.,-60.,-568.));
#3297=CARTESIAN_POINT('',(-57.,46.,-568.));
#3298=CARTESIAN_POINT('',(-57.,46.,-29.));
#3299=CARTESIAN_POINT('',(-57.,46.,-29.));
#3300=CARTESIAN_POINT('',(-57.,46.,0.));
#3301=CARTESIAN_POINT('',(-57.,46.,0.));
#3302=CARTESIAN_POINT('',(-57.,46.,-568.));
#3303=CARTESIAN_POINT('',(60.,43.,-568.));
#3304=CARTESIAN_POINT('',(60.,43.,-29.));
#3305=CARTESIAN_POINT('',(57.,46.,-29.));
#3306=CARTESIAN_POINT('',(57.,46.,-568.));
#3307=CARTESIAN_POINT('',(57.,46.,0.));
#3308=CARTESIAN_POINT('',(60.,43.,0.));
#3309=CARTESIAN_POINT('',(57.,46.,-568.));
#3310=CARTESIAN_POINT('',(0.,46.,-561.));
#3311=CARTESIAN_POINT('',(0.,46.,-558.));
#3312=CARTESIAN_POINT('',(0.,46.,-7.));
#3313=CARTESIAN_POINT('',(0.,46.,-4.));
#3314=CARTESIAN_POINT('',(60.,46.,-91.));
#3315=CARTESIAN_POINT('',(49.,46.,-91.));
#3316=CARTESIAN_POINT('',(57.,46.,-568.));
#3317=CARTESIAN_POINT('',(-49.,46.,-91.));
#3318=CARTESIAN_POINT('',(-49.,46.,-91.));
#3319=CARTESIAN_POINT('',(-49.,46.,-81.));
#3320=CARTESIAN_POINT('',(-49.,46.,-71.));
#3321=CARTESIAN_POINT('',(-60.,46.,-71.));
#3322=CARTESIAN_POINT('',(-49.,46.,-49.));
#3323=CARTESIAN_POINT('',(-49.,46.,-49.));
#3324=CARTESIAN_POINT('',(-49.,46.,-39.));
#3325=CARTESIAN_POINT('',(-49.,46.,-29.));
#3326=CARTESIAN_POINT('',(-60.,46.,-29.));
#3327=CARTESIAN_POINT('',(57.,46.,0.));
#3328=CARTESIAN_POINT('',(49.,46.,-29.));
#3329=CARTESIAN_POINT('',(49.,46.,-29.));
#3330=CARTESIAN_POINT('',(49.,46.,-39.));
#3331=CARTESIAN_POINT('',(49.,46.,-49.));
#3332=CARTESIAN_POINT('',(60.,46.,-49.));
#3333=CARTESIAN_POINT('',(49.,46.,-71.));
#3334=CARTESIAN_POINT('',(49.,46.,-71.));
#3335=CARTESIAN_POINT('',(49.,46.,-81.));
#3336=CARTESIAN_POINT('',(0.,0.,-568.));
#3337=CARTESIAN_POINT('',(0.,0.,-568.));
#3338=CARTESIAN_POINT('',(35.,0.,-568.));
#3339=CARTESIAN_POINT('',(0.,0.,0.));
#3340=CARTESIAN_POINT('',(0.,0.,0.));
#3341=CARTESIAN_POINT('',(35.,0.,0.));
#3342=CARTESIAN_POINT('',(60.,-55.,-66.));
#3343=CARTESIAN_POINT('',(60.,-55.,-66.));
#3344=CARTESIAN_POINT('',(60.,-55.,-54.));
#3345=CARTESIAN_POINT('',(60.,-55.,-54.));
#3346=CARTESIAN_POINT('',(60.,-60.,-66.));
#3347=CARTESIAN_POINT('',(-49.,33.,-39.));
#3348=CARTESIAN_POINT('',(-49.,33.,-49.));
#3349=CARTESIAN_POINT('',(-49.,33.,-49.));
#3350=CARTESIAN_POINT('',(-60.,33.,-29.));
#3351=CARTESIAN_POINT('',(-49.,33.,-29.));
#3352=CARTESIAN_POINT('',(-49.,33.,-39.));
#3353=CARTESIAN_POINT('',(-49.,33.,-49.));
#3354=CARTESIAN_POINT('',(-49.,33.,-49.));
#3355=CARTESIAN_POINT('',(-60.,33.,-29.));
#3356=CARTESIAN_POINT('',(-49.,33.,-29.));
#3357=CARTESIAN_POINT('',(-49.,33.,-39.));
#3358=CARTESIAN_POINT('',(49.,33.,-39.));
#3359=CARTESIAN_POINT('',(60.,33.,-49.));
#3360=CARTESIAN_POINT('',(49.,33.,-49.));
#3361=CARTESIAN_POINT('',(49.,33.,-39.));
#3362=CARTESIAN_POINT('',(49.,33.,-29.));
#3363=CARTESIAN_POINT('',(49.,33.,-29.));
#3364=CARTESIAN_POINT('',(60.,33.,-49.));
#3365=CARTESIAN_POINT('',(49.,33.,-49.));
#3366=CARTESIAN_POINT('',(49.,33.,-39.));
#3367=CARTESIAN_POINT('',(49.,33.,-29.));
#3368=CARTESIAN_POINT('',(49.,33.,-29.));
#3369=CARTESIAN_POINT('',(-49.,33.,-81.));
#3370=CARTESIAN_POINT('',(-49.,33.,-91.));
#3371=CARTESIAN_POINT('',(-49.,33.,-91.));
#3372=CARTESIAN_POINT('',(-60.,33.,-71.));
#3373=CARTESIAN_POINT('',(-49.,33.,-71.));
#3374=CARTESIAN_POINT('',(-49.,33.,-81.));
#3375=CARTESIAN_POINT('',(-49.,33.,-91.));
#3376=CARTESIAN_POINT('',(-49.,33.,-91.));
#3377=CARTESIAN_POINT('',(-60.,33.,-71.));
#3378=CARTESIAN_POINT('',(-49.,33.,-71.));
#3379=CARTESIAN_POINT('',(-49.,33.,-81.));
#3380=CARTESIAN_POINT('',(49.,33.,-81.));
#3381=CARTESIAN_POINT('',(60.,33.,-91.));
#3382=CARTESIAN_POINT('',(49.,33.,-91.));
#3383=CARTESIAN_POINT('',(49.,33.,-81.));
#3384=CARTESIAN_POINT('',(49.,33.,-71.));
#3385=CARTESIAN_POINT('',(49.,33.,-71.));
#3386=CARTESIAN_POINT('',(60.,33.,-91.));
#3387=CARTESIAN_POINT('',(49.,33.,-91.));
#3388=CARTESIAN_POINT('',(49.,33.,-81.));
#3389=CARTESIAN_POINT('',(49.,33.,-71.));
#3390=CARTESIAN_POINT('',(49.,33.,-71.));
#3391=CARTESIAN_POINT('',(0.,-57.9,-30.25));
#3392=CARTESIAN_POINT('',(0.,-57.9,-39.));
#3393=CARTESIAN_POINT('',(0.,-57.9,-27.75));
#3394=CARTESIAN_POINT('',(0.,-57.9,-39.));
#3395=CARTESIAN_POINT('',(0.,-57.9,-30.25));
#3396=CARTESIAN_POINT('',(0.,-50.,-39.));
#3397=CARTESIAN_POINT('',(0.,-50.,-39.));
#3398=CARTESIAN_POINT('',(0.,-60.,-39.));
#3399=CARTESIAN_POINT('',(0.,-60.,-30.25));
#3400=CARTESIAN_POINT('',(0.,-50.,-34.));
#3401=CARTESIAN_POINT('',(0.,-50.,-39.));
#3402=CARTESIAN_POINT('',(0.,-50.,-34.));
#3403=CARTESIAN_POINT('',(0.,-50.,-39.));
#3404=CARTESIAN_POINT('',(0.,-60.,-39.));
#3405=CARTESIAN_POINT('',(0.,-60.,-34.));
#3406=CARTESIAN_POINT('',(-60.,-60.,-568.));
#3407=CARTESIAN_POINT('',(0.,-57.9,-72.25));
#3408=CARTESIAN_POINT('',(0.,-57.9,-81.));
#3409=CARTESIAN_POINT('',(0.,-57.9,-69.75));
#3410=CARTESIAN_POINT('',(0.,-57.9,-81.));
#3411=CARTESIAN_POINT('',(0.,-57.9,-72.25));
#3412=CARTESIAN_POINT('',(0.,-50.,-81.));
#3413=CARTESIAN_POINT('',(0.,-50.,-81.));
#3414=CARTESIAN_POINT('',(0.,-60.,-81.));
#3415=CARTESIAN_POINT('',(0.,-60.,-72.25));
#3416=CARTESIAN_POINT('',(0.,-50.,-75.));
#3417=CARTESIAN_POINT('',(0.,-50.,-81.));
#3418=CARTESIAN_POINT('',(0.,-50.,-75.));
#3419=CARTESIAN_POINT('',(0.,-50.,-81.));
#3420=CARTESIAN_POINT('',(0.,-60.,-81.));
#3421=CARTESIAN_POINT('',(0.,-60.,-75.));
#3422=CARTESIAN_POINT('',(-60.,-60.,-568.));
#3423=CARTESIAN_POINT('',(0.,0.,-1.));
#3424=CARTESIAN_POINT('',(0.,0.,-1.));
#3425=CARTESIAN_POINT('',(35.,0.,-1.));
#3426=CARTESIAN_POINT('',(0.,0.,-1.));
#3427=CARTESIAN_POINT('',(0.,0.,-1.));
#3428=CARTESIAN_POINT('',(34.,0.,-1.));
#3429=CARTESIAN_POINT('',(0.,0.,-1.));
#3430=CARTESIAN_POINT('',(0.,0.,0.));
#3431=CARTESIAN_POINT('',(34.,0.,0.));
#3432=CARTESIAN_POINT('',(0.,0.,0.));
#3433=CARTESIAN_POINT('',(0.,-28.,0.));
#3434=CARTESIAN_POINT('',(-3.,-28.,0.));
#3435=CARTESIAN_POINT('',(0.,28.,0.));
#3436=CARTESIAN_POINT('',(-3.,28.,0.));
#3437=CARTESIAN_POINT('',(0.,0.,0.));
#3438=CARTESIAN_POINT('',(18.,0.,0.));
#3439=CARTESIAN_POINT('',(0.,31.5,-558.));
#3440=CARTESIAN_POINT('',(0.,0.,-558.));
#3441=CARTESIAN_POINT('',(-31.5,0.,-558.));
#3442=CARTESIAN_POINT('',(0.,0.,-558.));
#3443=CARTESIAN_POINT('',(0.,0.,-88.));
#3444=CARTESIAN_POINT('',(-31.5,0.,-88.));
#3445=CARTESIAN_POINT('',(0.,18.,-88.));
#3446=CARTESIAN_POINT('',(0.,0.,-88.));
#3447=CARTESIAN_POINT('',(-18.,0.,-88.));
#3448=CARTESIAN_POINT('',(0.,0.,-558.));
#3449=CARTESIAN_POINT('',(0.,28.,-9.73205080756888));
#3450=CARTESIAN_POINT('',(0.,28.,-8.));
#3451=CARTESIAN_POINT('',(-3.,28.,-8.));
#3452=CARTESIAN_POINT('',(0.,28.,-8.));
#3453=CARTESIAN_POINT('',(0.,28.,-9.73205080756888));
#3454=CARTESIAN_POINT('',(0.,36.,-6.99999999999999));
#3455=CARTESIAN_POINT('',(0.,36.,-6.99999999999999));
#3456=CARTESIAN_POINT('',(0.,36.,-4.6));
#3457=CARTESIAN_POINT('',(0.,36.,-6.99999999999999));
#3458=CARTESIAN_POINT('',(0.,36.,-4.));
#3459=CARTESIAN_POINT('',(0.,36.,-6.99999999999999));
#3460=CARTESIAN_POINT('',(0.,36.2705,-6.99999999999999));
#3461=CARTESIAN_POINT('',(0.,36.2705,-4.27049999999999));
#3462=CARTESIAN_POINT('',(0.,46.,-7.));
#3463=CARTESIAN_POINT('',(0.,45.7295,-7.));
#3464=CARTESIAN_POINT('',(0.,45.7295,-4.27049999999999));
#3465=CARTESIAN_POINT('',(0.,45.7295,-7.));
#3466=CARTESIAN_POINT('',(0.,46.,-7.));
#3467=CARTESIAN_POINT('',(0.,45.5,-7.));
#3468=CARTESIAN_POINT('',(0.,45.5,-4.6));
#3469=CARTESIAN_POINT('',(0.,45.5,-7.));
#3470=CARTESIAN_POINT('',(0.,46.,-7.));
#3471=CARTESIAN_POINT('',(0.,46.,-5.1));
#3472=CARTESIAN_POINT('',(0.,46.,-5.1));
#3473=CARTESIAN_POINT('',(-0.721687836487032,46.,-8.25));
#3474=CARTESIAN_POINT('',(-0.721687836487032,46.,-8.25));
#3475=CARTESIAN_POINT('',(-1.44337567297406,46.,-7.));
#3476=CARTESIAN_POINT('',(0.721687836487032,46.,-8.25));
#3477=CARTESIAN_POINT('',(0.721687836487032,46.,-8.25));
#3478=CARTESIAN_POINT('',(1.44337567297406,46.,-7.));
#3479=CARTESIAN_POINT('',(1.44337567297406,46.,-7.));
#3480=CARTESIAN_POINT('',(0.721687836487032,46.,-5.75));
#3481=CARTESIAN_POINT('',(0.721687836487032,46.,-5.75));
#3482=CARTESIAN_POINT('',(-0.721687836487032,46.,-5.75));
#3483=CARTESIAN_POINT('',(-0.721687836487032,46.,-5.75));
#3484=CARTESIAN_POINT('',(-1.44337567297406,46.,-7.));
#3485=CARTESIAN_POINT('',(0.721687836487032,44.,-8.25));
#3486=CARTESIAN_POINT('',(-0.721687836487032,44.,-8.25));
#3487=CARTESIAN_POINT('',(-0.721687836487032,44.,-8.25));
#3488=CARTESIAN_POINT('',(0.721687836487032,44.,-8.25));
#3489=CARTESIAN_POINT('',(0.721687836487032,44.,-8.25));
#3490=CARTESIAN_POINT('',(0.721687836487032,44.,-8.25));
#3491=CARTESIAN_POINT('',(-0.721687836487032,44.,-8.25));
#3492=CARTESIAN_POINT('',(-1.44337567297406,44.,-7.));
#3493=CARTESIAN_POINT('',(-1.44337567297406,44.,-7.));
#3494=CARTESIAN_POINT('',(-0.721687836487032,44.,-8.25));
#3495=CARTESIAN_POINT('',(-1.44337567297406,44.,-7.));
#3496=CARTESIAN_POINT('',(-0.721687836487032,44.,-5.75));
#3497=CARTESIAN_POINT('',(-0.721687836487032,44.,-5.75));
#3498=CARTESIAN_POINT('',(-1.44337567297406,44.,-7.));
#3499=CARTESIAN_POINT('',(-0.721687836487032,44.,-5.75));
#3500=CARTESIAN_POINT('',(0.721687836487032,44.,-5.75));
#3501=CARTESIAN_POINT('',(0.721687836487032,44.,-5.75));
#3502=CARTESIAN_POINT('',(-0.721687836487032,44.,-5.75));
#3503=CARTESIAN_POINT('',(0.721687836487032,44.,-5.75));
#3504=CARTESIAN_POINT('',(1.44337567297406,44.,-7.));
#3505=CARTESIAN_POINT('',(1.44337567297406,44.,-7.));
#3506=CARTESIAN_POINT('',(0.721687836487032,44.,-5.75));
#3507=CARTESIAN_POINT('',(1.44337567297406,44.,-7.));
#3508=CARTESIAN_POINT('',(1.44337567297406,44.,-7.));
#3509=CARTESIAN_POINT('',(0.,44.,0.));
#3510=CARTESIAN_POINT('',(0.,-28.,-9.73205080756888));
#3511=CARTESIAN_POINT('',(0.,-28.,-8.));
#3512=CARTESIAN_POINT('',(-3.,-28.,-8.));
#3513=CARTESIAN_POINT('',(0.,-28.,-8.));
#3514=CARTESIAN_POINT('',(0.,-28.,-9.73205080756888));
#3515=CARTESIAN_POINT('',(0.,36.,-561.));
#3516=CARTESIAN_POINT('',(0.,36.,-561.));
#3517=CARTESIAN_POINT('',(0.,36.,-558.6));
#3518=CARTESIAN_POINT('',(0.,36.,-561.));
#3519=CARTESIAN_POINT('',(0.,36.,-558.));
#3520=CARTESIAN_POINT('',(0.,36.,-561.));
#3521=CARTESIAN_POINT('',(0.,36.2705,-561.));
#3522=CARTESIAN_POINT('',(0.,36.2705,-558.2705));
#3523=CARTESIAN_POINT('',(0.,46.,-561.));
#3524=CARTESIAN_POINT('',(0.,45.7295,-561.));
#3525=CARTESIAN_POINT('',(0.,45.7295,-558.2705));
#3526=CARTESIAN_POINT('',(0.,45.7295,-561.));
#3527=CARTESIAN_POINT('',(0.,46.,-561.));
#3528=CARTESIAN_POINT('',(0.,45.5,-561.));
#3529=CARTESIAN_POINT('',(0.,45.5,-558.6));
#3530=CARTESIAN_POINT('',(0.,45.5,-561.));
#3531=CARTESIAN_POINT('',(0.,46.,-561.));
#3532=CARTESIAN_POINT('',(0.,46.,-559.1));
#3533=CARTESIAN_POINT('',(0.,46.,-559.1));
#3534=CARTESIAN_POINT('',(-0.721687836487032,46.,-562.25));
#3535=CARTESIAN_POINT('',(-0.721687836487032,46.,-562.25));
#3536=CARTESIAN_POINT('',(-1.44337567297406,46.,-561.));
#3537=CARTESIAN_POINT('',(0.721687836487032,46.,-562.25));
#3538=CARTESIAN_POINT('',(0.721687836487032,46.,-562.25));
#3539=CARTESIAN_POINT('',(1.44337567297406,46.,-561.));
#3540=CARTESIAN_POINT('',(1.44337567297406,46.,-561.));
#3541=CARTESIAN_POINT('',(0.721687836487032,46.,-559.75));
#3542=CARTESIAN_POINT('',(0.721687836487032,46.,-559.75));
#3543=CARTESIAN_POINT('',(-0.721687836487032,46.,-559.75));
#3544=CARTESIAN_POINT('',(-0.721687836487032,46.,-559.75));
#3545=CARTESIAN_POINT('',(-1.44337567297406,46.,-561.));
#3546=CARTESIAN_POINT('',(0.721687836487032,44.,-562.25));
#3547=CARTESIAN_POINT('',(-0.721687836487032,44.,-562.25));
#3548=CARTESIAN_POINT('',(-0.721687836487032,44.,-562.25));
#3549=CARTESIAN_POINT('',(0.721687836487032,44.,-562.25));
#3550=CARTESIAN_POINT('',(0.721687836487032,44.,-562.25));
#3551=CARTESIAN_POINT('',(0.721687836487032,44.,-562.25));
#3552=CARTESIAN_POINT('',(-0.721687836487032,44.,-562.25));
#3553=CARTESIAN_POINT('',(-1.44337567297406,44.,-561.));
#3554=CARTESIAN_POINT('',(-1.44337567297406,44.,-561.));
#3555=CARTESIAN_POINT('',(-0.721687836487032,44.,-562.25));
#3556=CARTESIAN_POINT('',(-1.44337567297406,44.,-561.));
#3557=CARTESIAN_POINT('',(-0.721687836487032,44.,-559.75));
#3558=CARTESIAN_POINT('',(-0.721687836487032,44.,-559.75));
#3559=CARTESIAN_POINT('',(-1.44337567297406,44.,-561.));
#3560=CARTESIAN_POINT('',(-0.721687836487032,44.,-559.75));
#3561=CARTESIAN_POINT('',(0.721687836487032,44.,-559.75));
#3562=CARTESIAN_POINT('',(0.721687836487032,44.,-559.75));
#3563=CARTESIAN_POINT('',(-0.721687836487032,44.,-559.75));
#3564=CARTESIAN_POINT('',(0.721687836487032,44.,-559.75));
#3565=CARTESIAN_POINT('',(1.44337567297406,44.,-561.));
#3566=CARTESIAN_POINT('',(1.44337567297406,44.,-561.));
#3567=CARTESIAN_POINT('',(0.721687836487032,44.,-559.75));
#3568=CARTESIAN_POINT('',(1.44337567297406,44.,-561.));
#3569=CARTESIAN_POINT('',(1.44337567297406,44.,-561.));
#3570=CARTESIAN_POINT('',(0.,44.,0.));
#3571=CARTESIAN_POINT('',(0.,0.,-567.));
#3572=CARTESIAN_POINT('',(0.,0.,-567.));
#3573=CARTESIAN_POINT('',(35.,0.,-567.));
#3574=CARTESIAN_POINT('',(0.,0.,-567.));
#3575=CARTESIAN_POINT('',(0.,0.,-567.));
#3576=CARTESIAN_POINT('',(34.,0.,-567.));
#3577=CARTESIAN_POINT('',(0.,0.,-567.));
#3578=CARTESIAN_POINT('',(0.,0.,-568.));
#3579=CARTESIAN_POINT('',(34.,0.,-568.));
#3580=CARTESIAN_POINT('',(0.,0.,-568.));
#3581=CARTESIAN_POINT('',(0.,-28.,-568.));
#3582=CARTESIAN_POINT('',(-3.,-28.,-568.));
#3583=CARTESIAN_POINT('',(0.,28.,-568.));
#3584=CARTESIAN_POINT('',(-3.,28.,-568.));
#3585=CARTESIAN_POINT('',(0.,28.,-558.267949192431));
#3586=CARTESIAN_POINT('',(0.,28.,-560.));
#3587=CARTESIAN_POINT('',(-3.,28.,-560.));
#3588=CARTESIAN_POINT('',(0.,28.,-558.267949192431));
#3589=CARTESIAN_POINT('',(0.,28.,-568.));
#3590=CARTESIAN_POINT('',(0.,-28.,-558.267949192431));
#3591=CARTESIAN_POINT('',(0.,-28.,-560.));
#3592=CARTESIAN_POINT('',(-3.,-28.,-560.));
#3593=CARTESIAN_POINT('',(0.,-28.,-558.267949192431));
#3594=CARTESIAN_POINT('',(0.,-28.,-568.));
#3595=CARTESIAN_POINT('',(0.,0.,0.));
#3596=CARTESIAN_POINT('',(0.,0.,12.));
#3597=CARTESIAN_POINT('',(0.,0.,12.));
#3598=CARTESIAN_POINT('',(-13.,0.,12.));
#3599=CARTESIAN_POINT('',(15.,36.,12.));
#3600=CARTESIAN_POINT('',(15.,9.01387818865998,12.));
#3601=CARTESIAN_POINT('',(15.,-9.01387818865998,12.));
#3602=CARTESIAN_POINT('',(0.,0.,12.));
#3603=CARTESIAN_POINT('',(-15.,9.01387818865999,12.));
#3604=CARTESIAN_POINT('',(-15.,36.,12.));
#3605=CARTESIAN_POINT('',(-15.,-9.01387818865999,12.));
#3606=CARTESIAN_POINT('',(0.,0.,12.));
#3607=CARTESIAN_POINT('',(0.,0.,12.));
#3608=CARTESIAN_POINT('',(15.,9.9498743710662,11.));
#3609=CARTESIAN_POINT('',(15.,9.64305011764127,11.3392069750638));
#3610=CARTESIAN_POINT('',(15.,9.33138452872975,11.6729184601697));
#3611=CARTESIAN_POINT('',(15.,9.01387818866003,12.0000000000001));
#3612=CARTESIAN_POINT('',(15.,9.9498743710662,11.));
#3613=CARTESIAN_POINT('',(0.,0.,11.));
#3614=CARTESIAN_POINT('',(-15.,9.9498743710662,11.));
#3615=CARTESIAN_POINT('',(-15.,9.01387818865999,12.));
#3616=CARTESIAN_POINT('',(-15.,9.33170936121051,11.6725838315509));
#3617=CARTESIAN_POINT('',(-15.,9.6433444504397,11.338881577912));
#3618=CARTESIAN_POINT('',(-15.,9.94987437106629,11.0000000000001));
#3619=CARTESIAN_POINT('',(0.,0.,12.));
#3620=CARTESIAN_POINT('',(15.,-9.01387818865999,12.));
#3621=CARTESIAN_POINT('',(15.,-9.33170936121051,11.6725838315509));
#3622=CARTESIAN_POINT('',(15.,-9.64334445043969,11.338881577912));
#3623=CARTESIAN_POINT('',(15.,-9.94987437106629,11.0000000000001));
#3624=CARTESIAN_POINT('',(15.,-9.9498743710662,11.));
#3625=CARTESIAN_POINT('',(-15.,-9.9498743710662,11.));
#3626=CARTESIAN_POINT('',(-15.,-9.64305011764127,11.3392069750638));
#3627=CARTESIAN_POINT('',(-15.,-9.33138452872975,11.6729184601697));
#3628=CARTESIAN_POINT('',(-15.,-9.01387818866004,12.0000000000001));
#3629=CARTESIAN_POINT('',(-15.,-9.9498743710662,11.));
#3630=CARTESIAN_POINT('',(0.,0.,11.));
#3631=CARTESIAN_POINT('',(0.,0.,-558.));
#3632=CARTESIAN_POINT('',(0.,0.,-548.));
#3633=CARTESIAN_POINT('',(-18.,0.,-548.));
#3634=CARTESIAN_POINT('',(0.,0.,6.87379544349354));
#3635=CARTESIAN_POINT('',(15.,-9.9498743710662,2.));
#3636=CARTESIAN_POINT('',(15.,9.9498743710662,2.));
#3637=CARTESIAN_POINT('',(15.,-9.9498743710662,-558.));
#3638=CARTESIAN_POINT('',(-15.,-9.9498743710662,-558.));
#3639=CARTESIAN_POINT('',(-15.,-9.9498743710662,2.));
#3640=CARTESIAN_POINT('',(0.,0.,6.87379544349354));
#3641=CARTESIAN_POINT('',(-15.,9.9498743710662,2.));
#3642=CARTESIAN_POINT('',(-15.,9.9498743710662,-558.));
#3643=CARTESIAN_POINT('',(15.,9.9498743710662,-558.));
#3644=CARTESIAN_POINT('',(0.,18.,-548.));
#3645=CARTESIAN_POINT('',(0.,0.,-548.));
#3646=CARTESIAN_POINT('',(-31.5,0.,-548.));
#3647=CARTESIAN_POINT('',(0.,0.,-558.));
#3648=CARTESIAN_POINT('',(0.,0.,-558.));
#3649=CARTESIAN_POINT('',(-31.5,0.,-558.));
#3650=CARTESIAN_POINT('',(0.,31.5,-558.));
#3651=CARTESIAN_POINT('',(-15.,36.,12.));
#3652=CARTESIAN_POINT('',(-15.,36.,2.));
#3653=CARTESIAN_POINT('',(-15.,36.,2.));
#3654=CARTESIAN_POINT('',(18.,36.,1.02524091130128));
#3655=CARTESIAN_POINT('',(15.,36.,2.));
#3656=CARTESIAN_POINT('',(15.,36.,2.));
#3657=CARTESIAN_POINT('',(0.,0.,44.));
#3658=CARTESIAN_POINT('',(0.,0.,44.));
#3659=CARTESIAN_POINT('',(-14.5,0.,44.));
#3660=CARTESIAN_POINT('',(0.,0.,44.));
#3661=CARTESIAN_POINT('',(0.,0.,42.));
#3662=CARTESIAN_POINT('',(-16.5,0.,42.));
#3663=CARTESIAN_POINT('',(0.,0.,12.));
#3664=CARTESIAN_POINT('',(0.,0.,30.));
#3665=CARTESIAN_POINT('',(-16.5,0.,30.));
#3666=CARTESIAN_POINT('',(0.,0.,30.));
#3667=CARTESIAN_POINT('',(0.,0.,28.));
#3668=CARTESIAN_POINT('',(-14.5,0.,28.));
#3669=CARTESIAN_POINT('',(0.,14.5,28.));
#3670=CARTESIAN_POINT('',(0.,0.,28.));
#3671=CARTESIAN_POINT('',(-13.,0.,28.));
#3672=CARTESIAN_POINT('',(0.,0.,26.));
#3673=CARTESIAN_POINT('',(0.,0.,26.));
#3674=CARTESIAN_POINT('',(-11.,0.,26.));
#3675=CARTESIAN_POINT('',(0.,0.,12.));
#3676=CARTESIAN_POINT('',(0.,0.,14.));
#3677=CARTESIAN_POINT('',(-11.,0.,14.));
#3678=CARTESIAN_POINT('',(0.,0.,14.));
#3679=CARTESIAN_POINT('',(0.,0.,0.));
#3680=MECHANICAL_DESIGN_GEOMETRIC_PRESENTATION_REPRESENTATION('',(#1654,
#1655,#1656,#1657,#1658,#1659,#1660,#1661,#1662,#1663,#1664,#1665,#1666,
#1667,#1668,#1669,#1670,#1671,#1672,#1673,#1674,#1675,#1676,#1677,#1678,
#1679,#1680,#1681,#1682,#1683,#1684,#1685,#1686,#1687,#1688,#1689,#1690,
#1691,#1692,#1693,#1694,#1695,#1696,#1697,#1698,#1699,#1700,#1701,#1702,
#1703,#1704,#1705,#1706,#1707,#1708,#1709,#1710,#1711,#1712,#1713,#1714,
#1715,#1716,#1717,#1718,#1719,#1720,#1721,#1722,#1723,#1724,#1725,#1726,
#1727,#1728,#1729,#1730,#1731,#1732,#1733,#1734,#1735,#1736,#1737,#1738,
#1739,#1740,#1741,#1742,#1743,#1744,#1745,#1746,#1747,#1748,#1749,#1750),
#3681);
#3681=(
GEOMETRIC_REPRESENTATION_CONTEXT(3)
GLOBAL_UNCERTAINTY_ASSIGNED_CONTEXT((#3684))
GLOBAL_UNIT_ASSIGNED_CONTEXT((#3689,#3688,#3687))
REPRESENTATION_CONTEXT('JECX-MF-160-J-TLA-63-460(0)',
'TOP_LEVEL_ASSEMBLY_PART')
);
#3682=(
GEOMETRIC_REPRESENTATION_CONTEXT(3)
GLOBAL_UNCERTAINTY_ASSIGNED_CONTEXT((#3685))
GLOBAL_UNIT_ASSIGNED_CONTEXT((#3689,#3688,#3687))
REPRESENTATION_CONTEXT('JECX-MF-EXLA-63-460(0_body)','COMPONENT_PART')
);
#3683=(
GEOMETRIC_REPRESENTATION_CONTEXT(3)
GLOBAL_UNCERTAINTY_ASSIGNED_CONTEXT((#3686))
GLOBAL_UNIT_ASSIGNED_CONTEXT((#3689,#3688,#3687))
REPRESENTATION_CONTEXT('JECX-MF-TLA-63-460(0_rod)','COMPONENT_PART')
);
#3684=UNCERTAINTY_MEASURE_WITH_UNIT(LENGTH_MEASURE(1.E-5),#3689,
'DISTANCE_ACCURACY_VALUE','Maximum Tolerance applied to model');
#3685=UNCERTAINTY_MEASURE_WITH_UNIT(LENGTH_MEASURE(1.E-5),#3689,
'DISTANCE_ACCURACY_VALUE','Maximum Tolerance applied to model');
#3686=UNCERTAINTY_MEASURE_WITH_UNIT(LENGTH_MEASURE(1.E-5),#3689,
'DISTANCE_ACCURACY_VALUE','Maximum Tolerance applied to model');
#3687=(
NAMED_UNIT(*)
SI_UNIT($,.STERADIAN.)
SOLID_ANGLE_UNIT()
);
#3688=(
NAMED_UNIT(*)
PLANE_ANGLE_UNIT()
SI_UNIT($,.RADIAN.)
);
#3689=(
LENGTH_UNIT()
NAMED_UNIT(*)
SI_UNIT(.MILLI.,.METRE.)
);
#3690=PRODUCT_DEFINITION_SHAPE('','',#3695);
#3691=PRODUCT_DEFINITION_SHAPE('','',#3696);
#3692=PRODUCT_DEFINITION_SHAPE(' ','NAUO PRDDFN',#28);
#3693=PRODUCT_DEFINITION_SHAPE('','',#3697);
#3694=PRODUCT_DEFINITION_SHAPE(' ','NAUO PRDDFN',#29);
#3695=PRODUCT_DEFINITION('','',#3701,#3698);
#3696=PRODUCT_DEFINITION('','',#3702,#3699);
#3697=PRODUCT_DEFINITION('','',#3703,#3700);
#3698=PRODUCT_DEFINITION_CONTEXT('',#3717,'design');
#3699=PRODUCT_DEFINITION_CONTEXT('',#3717,'design');
#3700=PRODUCT_DEFINITION_CONTEXT('',#3717,'design');
#3701=PRODUCT_DEFINITION_FORMATION_WITH_SPECIFIED_SOURCE('','',#3707,
 .NOT_KNOWN.);
#3702=PRODUCT_DEFINITION_FORMATION_WITH_SPECIFIED_SOURCE('','',#3708,
 .NOT_KNOWN.);
#3703=PRODUCT_DEFINITION_FORMATION_WITH_SPECIFIED_SOURCE('','',#3709,
 .NOT_KNOWN.);
#3704=PRODUCT_RELATED_PRODUCT_CATEGORY('','',(#3707));
#3705=PRODUCT_RELATED_PRODUCT_CATEGORY('','',(#3708));
#3706=PRODUCT_RELATED_PRODUCT_CATEGORY('','',(#3709));
#3707=PRODUCT('JECX-MF-160-J-TLA-63-460(0)',
'JECX-MF-160-J-TLA-63-460(0)','JECX-MF-160-J-TLA-63-460(0)',(#3713));
#3708=PRODUCT('JECX-MF-EXLA-63-460(0_body)',
'JECX-MF-EXLA-63-460(0_body)','JECX-MF-EXLA-63-460(0_body)',(#3714));
#3709=PRODUCT('JECX-MF-TLA-63-460(0_rod)','JECX-MF-TLA-63-460(0_rod)',
'JECX-MF-TLA-63-460(0_rod)',(#3715));
#3710=PRODUCT_CATEGORY('','');
#3711=PRODUCT_CATEGORY('','');
#3712=PRODUCT_CATEGORY('','');
#3713=PRODUCT_CONTEXT('',#3717,'mechanical');
#3714=PRODUCT_CONTEXT('',#3717,'mechanical');
#3715=PRODUCT_CONTEXT('',#3717,'mechanical');
#3716=APPLICATION_PROTOCOL_DEFINITION('international standard',
'automotive_design',2010,#3717);
#3717=APPLICATION_CONTEXT(
'core data for automotive mechanical design processes');
ENDSEC;
END-ISO-10303-21;
