  0
SECTION
  2
HEADER
  9
$ACADVER
  1
AC1032
  9
$ACADMAINTVER
 90
       55
  9
$DWGCODEPAGE
  3
ANSI_936
  9
$COMMENTS
  1
File was created by Cadenas
  9
$LASTSAVEDBY
  1
32813
  9
$CUSTOMPROPERTYTAG
  1
NB
  9
$CUSTOMPROPERTY
  1
JECX-MF-160-INLA-80-550(0)
  9
$CUSTOMPROPERTYTAG
  1
NN
  9
$CUSTOMPROPERTY
  1
JECX
  9
$CUSTOMPROPERTYTAG
  1
NT
  9
$CUSTOMPROPERTY
  1
Europe compact cylinder
  9
$CUSTOMPROPERTYTAG
  1
NBSYN
  9
$CUSTOMPROPERTY
  1
$MODEL.-$TYPE.-$PRESSURE.$CT.-$THREAD.$IT.-$BORE.-$STROKE.$PM.($POS.)
  9
$CUSTOMPROPERTYTAG
  1
LINA
  9
$CUSTOMPROPERTY
  1
JECX-MF-160-INLA-80-550(0)
  9
$CUSTOMPROPERTYTAG
  1
CATALOG
  9
$CUSTOMPROPERTY
  1
JUFAN
  9
$CUSTOMPROPERTYTAG
  1
MODEL
  9
$CUSTOMPROPERTY
  1
JECX
  9
$CUSTOMPROPERTYTAG
  1
TYPE
  9
$CUSTOMPROPERTY
  1
MF:Oil circuit board
  9
$CUSTOMPROPERTYTAG
  1
PRESSURE
  9
$CUSTOMPROPERTY
  1
160:160kgf/cm²
  9
$CUSTOMPROPERTYTAG
  1
CT
  9
$CUSTOMPROPERTY
  1
Blank:standard
  9
$CUSTOMPROPERTYTAG
  1
THREAD
  9
$CUSTOMPROPERTY
  1
IN:InnerKK1
  9
$CUSTOMPROPERTYTAG
  1
IT
  9
$CUSTOMPROPERTY
  1
LA:Radial type
  9
$CUSTOMPROPERTYTAG
  1
BORE
  9
$CUSTOMPROPERTY
  1
80
  9
$CUSTOMPROPERTYTAG
  1
STROKE
  9
$CUSTOMPROPERTY
  1
550
  9
$CUSTOMPROPERTYTAG
  1
PM
  9
$CUSTOMPROPERTY
  1
1?(PU) (standard usage)
  9
$CUSTOMPROPERTYTAG
  1
MM
  9
$CUSTOMPROPERTY
  1
45
  9
$CUSTOMPROPERTYTAG
  1
EA
  9
$CUSTOMPROPERTY
  1
150
  9
$CUSTOMPROPERTYTAG
  1
TW
  9
$CUSTOMPROPERTY
  1
16
  9
$CUSTOMPROPERTYTAG
  1
FB
  9
$CUSTOMPROPERTY
  1
13.0
  9
$CUSTOMPROPERTYTAG
  1
FG
  9
$CUSTOMPROPERTY
  1
20.0
  9
$CUSTOMPROPERTYTAG
  1
BT
  9
$CUSTOMPROPERTY
  1
13.0
  9
$CUSTOMPROPERTYTAG
  1
TS
  9
$CUSTOMPROPERTY
  1
126
  9
$CUSTOMPROPERTYTAG
  1
F
  9
$CUSTOMPROPERTY
  1
44
  9
$CUSTOMPROPERTYTAG
  1
EB
  9
$CUSTOMPROPERTY
  1
130
  9
$CUSTOMPROPERTYTAG
  1
LH
  9
$CUSTOMPROPERTY
  1
70
  9
$CUSTOMPROPERTYTAG
  1
K
  9
$CUSTOMPROPERTY
  1
36
  9
$CUSTOMPROPERTYTAG
  1
ZJ
  9
$CUSTOMPROPERTY
  1
140
  9
$CUSTOMPROPERTYTAG
  1
LL
  9
$CUSTOMPROPERTY
  1
126
  9
$CUSTOMPROPERTYTAG
  1
PC
  9
$CUSTOMPROPERTY
  1
5
  9
$CUSTOMPROPERTYTAG
  1
TX
  9
$CUSTOMPROPERTY
  1
62
  9
$CUSTOMPROPERTYTAG
  1
WF
  9
$CUSTOMPROPERTY
  1
14
  9
$CUSTOMPROPERTYTAG
  1
EF
  9
$CUSTOMPROPERTY
  1
?22X1.8DP???14
  9
$CUSTOMPROPERTYTAG
  1
KK1
  9
$CUSTOMPROPERTY
  1
M27X2.0
  9
$CUSTOMPROPERTYTAG
  1
KK2
  9
$CUSTOMPROPERTY
  1
M33X2.0
  9
$CUSTOMPROPERTYTAG
  1
NBB
  9
$CUSTOMPROPERTY
  1
42
  9
$CUSTOMPROPERTYTAG
  1
A1
  9
$CUSTOMPROPERTY
  1
50
  9
$CUSTOMPROPERTYTAG
  1
NC
  9
$CUSTOMPROPERTY
  1
30
  9
$CUSTOMPROPERTYTAG
  1
ND
  9
$CUSTOMPROPERTY
  1
20
  9
$CUSTOMPROPERTYTAG
  1
NE
  9
$CUSTOMPROPERTY
  1
20
  9
$CUSTOMPROPERTYTAG
  1
N
  9
$CUSTOMPROPERTY
  1
2.0
  9
$CUSTOMPROPERTYTAG
  1
R
  9
$CUSTOMPROPERTY
  1
2
  9
$CUSTOMPROPERTYTAG
  1
S
  9
$CUSTOMPROPERTY
  1
12
  9
$CUSTOMPROPERTYTAG
  1
COMPANY
  9
$CUSTOMPROPERTY
  1
jufan
  9
$REQUIREDVERSIONS
160
                 0
  9
$INSBASE
 10
0.0
 20
0.0
 30
0.0
  9
$EXTMIN
 10
-107.9150241177877
 20
-961.9006215520678
 30
0.0
  9
$EXTMAX
 10
980.1799764964026
 20
76.55254237288139
 30
0.0
  9
$LIMMIN
 10
0.0
 20
0.0
  9
$LIMMAX
 10
420.0
 20
297.0
  9
$ORTHOMODE
 70
     0
  9
$REGENMODE
 70
     1
  9
$FILLMODE
 70
     1
  9
$QTEXTMODE
 70
     0
  9
$MIRRTEXT
 70
     1
  9
$LTSCALE
 40
1.0
  9
$ATTMODE
 70
     1
  9
$TEXTSIZE
 40
2.5
  9
$TRACEWID
 40
1.0
  9
$TEXTSTYLE
  7
Standard
  9
$CLAYER
  8
0
  9
$CELTYPE
  6
ByLayer
  9
$CECOLOR
 62
   256
  9
$CELTSCALE
 40
1.0
  9
$DISPSILH
 70
     0
  9
$DIMSCALE
 40
1.0
  9
$DIMASZ
 40
2.5
  9
$DIMEXO
 40
0.625
  9
$DIMDLI
 40
3.75
  9
$DIMRND
 40
0.0
  9
$DIMDLE
 40
0.0
  9
$DIMEXE
 40
1.25
  9
$DIMTP
 40
0.0
  9
$DIMTM
 40
0.0
  9
$DIMTXT
 40
2.5
  9
$DIMCEN
 40
2.5
  9
$DIMTSZ
 40
0.0
  9
$DIMTOL
 70
     0
  9
$DIMLIM
 70
     0
  9
$DIMTIH
 70
     0
  9
$DIMTOH
 70
     0
  9
$DIMSE1
 70
     0
  9
$DIMSE2
 70
     0
  9
$DIMTAD
 70
     1
  9
$DIMZIN
 70
     8
  9
$DIMBLK
  1

  9
$DIMASO
 70
     1
  9
$DIMSHO
 70
     1
  9
$DIMPOST
  1

  9
$DIMAPOST
  1

  9
$DIMALT
 70
     0
  9
$DIMALTD
 70
     3
  9
$DIMALTF
 40
0.03937007874016
  9
$DIMLFAC
 40
1.0
  9
$DIMTOFL
 70
     1
  9
$DIMTVP
 40
0.0
  9
$DIMTIX
 70
     0
  9
$DIMSOXD
 70
     0
  9
$DIMSAH
 70
     0
  9
$DIMBLK1
  1

  9
$DIMBLK2
  1

  9
$DIMSTYLE
  2
ISO-25
  9
$DIMCLRD
 70
     0
  9
$DIMCLRE
 70
     0
  9
$DIMCLRT
 70
     0
  9
$DIMTFAC
 40
1.0
  9
$DIMGAP
 40
0.625
  9
$DIMJUST
 70
     0
  9
$DIMSD1
 70
     0
  9
$DIMSD2
 70
     0
  9
$DIMTOLJ
 70
     0
  9
$DIMTZIN
 70
     8
  9
$DIMALTZ
 70
     0
  9
$DIMALTTZ
 70
     0
  9
$DIMUPT
 70
     0
  9
$DIMDEC
 70
     2
  9
$DIMTDEC
 70
     2
  9
$DIMALTU
 70
     2
  9
$DIMALTTD
 70
     3
  9
$DIMTXSTY
  7
Standard
  9
$DIMAUNIT
 70
     0
  9
$DIMADEC
 70
     0
  9
$DIMALTRND
 40
0.0
  9
$DIMAZIN
 70
     0
  9
$DIMDSEP
 70
    44
  9
$DIMATFIT
 70
     3
  9
$DIMFRAC
 70
     0
  9
$DIMLDRBLK
  1

  9
$DIMLUNIT
 70
     2
  9
$DIMLWD
 70
    -2
  9
$DIMLWE
 70
    -2
  9
$DIMTMOVE
 70
     0
  9
$DIMFXL
 40
1.0
  9
$DIMFXLON
 70
     0
  9
$DIMJOGANG
 40
0.7853981633974483
  9
$DIMTFILL
 70
     0
  9
$DIMTFILLCLR
 70
     0
  9
$DIMARCSYM
 70
     0
  9
$DIMLTYPE
  6

  9
$DIMLTEX1
  6

  9
$DIMLTEX2
  6

  9
$DIMTXTDIRECTION
 70
     0
  9
$LUNITS
 70
     2
  9
$LUPREC
 70
     4
  9
$SKETCHINC
 40
1.0
  9
$FILLETRAD
 40
0.0
  9
$AUNITS
 70
     0
  9
$AUPREC
 70
     0
  9
$MENU
  1
.
  9
$ELEVATION
 40
0.0
  9
$PELEVATION
 40
0.0
  9
$THICKNESS
 40
0.0
  9
$LIMCHECK
 70
     0
  9
$CHAMFERA
 40
0.0
  9
$CHAMFERB
 40
0.0
  9
$CHAMFERC
 40
0.0
  9
$CHAMFERD
 40
0.0
  9
$SKPOLY
 70
     0
  9
$TDCREATE
 40
2461203.383155602
  9
$TDUCREATE
 40
2461203.049822269
  9
$TDUPDATE
 40
2461231.43905022
  9
$TDUUPDATE
 40
2461231.105716887
  9
$TDINDWG
 40
0.0001851968
  9
$TDUSRTIMER
 40
0.0001851968
  9
$USRTIMER
 70
     1
  9
$ANGBASE
 50
0.0
  9
$ANGDIR
 70
     0
  9
$PDMODE
 70
     0
  9
$PDSIZE
 40
0.0
  9
$PLINEWID
 40
0.0
  9
$SPLFRAME
 70
     0
  9
$SPLINETYPE
 70
     6
  9
$SPLINESEGS
 70
     8
  9
$HANDSEED
  5
514
  9
$SURFTAB1
 70
     6
  9
$SURFTAB2
 70
     6
  9
$SURFTYPE
 70
     6
  9
$SURFU
 70
     6
  9
$SURFV
 70
     6
  9
$UCSBASE
  2

  9
$UCSNAME
  2

  9
$UCSORG
 10
0.0
 20
0.0
 30
0.0
  9
$UCSXDIR
 10
1.0
 20
0.0
 30
0.0
  9
$UCSYDIR
 10
0.0
 20
1.0
 30
0.0
  9
$UCSORTHOREF
  2

  9
$UCSORTHOVIEW
 70
     0
  9
$UCSORGTOP
 10
0.0
 20
0.0
 30
0.0
  9
$UCSORGBOTTOM
 10
0.0
 20
0.0
 30
0.0
  9
$UCSORGLEFT
 10
0.0
 20
0.0
 30
0.0
  9
$UCSORGRIGHT
 10
0.0
 20
0.0
 30
0.0
  9
$UCSORGFRONT
 10
0.0
 20
0.0
 30
0.0
  9
$UCSORGBACK
 10
0.0
 20
0.0
 30
0.0
  9
$PUCSBASE
  2

  9
$PUCSNAME
  2

  9
$PUCSORG
 10
0.0
 20
0.0
 30
0.0
  9
$PUCSXDIR
 10
1.0
 20
0.0
 30
0.0
  9
$PUCSYDIR
 10
0.0
 20
1.0
 30
0.0
  9
$PUCSORTHOREF
  2

  9
$PUCSORTHOVIEW
 70
     0
  9
$PUCSORGTOP
 10
0.0
 20
0.0
 30
0.0
  9
$PUCSORGBOTTOM
 10
0.0
 20
0.0
 30
0.0
  9
$PUCSORGLEFT
 10
0.0
 20
0.0
 30
0.0
  9
$PUCSORGRIGHT
 10
0.0
 20
0.0
 30
0.0
  9
$PUCSORGFRONT
 10
0.0
 20
0.0
 30
0.0
  9
$PUCSORGBACK
 10
0.0
 20
0.0
 30
0.0
  9
$USERI1
 70
     0
  9
$USERI2
 70
     0
  9
$USERI3
 70
     0
  9
$USERI4
 70
     0
  9
$USERI5
 70
     0
  9
$USERR1
 40
0.0
  9
$USERR2
 40
0.0
  9
$USERR3
 40
0.0
  9
$USERR4
 40
0.0
  9
$USERR5
 40
0.0
  9
$WORLDVIEW
 70
     1
  9
$SHADEDGE
 70
     3
  9
$SHADEDIF
 70
    70
  9
$TILEMODE
 70
     1
  9
$MAXACTVP
 70
    64
  9
$PINSBASE
 10
0.0
 20
0.0
 30
0.0
  9
$PLIMCHECK
 70
     0
  9
$PEXTMIN
 10
1.000000000000000E+20
 20
1.000000000000000E+20
 30
1.000000000000000E+20
  9
$PEXTMAX
 10
-1.000000000000000E+20
 20
-1.000000000000000E+20
 30
-1.000000000000000E+20
  9
$PLIMMIN
 10
0.0
 20
0.0
  9
$PLIMMAX
 10
420.0
 20
297.0
  9
$UNITMODE
 70
     0
  9
$VISRETAIN
 70
     1
  9
$PLINEGEN
 70
     0
  9
$PSLTSCALE
 70
     1
  9
$TREEDEPTH
 70
  3020
  9
$CMLSTYLE
  2
Standard
  9
$CMLJUST
 70
     0
  9
$CMLSCALE
 40
20.0
  9
$PROXYGRAPHICS
 70
     1
  9
$MEASUREMENT
 70
     1
  9
$CELWEIGHT
370
    -1
  9
$ENDCAPS
280
     0
  9
$JOINSTYLE
280
     0
  9
$LWDISPLAY
290
     0
  9
$INSUNITS
 70
     4
  9
$HYPERLINKBASE
  1

  9
$STYLESHEET
  1

  9
$XEDIT
290
     1
  9
$CEPSNTYPE
380
     0
  9
$PSTYLEMODE
290
     1
  9
$FINGERPRINTGUID
  2
{5212aeac-a9ce-4872-b869-64b6ac44c7c6}
  9
$VERSIONGUID
  2
{DAE2E928-4C4E-2949-835F-E97E17BDD63B}
  9
$EXTNAMES
290
     1
  9
$PSVPSCALE
 40
0.0
  9
$OLESTARTUP
290
     0
  9
$SORTENTS
280
   127
  9
$INDEXCTL
280
     0
  9
$HIDETEXT
280
     1
  9
$XCLIPFRAME
280
     2
  9
$HALOGAP
280
     0
  9
$OBSCOLOR
 70
   257
  9
$OBSLTYPE
280
     0
  9
$INTERSECTIONDISPLAY
280
     0
  9
$INTERSECTIONCOLOR
 70
   257
  9
$DIMASSOC
280
     2
  9
$PROJECTNAME
  1

  9
$CAMERADISPLAY
290
     0
  9
$LENSLENGTH
 40
50.0
  9
$CAMERAHEIGHT
 40
0.0
  9
$STEPSPERSEC
 40
2.0
  9
$STEPSIZE
 40
6.0
  9
$3DDWFPREC
 40
2.0
  9
$PSOLWIDTH
 40
0.25
  9
$PSOLHEIGHT
 40
4.0
  9
$LOFTANG1
 40
1.570796326794897
  9
$LOFTANG2
 40
1.570796326794897
  9
$LOFTMAG1
 40
0.0
  9
$LOFTMAG2
 40
0.0
  9
$LOFTPARAM
 70
     7
  9
$LOFTNORMALS
280
     1
  9
$LATITUDE
 40
37.795
  9
$LONGITUDE
 40
-122.394
  9
$NORTHDIRECTION
 40
0.0
  9
$TIMEZONE
 70
 -8000
  9
$LIGHTGLYPHDISPLAY
280
     1
  9
$TILEMODELIGHTSYNCH
280
     1
  9
$CMATERIAL
347
44
  9
$SOLIDHIST
280
     0
  9
$SHOWHIST
280
     1
  9
$DWFFRAME
280
     2
  9
$DGNFRAME
280
     2
  9
$REALWORLDSCALE
290
     1
  9
$INTERFERECOLOR
 62
   256
  9
$CSHADOW
280
     0
  9
$SHADOWPLANELOCATION
 40
0.0
  0
ENDSEC
  0
SECTION
  2
CLASSES
  0
CLASS
  1
ACDBDICTIONARYWDFLT
  2
AcDbDictionaryWithDefault
  3
ObjectDBX Classes
 90
        0
 91
        3
280
     0
281
     0
  0
CLASS
  1
VISUALSTYLE
  2
AcDbVisualStyle
  3
ObjectDBX Classes
 90
     4095
 91
        3
280
     0
281
     0
  0
CLASS
  1
MATERIAL
  2
AcDbMaterial
  3
ObjectDBX Classes
 90
     1153
 91
        3
280
     0
281
     0
  0
CLASS
  1
SCALE
  2
AcDbScale
  3
ObjectDBX Classes
 90
     1153
 91
        3
280
     0
281
     0
  0
CLASS
  1
TABLESTYLE
  2
AcDbTableStyle
  3
ObjectDBX Classes
 90
     4095
 91
        3
280
     0
281
     0
  0
CLASS
  1
MLEADERSTYLE
  2
AcDbMLeaderStyle
  3
ACDB_MLEADERSTYLE_CLASS
 90
     4095
 91
        3
280
     0
281
     0
  0
CLASS
  1
SUN
  2
AcDbSun
  3
SCENEOE
 90
     1153
 91
        3
280
     0
281
     0
  0
CLASS
  1
DICTIONARYVAR
  2
AcDbDictionaryVar
  3
ObjectDBX Classes
 90
        0
 91
        3
280
     0
281
     0
  0
CLASS
  1
CELLSTYLEMAP
  2
AcDbCellStyleMap
  3
ObjectDBX Classes
 90
     1152
 91
        3
280
     0
281
     0
  0
CLASS
  1
ACDBSECTIONVIEWSTYLE
  2
AcDbSectionViewStyle
  3
ObjectDBX Classes
 90
     1025
 91
        3
280
     0
281
     0
  0
CLASS
  1
ACDBDETAILVIEWSTYLE
  2
AcDbDetailViewStyle
  3
ObjectDBX Classes
 90
     1025
 91
        3
280
     0
281
     0
  0
CLASS
  1
ACDBPLACEHOLDER
  2
AcDbPlaceHolder
  3
ObjectDBX Classes
 90
        0
 91
        1
280
     0
281
     0
  0
CLASS
  1
LAYOUT
  2
AcDbLayout
  3
ObjectDBX Classes
 90
        0
 91
        1
280
     0
281
     0
  0
ENDSEC
  0
SECTION
  2
TABLES
  0
TABLE
  2
VPORT
  5
8
330
0
100
AcDbSymbolTable
 70
     1
  0
VPORT
  5
29
330
8
100
AcDbSymbolTableRecord
100
AcDbViewportTableRecord
  2
*Active
 70
     0
 10
0.0
 20
0.0
 11
1.0
 21
1.0
 12
61.08286924925869
 22
-527.5255749780767
 13
0.0
 23
0.0
 14
10.0
 24
10.0
 15
10.0
 25
10.0
 16
0.0
 26
0.0
 36
1.0
 17
0.0
 27
0.0
 37
0.0
 40
2528.606377445853
 41
2.125415282392026
 42
50.0
 43
0.0
 44
0.0
 50
0.0
 51
0.0
 71
     0
 72
   100
 73
     1
 74
     3
 75
     0
 76
     0
 77
     0
 78
     0
281
     0
 65
     1
110
0.0
120
0.0
130
0.0
111
1.0
121
0.0
131
0.0
112
0.0
122
1.0
132
0.0
 79
     0
146
0.0
348
2F
 60
     3
 61
     5
292
     1
282
     1
141
0.0
142
0.0
 63
   256
361
5D
1001
ACAD_NAV_VCDISPLAY
1070
     3
  0
ENDTAB
  0
TABLE
  2
LTYPE
  5
5
330
0
100
AcDbSymbolTable
 70
     3
  0
LTYPE
  5
14
330
5
100
AcDbSymbolTableRecord
100
AcDbLinetypeTableRecord
  2
ByBlock
 70
     0
  3

 72
    65
 73
     0
 40
0.0
  0
LTYPE
  5
15
330
5
100
AcDbSymbolTableRecord
100
AcDbLinetypeTableRecord
  2
ByLayer
 70
     0
  3

 72
    65
 73
     0
 40
0.0
  0
LTYPE
  5
16
330
5
100
AcDbSymbolTableRecord
100
AcDbLinetypeTableRecord
  2
Continuous
 70
     0
  3
Solid line
 72
    65
 73
     0
 40
0.0
  0
LTYPE
  5
114
330
5
100
AcDbSymbolTableRecord
100
AcDbLinetypeTableRecord
  2
Dashed
 70
     0
  3

 72
    65
 73
     2
 40
2.0
 49
1.0
 74
     0
 49
-1.0
 74
     0
  0
LTYPE
  5
13F
330
5
100
AcDbSymbolTableRecord
100
AcDbLinetypeTableRecord
  2
Center
 70
     0
  3

 72
    65
 73
     4
 40
1.5
 49
0.45
 74
     0
 49
-0.5
 74
     0
 49
0.05
 74
     0
 49
-0.5
 74
     0
  0
ENDTAB
  0
TABLE
  2
LAYER
  5
2
330
0
100
AcDbSymbolTable
 70
     8
  0
LAYER
  5
10
102
{ACAD_XDICTIONARY
360
4B2
102
}
330
2
100
AcDbSymbolTableRecord
100
AcDbLayerTableRecord
  2
0
 70
     0
 62
     7
  6
Continuous
370
    -3
390
F
347
46
348
0
  0
LAYER
  5
5E
102
{ACAD_XDICTIONARY
360
4B4
102
}
330
2
100
AcDbSymbolTableRecord
100
AcDbLayerTableRecord
  2
AM_6
 70
     0
 62
    -2
  6
Continuous
370
    35
390
F
347
46
348
0
  0
LAYER
  5
CC
102
{ACAD_XDICTIONARY
360
4B6
102
}
330
2
100
AcDbSymbolTableRecord
100
AcDbLayerTableRecord
  2
AM_0
 70
     0
 62
     7
  6
Continuous
370
    50
390
F
347
46
348
0
  0
LAYER
  5
D6
102
{ACAD_XDICTIONARY
360
4B8
102
}
330
2
100
AcDbSymbolTableRecord
100
AcDbLayerTableRecord
  2
AM_5
 70
     0
 62
     3
  6
Continuous
370
    25
390
F
347
46
348
0
  0
LAYER
  5
115
102
{ACAD_XDICTIONARY
360
4BA
102
}
330
2
100
AcDbSymbolTableRecord
100
AcDbLayerTableRecord
  2
AM_9
 70
     0
 62
     6
  6
Dashed
370
    25
390
F
347
46
348
0
  0
LAYER
  5
140
102
{ACAD_XDICTIONARY
360
4BC
102
}
330
2
100
AcDbSymbolTableRecord
100
AcDbLayerTableRecord
  2
AM_7
 70
     0
 62
     7
  6
Center
370
    25
390
F
347
46
348
0
  0
LAYER
  5
154
330
2
100
AcDbSymbolTableRecord
100
AcDbLayerTableRecord
  2
Defpoints
 70
     0
 62
     7
  6
Continuous
290
     0
370
    -3
390
F
347
46
348
0
  0
LAYER
  5
17D
102
{ACAD_XDICTIONARY
360
4BE
102
}
330
2
100
AcDbSymbolTableRecord
100
AcDbLayerTableRecord
  2
2d ConnectionPoints
 70
     0
 62
     7
  6
Continuous
370
    50
390
F
347
46
348
0
  0
ENDTAB
  0
TABLE
  2
STYLE
  5
3
330
0
100
AcDbSymbolTable
 70
     1
  0
STYLE
  5
11
330
3
100
AcDbSymbolTableRecord
100
AcDbTextStyleTableRecord
  2
Standard
 70
     0
 40
0.0
 41
1.0
 50
0.0
 71
     0
 42
2.5
  3
txt
  4

  0
ENDTAB
  0
TABLE
  2
VIEW
  5
6
330
0
100
AcDbSymbolTable
 70
     0
  0
ENDTAB
  0
TABLE
  2
UCS
  5
7
330
0
100
AcDbSymbolTable
 70
     0
  0
ENDTAB
  0
TABLE
  2
APPID
  5
9
330
0
100
AcDbSymbolTable
 70
     3
  0
APPID
  5
12
330
9
100
AcDbSymbolTableRecord
100
AcDbRegAppTableRecord
  2
ACAD
 70
     0
  0
APPID
  5
1CC
330
9
100
AcDbSymbolTableRecord
100
AcDbRegAppTableRecord
  2
ACAD_MLEADERVER
 70
     0
  0
APPID
  5
2E5
330
9
100
AcDbSymbolTableRecord
100
AcDbRegAppTableRecord
  2
ACAD_NAV_VCDISPLAY
 70
     0
  0
ENDTAB
  0
TABLE
  2
DIMSTYLE
  5
A
330
0
100
AcDbSymbolTable
 70
     1
100
AcDbDimStyleTable
  0
DIMSTYLE
105
27
102
{ACAD_REACTORS
330
153
330
161
330
16F
330
2F1
330
2F2
330
464
330
465
330
46C
102
}
330
A
100
AcDbSymbolTableRecord
100
AcDbDimStyleTableRecord
  2
ISO-25
 70
     0
 41
2.5
 42
0.625
 43
3.75
 44
1.25
 73
     0
 74
     0
 77
     1
 78
     8
140
2.5
141
2.5
143
0.03937007874016
147
0.625
171
     3
172
     1
178
     0
271
     2
272
     2
274
     3
278
    44
283
     0
284
     8
340
11
  0
ENDTAB
  0
TABLE
  2
BLOCK_RECORD
  5
1
330
0
100
AcDbSymbolTable
 70
    15
  0
BLOCK_RECORD
  5
1F
330
1
100
AcDbSymbolTableRecord
100
AcDbBlockTableRecord
  2
*Model_Space
340
22
 70
     0
280
     1
281
     0
  0
BLOCK_RECORD
  5
1B
330
1
100
AcDbSymbolTableRecord
100
AcDbBlockTableRecord
  2
*Paper_Space
340
1E
 70
     0
280
     1
281
     0
  0
BLOCK_RECORD
  5
23
330
1
100
AcDbSymbolTableRecord
100
AcDbBlockTableRecord
  2
*Paper_Space0
340
26
 70
     0
280
     1
281
     0
  0
BLOCK_RECORD
  5
8E
330
1
100
AcDbSymbolTableRecord
100
AcDbBlockTableRecord
  2
1_JECX_MF_INLA_80_550_0_rod__0_in_JECX_MF_160_INLA_80_550_0__0
340
0
102
{BLKREFS
331
8F
102
}
 70
     0
280
     1
281
     0
  0
BLOCK_RECORD
  5
D8
330
1
100
AcDbSymbolTableRecord
100
AcDbBlockTableRecord
  2
2_JECX_MF_EXLA_80_550_0_body__0_in_JECX_MF_160_INLA_80_550_0__0
340
0
102
{BLKREFS
331
D9
102
}
 70
     0
280
     1
281
     0
  0
BLOCK_RECORD
  5
155
330
1
100
AcDbSymbolTableRecord
100
AcDbBlockTableRecord
  2
*D3
340
0
 70
     0
280
     1
281
     0
  0
BLOCK_RECORD
  5
162
330
1
100
AcDbSymbolTableRecord
100
AcDbBlockTableRecord
  2
*D4
340
0
 70
     0
280
     1
281
     0
  0
BLOCK_RECORD
  5
170
330
1
100
AcDbSymbolTableRecord
100
AcDbBlockTableRecord
  2
*D5
340
0
 70
     0
280
     1
281
     0
  0
BLOCK_RECORD
  5
1DF
330
1
100
AcDbSymbolTableRecord
100
AcDbBlockTableRecord
  2
1_JECX_MF_INLA_80_550_0_rod__0_in_JECX_MF_160_INLA_80_550_0__4
340
0
102
{BLKREFS
331
2EF
102
}
 70
     0
280
     1
281
     0
  0
BLOCK_RECORD
  5
237
330
1
100
AcDbSymbolTableRecord
100
AcDbBlockTableRecord
  2
2_JECX_MF_EXLA_80_550_0_body__0_in_JECX_MF_160_INLA_80_550_0__4
340
0
102
{BLKREFS
331
2F0
102
}
 70
     0
280
     1
281
     0
  0
BLOCK_RECORD
  5
2F4
330
1
100
AcDbSymbolTableRecord
100
AcDbBlockTableRecord
  2
*D11
340
0
 70
     0
280
     1
281
     0
  0
BLOCK_RECORD
  5
301
330
1
100
AcDbSymbolTableRecord
100
AcDbBlockTableRecord
  2
*D12
340
0
 70
     0
280
     1
281
     0
  0
BLOCK_RECORD
  5
322
330
1
100
AcDbSymbolTableRecord
100
AcDbBlockTableRecord
  2
1_JECX_MF_INLA_80_550_0_rod__0_in_JECX_MF_160_INLA_80_550_0__2
340
0
102
{BLKREFS
331
462
102
}
 70
     0
280
     1
281
     0
  0
BLOCK_RECORD
  5
37F
330
1
100
AcDbSymbolTableRecord
100
AcDbBlockTableRecord
  2
2_JECX_MF_EXLA_80_550_0_body__0_in_JECX_MF_160_INLA_80_550_0__2
340
0
102
{BLKREFS
331
463
102
}
 70
     0
280
     1
281
     0
  0
BLOCK_RECORD
  5
46E
330
1
100
AcDbSymbolTableRecord
100
AcDbBlockTableRecord
  2
*D19
340
0
 70
     0
280
     1
281
     0
  0
BLOCK_RECORD
  5
47A
330
1
100
AcDbSymbolTableRecord
100
AcDbBlockTableRecord
  2
*D20
340
0
 70
     0
280
     1
281
     0
  0
BLOCK_RECORD
  5
487
330
1
100
AcDbSymbolTableRecord
100
AcDbBlockTableRecord
  2
*D21
340
0
 70
     0
280
     1
281
     0
  0
ENDTAB
  0
ENDSEC
  0
SECTION
  2
BLOCKS
  0
BLOCK
  5
20
330
1F
100
AcDbEntity
  8
0
100
AcDbBlockBegin
  2
*Model_Space
 70
     2
 10
0.0
 20
0.0
 30
0.0
  3
*Model_Space
  1

  0
ENDBLK
  5
21
330
1F
100
AcDbEntity
  8
0
100
AcDbBlockEnd
  0
BLOCK
  5
1C
330
1B
100
AcDbEntity
 67
     1
  8
0
100
AcDbBlockBegin
  2
*Paper_Space
 70
     0
 10
0.0
 20
0.0
 30
0.0
  3
*Paper_Space
  1

  0
ENDBLK
  5
1D
330
1B
100
AcDbEntity
 67
     1
  8
0
100
AcDbBlockEnd
  0
BLOCK
  5
24
330
23
100
AcDbEntity
  8
0
100
AcDbBlockBegin
  2
*Paper_Space0
 70
     0
 10
0.0
 20
0.0
 30
0.0
  3
*Paper_Space0
  1

  0
ENDBLK
  5
25
330
23
100
AcDbEntity
  8
0
100
AcDbBlockEnd
  0
BLOCK
  5
90
330
8E
100
AcDbEntity
  8
0
100
AcDbBlockBegin
  2
1_JECX_MF_INLA_80_550_0_rod__0_in_JECX_MF_160_INLA_80_550_0__0
 70
     2
 10
0.0
 20
0.0
 30
0.0
  3
1_JECX_MF_INLA_80_550_0_rod__0_in_JECX_MF_160_INLA_80_550_0__0
  1

  0
ATTDEF
  5
92
330
8E
100
AcDbEntity
  8
AM_6
100
AcDbText
 10
27.48801868794098
 20
22.5
 30
0.0
 40
0.5
  1
JECX-MF-INLA-80-550(0_rod)
100
AcDbAttributeDefinition
  3

  2
NB
 70
     8
280
     0
 71
     1
 72
     0
 11
0.0
 21
0.0
 31
0.0
  0
ATTDEF
  5
93
330
8E
100
AcDbEntity
  8
AM_6
100
AcDbText
 10
27.48801868794098
 20
22.0
 30
0.0
 40
0.5
  1
JECX
100
AcDbAttributeDefinition
  3

  2
NN
 70
     8
280
     0
 71
     1
 72
     0
 11
0.0
 21
0.0
 31
0.0
  0
ATTDEF
  5
94
330
8E
100
AcDbEntity
  8
AM_6
100
AcDbText
 10
27.48801868794098
 20
21.5
 30
0.0
 40
0.5
  1
Europe thin cylinder
100
AcDbAttributeDefinition
  3

  2
NT
 70
     8
280
     0
 71
     1
 72
     0
 11
0.0
 21
0.0
 31
0.0
  0
ATTDEF
  5
95
330
8E
100
AcDbEntity
  8
AM_6
100
AcDbText
 10
27.48801868794098
 20
21.0
 30
0.0
 40
0.5
  1
$MODEL.-$TYPE.$CT.-$THREAD.$IT.-$BORE.-$STROKE.$PM.($POS._rod)
100
AcDbAttributeDefinition
  3

  2
NBSYN
 70
     8
280
     0
 71
     1
 72
     0
 11
0.0
 21
0.0
 31
0.0
  0
ATTDEF
  5
96
330
8E
100
AcDbEntity
  8
AM_6
100
AcDbText
 10
27.48801868794098
 20
20.5
 30
0.0
 40
0.5
  1
JECX-MF-INLA-80-550(0_rod)
100
AcDbAttributeDefinition
  3

  2
LINA
 70
     8
280
     0
 71
     1
 72
     0
 11
0.0
 21
0.0
 31
0.0
  0
ATTDEF
  5
97
330
8E
100
AcDbEntity
  8
AM_6
100
AcDbText
 10
27.48801868794098
 20
20.0
 30
0.0
 40
0.5
  1
JUFAN
100
AcDbAttributeDefinition
  3

  2
CATALOG
 70
     8
280
     0
 71
     1
 72
     0
 11
0.0
 21
0.0
 31
0.0
  0
ATTDEF
  5
98
330
8E
100
AcDbEntity
  8
AM_6
100
AcDbText
 10
27.48801868794098
 20
19.5
 30
0.0
 40
0.5
  1
JECX
100
AcDbAttributeDefinition
  3

  2
MODEL
 70
     8
280
     0
 71
     1
 72
     0
 11
0.0
 21
0.0
 31
0.0
  0
ATTDEF
  5
99
330
8E
100
AcDbEntity
  8
AM_6
100
AcDbText
 10
27.48801868794098
 20
19.0
 30
0.0
 40
0.5
  1
MF:Oil circuit board
100
AcDbAttributeDefinition
  3

  2
TYPE
 70
     8
280
     0
 71
     1
 72
     0
 11
0.0
 21
0.0
 31
0.0
  0
ATTDEF
  5
9A
330
8E
100
AcDbEntity
  8
AM_6
100
AcDbText
 10
27.48801868794098
 20
18.5
 30
0.0
 40
0.5
  1
Blank:standard
100
AcDbAttributeDefinition
  3

  2
CT
 70
     8
280
     0
 71
     1
 72
     0
 11
0.0
 21
0.0
 31
0.0
  0
ATTDEF
  5
9B
330
8E
100
AcDbEntity
  8
AM_6
100
AcDbText
 10
27.48801868794098
 20
18.0
 30
0.0
 40
0.5
  1
IN:InnerKK1
100
AcDbAttributeDefinition
  3

  2
THREAD
 70
     8
280
     0
 71
     1
 72
     0
 11
0.0
 21
0.0
 31
0.0
  0
ATTDEF
  5
9C
330
8E
100
AcDbEntity
  8
AM_6
100
AcDbText
 10
27.48801868794098
 20
17.5
 30
0.0
 40
0.5
  1
LA:Radial type
100
AcDbAttributeDefinition
  3

  2
IT
 70
     8
280
     0
 71
     1
 72
     0
 11
0.0
 21
0.0
 31
0.0
  0
ATTDEF
  5
9D
330
8E
100
AcDbEntity
  8
AM_6
100
AcDbText
 10
27.48801868794098
 20
17.0
 30
0.0
 40
0.5
  1
80
100
AcDbAttributeDefinition
  3

  2
BORE
 70
     8
280
     0
 71
     1
 72
     0
 11
0.0
 21
0.0
 31
0.0
  0
ATTDEF
  5
9E
330
8E
100
AcDbEntity
  8
AM_6
100
AcDbText
 10
27.48801868794098
 20
16.5
 30
0.0
 40
0.5
  1
550
100
AcDbAttributeDefinition
  3

  2
STROKE
 70
     8
280
     0
 71
     1
 72
     0
 11
0.0
 21
0.0
 31
0.0
  0
ATTDEF
  5
9F
330
8E
100
AcDbEntity
  8
AM_6
100
AcDbText
 10
27.48801868794098
 20
16.0
 30
0.0
 40
0.5
  1
0
100
AcDbAttributeDefinition
  3

  2
POS
 70
     8
280
     0
 71
     1
 72
     0
 11
0.0
 21
0.0
 31
0.0
  0
ATTDEF
  5
A0
330
8E
100
AcDbEntity
  8
AM_6
100
AcDbText
 10
27.48801868794098
 20
15.5
 30
0.0
 40
0.5
  1
[5:700]
100
AcDbAttributeDefinition
  3

  2
ST
 70
     8
280
     0
 71
     1
 72
     0
 11
0.0
 21
0.0
 31
0.0
  0
ATTDEF
  5
A1
330
8E
100
AcDbEntity
  8
AM_6
100
AcDbText
 10
27.48801868794098
 20
15.0
 30
0.0
 40
0.5
  1
1：(PU) (standard usage)
100
AcDbAttributeDefinition
  3

  2
PM
 70
     8
280
     0
 71
     1
 72
     0
 11
0.0
 21
0.0
 31
0.0
  0
ATTDEF
  5
A2
330
8E
100
AcDbEntity
  8
AM_6
100
AcDbText
 10
27.48801868794098
 20
14.5
 30
0.0
 40
0.5
  1
45
100
AcDbAttributeDefinition
  3

  2
MM
 70
     8
280
     0
 71
     1
 72
     0
 11
0.0
 21
0.0
 31
0.0
  0
ATTDEF
  5
A3
330
8E
100
AcDbEntity
  8
AM_6
100
AcDbText
 10
27.48801868794098
 20
14.0
 30
0.0
 40
0.5
  1
150
100
AcDbAttributeDefinition
  3

  2
EA
 70
     8
280
     0
 71
     1
 72
     0
 11
0.0
 21
0.0
 31
0.0
  0
ATTDEF
  5
A4
330
8E
100
AcDbEntity
  8
AM_6
100
AcDbText
 10
27.48801868794098
 20
13.5
 30
0.0
 40
0.5
  1
16
100
AcDbAttributeDefinition
  3

  2
TW
 70
     8
280
     0
 71
     1
 72
     0
 11
0.0
 21
0.0
 31
0.0
  0
ATTDEF
  5
A5
330
8E
100
AcDbEntity
  8
AM_6
100
AcDbText
 10
27.48801868794098
 20
13.0
 30
0.0
 40
0.5
  1
13.0
100
AcDbAttributeDefinition
  3

  2
FB
 70
     8
280
     0
 71
     1
 72
     0
 11
0.0
 21
0.0
 31
0.0
  0
ATTDEF
  5
A6
330
8E
100
AcDbEntity
  8
AM_6
100
AcDbText
 10
27.48801868794098
 20
12.5
 30
0.0
 40
0.5
  1
20.0
100
AcDbAttributeDefinition
  3

  2
FG
 70
     8
280
     0
 71
     1
 72
     0
 11
0.0
 21
0.0
 31
0.0
  0
ATTDEF
  5
A7
330
8E
100
AcDbEntity
  8
AM_6
100
AcDbText
 10
27.48801868794098
 20
12.0
 30
0.0
 40
0.5
  1
13.0
100
AcDbAttributeDefinition
  3

  2
BT
 70
     8
280
     0
 71
     1
 72
     0
 11
0.0
 21
0.0
 31
0.0
  0
ATTDEF
  5
A8
330
8E
100
AcDbEntity
  8
AM_6
100
AcDbText
 10
27.48801868794098
 20
11.5
 30
0.0
 40
0.5
  1
126
100
AcDbAttributeDefinition
  3

  2
TS
 70
     8
280
     0
 71
     1
 72
     0
 11
0.0
 21
0.0
 31
0.0
  0
ATTDEF
  5
A9
330
8E
100
AcDbEntity
  8
AM_6
100
AcDbText
 10
27.48801868794098
 20
11.0
 30
0.0
 40
0.5
  1
44
100
AcDbAttributeDefinition
  3

  2
F
 70
     8
280
     0
 71
     1
 72
     0
 11
0.0
 21
0.0
 31
0.0
  0
ATTDEF
  5
AA
330
8E
100
AcDbEntity
  8
AM_6
100
AcDbText
 10
27.48801868794098
 20
10.5
 30
0.0
 40
0.5
  1
130
100
AcDbAttributeDefinition
  3

  2
EB
 70
     8
280
     0
 71
     1
 72
     0
 11
0.0
 21
0.0
 31
0.0
  0
ATTDEF
  5
AB
330
8E
100
AcDbEntity
  8
AM_6
100
AcDbText
 10
27.48801868794098
 20
10.0
 30
0.0
 40
0.5
  1
70
100
AcDbAttributeDefinition
  3

  2
LH
 70
     8
280
     0
 71
     1
 72
     0
 11
0.0
 21
0.0
 31
0.0
  0
ATTDEF
  5
AC
330
8E
100
AcDbEntity
  8
AM_6
100
AcDbText
 10
27.48801868794098
 20
9.5
 30
0.0
 40
0.5
  1
36
100
AcDbAttributeDefinition
  3

  2
K
 70
     8
280
     0
 71
     1
 72
     0
 11
0.0
 21
0.0
 31
0.0
  0
ATTDEF
  5
AD
330
8E
100
AcDbEntity
  8
AM_6
100
AcDbText
 10
27.48801868794098
 20
9.0
 30
0.0
 40
0.5
  1
140
100
AcDbAttributeDefinition
  3

  2
ZJ
 70
     8
280
     0
 71
     1
 72
     0
 11
0.0
 21
0.0
 31
0.0
  0
ATTDEF
  5
AE
330
8E
100
AcDbEntity
  8
AM_6
100
AcDbText
 10
27.48801868794098
 20
8.5
 30
0.0
 40
0.5
  1
126
100
AcDbAttributeDefinition
  3

  2
LL
 70
     8
280
     0
 71
     1
 72
     0
 11
0.0
 21
0.0
 31
0.0
  0
ATTDEF
  5
AF
330
8E
100
AcDbEntity
  8
AM_6
100
AcDbText
 10
27.48801868794098
 20
8.0
 30
0.0
 40
0.5
  1
5
100
AcDbAttributeDefinition
  3

  2
PC
 70
     8
280
     0
 71
     1
 72
     0
 11
0.0
 21
0.0
 31
0.0
  0
ATTDEF
  5
B0
330
8E
100
AcDbEntity
  8
AM_6
100
AcDbText
 10
27.48801868794098
 20
7.5
 30
0.0
 40
0.5
  1
62
100
AcDbAttributeDefinition
  3

  2
TX
 70
     8
280
     0
 71
     1
 72
     0
 11
0.0
 21
0.0
 31
0.0
  0
ATTDEF
  5
B1
330
8E
100
AcDbEntity
  8
AM_6
100
AcDbText
 10
27.48801868794098
 20
7.0
 30
0.0
 40
0.5
  1
14
100
AcDbAttributeDefinition
  3

  2
WF
 70
     8
280
     0
 71
     1
 72
     0
 11
0.0
 21
0.0
 31
0.0
  0
ATTDEF
  5
B2
330
8E
100
AcDbEntity
  8
AM_6
100
AcDbText
 10
27.48801868794098
 20
6.5
 30
0.0
 40
0.5
  1
Φ22X1.8DP底孔Φ14
100
AcDbAttributeDefinition
  3

  2
EF
 70
     8
280
     0
 71
     1
 72
     0
 11
0.0
 21
0.0
 31
0.0
  0
ATTDEF
  5
B3
330
8E
100
AcDbEntity
  8
AM_6
100
AcDbText
 10
27.48801868794098
 20
6.0
 30
0.0
 40
0.5
  1
22.000
100
AcDbAttributeDefinition
  3

  2
EF1
 70
     8
280
     0
 71
     1
 72
     0
 11
0.0
 21
0.0
 31
0.0
  0
ATTDEF
  5
B4
330
8E
100
AcDbEntity
  8
AM_6
100
AcDbText
 10
27.48801868794098
 20
5.5
 30
0.0
 40
0.5
  1
1.800
100
AcDbAttributeDefinition
  3

  2
DP
 70
     8
280
     0
 71
     1
 72
     0
 11
0.0
 21
0.0
 31
0.0
  0
ATTDEF
  5
B5
330
8E
100
AcDbEntity
  8
AM_6
100
AcDbText
 10
27.48801868794098
 20
5.0
 30
0.0
 40
0.5
  1
14.000
100
AcDbAttributeDefinition
  3

  2
EF2
 70
     8
280
     0
 71
     1
 72
     0
 11
0.0
 21
0.0
 31
0.0
  0
ATTDEF
  5
B6
330
8E
100
AcDbEntity
  8
AM_6
100
AcDbText
 10
27.48801868794098
 20
4.5
 30
0.0
 40
0.5
  1
M27X2.0
100
AcDbAttributeDefinition
  3

  2
KK1
 70
     8
280
     0
 71
     1
 72
     0
 11
0.0
 21
0.0
 31
0.0
  0
ATTDEF
  5
B7
330
8E
100
AcDbEntity
  8
AM_6
100
AcDbText
 10
27.48801868794098
 20
4.0
 30
0.0
 40
0.5
  1
27.000
100
AcDbAttributeDefinition
  3

  2
KK11
 70
     8
280
     0
 71
     1
 72
     0
 11
0.0
 21
0.0
 31
0.0
  0
ATTDEF
  5
B8
330
8E
100
AcDbEntity
  8
AM_6
100
AcDbText
 10
27.48801868794098
 20
3.5
 30
0.0
 40
0.5
  1
2.000
100
AcDbAttributeDefinition
  3

  2
KK12
 70
     8
280
     0
 71
     1
 72
     0
 11
0.0
 21
0.0
 31
0.0
  0
ATTDEF
  5
B9
330
8E
100
AcDbEntity
  8
AM_6
100
AcDbText
 10
27.48801868794098
 20
3.0
 30
0.0
 40
0.5
  1
M33X2.0
100
AcDbAttributeDefinition
  3

  2
KK2
 70
     8
280
     0
 71
     1
 72
     0
 11
0.0
 21
0.0
 31
0.0
  0
ATTDEF
  5
BA
330
8E
100
AcDbEntity
  8
AM_6
100
AcDbText
 10
27.48801868794098
 20
2.5
 30
0.0
 40
0.5
  1
33.000
100
AcDbAttributeDefinition
  3

  2
KK21
 70
     8
280
     0
 71
     1
 72
     0
 11
0.0
 21
0.0
 31
0.0
  0
ATTDEF
  5
BB
330
8E
100
AcDbEntity
  8
AM_6
100
AcDbText
 10
27.48801868794098
 20
2.0
 30
0.0
 40
0.5
  1
2.000
100
AcDbAttributeDefinition
  3

  2
KK22
 70
     8
280
     0
 71
     1
 72
     0
 11
0.0
 21
0.0
 31
0.0
  0
ATTDEF
  5
BC
330
8E
100
AcDbEntity
  8
AM_6
100
AcDbText
 10
27.48801868794098
 20
1.5
 30
0.0
 40
0.5
  1
42
100
AcDbAttributeDefinition
  3

  2
NBB
 70
     8
280
     0
 71
     1
 72
     0
 11
0.0
 21
0.0
 31
0.0
  0
ATTDEF
  5
BD
330
8E
100
AcDbEntity
  8
AM_6
100
AcDbText
 10
27.48801868794098
 20
1.0
 30
0.0
 40
0.5
  1
50
100
AcDbAttributeDefinition
  3

  2
A1
 70
     8
280
     0
 71
     1
 72
     0
 11
0.0
 21
0.0
 31
0.0
  0
ATTDEF
  5
BE
330
8E
100
AcDbEntity
  8
AM_6
100
AcDbText
 10
27.48801868794098
 20
0.5
 30
0.0
 40
0.5
  1
30
100
AcDbAttributeDefinition
  3

  2
NC
 70
     8
280
     0
 71
     1
 72
     0
 11
0.0
 21
0.0
 31
0.0
  0
ATTDEF
  5
BF
330
8E
100
AcDbEntity
  8
AM_6
100
AcDbText
 10
27.48801868794098
 20
0.0
 30
0.0
 40
0.5
  1
20
100
AcDbAttributeDefinition
  3

  2
ND
 70
     8
280
     0
 71
     1
 72
     0
 11
0.0
 21
0.0
 31
0.0
  0
ATTDEF
  5
C0
330
8E
100
AcDbEntity
  8
AM_6
100
AcDbText
 10
27.48801868794098
 20
-0.5
 30
0.0
 40
0.5
  1
20
100
AcDbAttributeDefinition
  3

  2
NE
 70
     8
280
     0
 71
     1
 72
     0
 11
0.0
 21
0.0
 31
0.0
  0
ATTDEF
  5
C1
330
8E
100
AcDbEntity
  8
AM_6
100
AcDbText
 10
27.48801868794098
 20
-1.0
 30
0.0
 40
0.5
  1
2.0
100
AcDbAttributeDefinition
  3

  2
N
 70
     8
280
     0
 71
     1
 72
     0
 11
0.0
 21
0.0
 31
0.0
  0
ATTDEF
  5
C2
330
8E
100
AcDbEntity
  8
AM_6
100
AcDbText
 10
27.48801868794098
 20
-1.5
 30
0.0
 40
0.5
  1
2
100
AcDbAttributeDefinition
  3

  2
R
 70
     8
280
     0
 71
     1
 72
     0
 11
0.0
 21
0.0
 31
0.0
  0
ATTDEF
  5
C3
330
8E
100
AcDbEntity
  8
AM_6
100
AcDbText
 10
27.48801868794098
 20
-2.0
 30
0.0
 40
0.5
  1
12
100
AcDbAttributeDefinition
  3

  2
S
 70
     8
280
     0
 71
     1
 72
     0
 11
0.0
 21
0.0
 31
0.0
  0
ATTDEF
  5
C4
330
8E
100
AcDbEntity
  8
AM_6
100
AcDbText
 10
27.48801868794098
 20
-2.5
 30
0.0
 40
0.5
  1
16.500
100
AcDbAttributeDefinition
  3

  2
A
 70
     8
280
     0
 71
     1
 72
     0
 11
0.0
 21
0.0
 31
0.0
  0
ATTDEF
  5
C5
330
8E
100
AcDbEntity
  8
AM_6
100
AcDbText
 10
27.48801868794098
 20
-3.0
 30
0.0
 40
0.5
  1
50.000
100
AcDbAttributeDefinition
  3

  2
SS
 70
     8
280
     0
 71
     1
 72
     0
 11
0.0
 21
0.0
 31
0.0
  0
ATTDEF
  5
C6
330
8E
100
AcDbEntity
  8
AM_6
100
AcDbText
 10
27.48801868794098
 20
-3.5
 30
0.0
 40
0.5
  1
3.000
100
AcDbAttributeDefinition
  3

  2
K13
 70
     8
280
     0
 71
     1
 72
     0
 11
0.0
 21
0.0
 31
0.0
  0
ATTDEF
  5
C7
330
8E
100
AcDbEntity
  8
AM_6
100
AcDbText
 10
27.48801868794098
 20
-4.0
 30
0.0
 40
0.5
  1
jufan
100
AcDbAttributeDefinition
  3

  2
COMPANY
 70
     8
280
     0
 71
     1
 72
     0
 11
0.0
 21
0.0
 31
0.0
  0
ATTDEF
  5
C8
330
8E
100
AcDbEntity
  8
AM_6
100
AcDbText
 10
27.48801868794098
 20
-4.5
 30
0.0
 40
0.5
  1
{$CADENAS_DATA/23d-libs/jufan/oil_pressure_product/jecx/parts/jecx_rod.prj},231 {VTYP=3D},{NB=JECX-MF-INLA-80-550(0_rod)},{LINA=JECX-MF-INLA-80-550(0_rod)},{NN=JECX},{DATE=05.09.2023 02:33:13},{GEOMDATE=02.11.2021 03:34:35},{VERSION=},{LINEID=60},{WBVAR=T
100
AcDbAttributeDefinition
  3

  2
PSOL_0
 70
     9
280
     0
 71
     1
 72
     0
 11
0.0
 21
0.0
 31
0.0
  0
ATTDEF
  5
C9
330
8E
100
AcDbEntity
  8
AM_6
100
AcDbText
 10
27.48801868794098
 20
-5.0
 30
0.0
 40
0.5
  1
YPE,CT,THREAD,IT,STROKE,POS,PM},{WBNUMERIC=STROKE,POS}  {NB=JECX-MF-INLA-80-550(0_rod)},{LINA=JECX-MF-INLA-80-550(0_rod)},{KT=DUMMY},{MODEL=JECX},{TYPE=MF},{CT=},{THREAD=IN},{IT=LA},{BORE=80},{STROKE=550},{POS=0},{ST=[5:700]},{PM=},{MM=45},{EA=150},{TW=16
100
AcDbAttributeDefinition
  3

  2
PSOL_1
 70
     9
280
     0
 71
     1
 72
     0
 11
0.0
 21
0.0
 31
0.0
  0
ATTDEF
  5
CA
330
8E
100
AcDbEntity
  8
AM_6
100
AcDbText
 10
27.48801868794098
 20
-5.5
 30
0.0
 40
0.5
  1
},{FB=13.0},{FG=20.0},{BT=13.0},{TS=126},{F=44},{EB=130},{LH=70},{K=36},{ZJ=140},{LL=126},{PC=5},{TX=62},{WF=14},{EF=Φ22X1.8DP底孔Φ14},{EF1=22.000},{DP=1.800},{EF2=14.000},{KK1=M27X2.0},{KK11=27.000},{KK12=2.000},{KK2=M33X2.0},{KK21=33.000},{KK22=2.000},{NB
100
AcDbAttributeDefinition
  3

  2
PSOL_2
 70
     9
280
     0
 71
     1
 72
     0
 11
0.0
 21
0.0
 31
0.0
  0
ATTDEF
  5
CB
330
8E
100
AcDbEntity
  8
AM_6
100
AcDbText
 10
27.48801868794098
 20
-6.0
 30
0.0
 40
0.5
  1
B=42},{A1=50},{NC=30},{ND=20},{NE=20},{N=2.0},{R=2},{S=12},{A=16.500},{SS=50.000},{K13=3.000}
100
AcDbAttributeDefinition
  3

  2
PSOL_3
 70
     9
280
     0
 71
     1
 72
     0
 11
0.0
 21
0.0
 31
0.0
  0
LWPOLYLINE
  5
CD
330
8E
100
AcDbEntity
  8
AM_0
100
AcDbPolyline
 90
       16
 70
     0
 43
0.0
 10
17.99999999999998
 20
-13.50000000000003
 10
19.10810709274478
 20
-11.87982505478075
 10
20.07078995272328
 20
-10.16923746766011
 10
20.88072198208724
 20
-8.381255843057094
 10
21.53173910904287
 20
-6.529487800747775
 10
22.01888670015913
 20
-4.628026413662238
 10
22.33845726811989
 20
-2.691342951089978
 10
22.48801868794098
 20
-0.7341767435826181
 10
22.46643270690989
 20
1.228576992251443
 10
22.27386360737626
 20
3.181980515339402
 10
21.91177695646393
 20
5.11116724537326
 10
21.38292845222024
 20
7.001454906462665
 10
20.69134295108995
 20
8.83845726811983
 10
19.8422838363274
 20
10.60819363316019
 10
18.84221296047184
 20
12.29719523924976
 10
17.99999999999999
 20
13.50000000000002
  0
LWPOLYLINE
  5
CE
330
8E
100
AcDbEntity
  8
AM_0
100
AcDbPolyline
 90
       16
 70
     0
 43
0.0
 10
-17.99999999999998
 20
13.50000000000003
 10
-19.10810709274478
 20
11.87982505478075
 10
-20.07078995272328
 20
10.16923746766011
 10
-20.88072198208724
 20
8.381255843057094
 10
-21.53173910904287
 20
6.529487800747775
 10
-22.01888670015913
 20
4.628026413662238
 10
-22.33845726811989
 20
2.691342951089978
 10
-22.48801868794098
 20
0.7341767435826181
 10
-22.46643270690989
 20
-1.228576992251443
 10
-22.27386360737626
 20
-3.181980515339402
 10
-21.91177695646393
 20
-5.11116724537326
 10
-21.38292845222024
 20
-7.001454906462665
 10
-20.69134295108995
 20
-8.83845726811983
 10
-19.8422838363274
 20
-10.60819363316019
 10
-18.84221296047184
 20
-12.29719523924976
 10
-17.99999999999999
 20
-13.50000000000002
  0
CIRCLE
  5
CF
330
8E
100
AcDbEntity
  8
AM_0
100
AcDbCircle
 10
0.0
 20
0.0
 30
0.0
 40
12.4175
  0
ARC
  5
D0
330
8E
100
AcDbEntity
  8
AM_0
100
AcDbCircle
 10
0.0
 20
0.0
 30
0.0
 40
22.5
100
AcDbArc
 50
216.869897645844
 51
323.130102354156
  0
LINE
  5
D1
330
8E
100
AcDbEntity
  8
AM_0
100
AcDbLine
 10
18.0
 20
13.5
 30
0.0
 11
18.0
 21
-13.5
 31
0.0
  0
ARC
  5
D2
330
8E
100
AcDbEntity
  8
AM_0
100
AcDbCircle
 10
-0.0000000000000018
 20
-0.0000000000000036
 30
0.0
 40
22.5
100
AcDbArc
 50
36.86989764584403
 51
143.130102354156
  0
LINE
  5
D3
330
8E
100
AcDbEntity
  8
AM_0
100
AcDbLine
 10
-18.0
 20
-13.5
 30
0.0
 11
-18.0
 21
13.5
 31
0.0
  0
ARC
  5
D4
330
8E
100
AcDbEntity
  8
AM_0
100
AcDbCircle
 10
-0.0000000000000071
 20
-0.0000000000000142
 30
0.0
 40
22.00000000000001
100
AcDbArc
 50
35.09680122758463
 51
144.9031987724154
  0
ARC
  5
D5
330
8E
100
AcDbEntity
  8
AM_0
100
AcDbCircle
 10
0.0000000000000018
 20
-0.0000000000000036
 30
0.0
 40
22.0
100
AcDbArc
 50
215.0968012275845
 51
324.9031987724154
  0
ARC
  5
D7
330
8E
100
AcDbEntity
  8
AM_5
100
AcDbCircle
 10
-0.0000000000000009
 20
-0.0000000000000002
 30
0.0
 40
13.5
100
AcDbArc
 50
75.00000000000001
 51
14.99999999999997
  0
ENDBLK
  5
91
330
8E
100
AcDbEntity
  8
0
100
AcDbBlockEnd
  0
BLOCK
  5
DA
330
D8
100
AcDbEntity
  8
0
100
AcDbBlockBegin
  2
2_JECX_MF_EXLA_80_550_0_body__0_in_JECX_MF_160_INLA_80_550_0__0
 70
     2
 10
0.0
 20
0.0
 30
0.0
  3
2_JECX_MF_EXLA_80_550_0_body__0_in_JECX_MF_160_INLA_80_550_0__0
  1

  0
ATTDEF
  5
DC
330
D8
100
AcDbEntity
  8
AM_6
100
AcDbText
 10
80.0
 20
66.5
 30
0.0
 40
0.5
  1
JECX-MF-EXLA-80-550(0_body)
100
AcDbAttributeDefinition
  3

  2
NB
 70
     8
280
     0
 71
     1
 72
     0
 11
0.0
 21
0.0
 31
0.0
  0
ATTDEF
  5
DD
330
D8
100
AcDbEntity
  8
AM_6
100
AcDbText
 10
80.0
 20
66.0
 30
0.0
 40
0.5
  1
JECX
100
AcDbAttributeDefinition
  3

  2
NN
 70
     8
280
     0
 71
     1
 72
     0
 11
0.0
 21
0.0
 31
0.0
  0
ATTDEF
  5
DE
330
D8
100
AcDbEntity
  8
AM_6
100
AcDbText
 10
80.0
 20
65.5
 30
0.0
 40
0.5
  1
Europe thin cylinder
100
AcDbAttributeDefinition
  3

  2
NT
 70
     8
280
     0
 71
     1
 72
     0
 11
0.0
 21
0.0
 31
0.0
  0
ATTDEF
  5
DF
330
D8
100
AcDbEntity
  8
AM_6
100
AcDbText
 10
80.0
 20
65.0
 30
0.0
 40
0.5
  1
$MODEL.-$TYPE.$CT.-$THREAD.$IT.-$BORE.-$STROKE.$PM.($POS._body)
100
AcDbAttributeDefinition
  3

  2
NBSYN
 70
     8
280
     0
 71
     1
 72
     0
 11
0.0
 21
0.0
 31
0.0
  0
ATTDEF
  5
E0
330
D8
100
AcDbEntity
  8
AM_6
100
AcDbText
 10
80.0
 20
64.5
 30
0.0
 40
0.5
  1
JECX-MF-EXLA-80-550(0_body)
100
AcDbAttributeDefinition
  3

  2
LINA
 70
     8
280
     0
 71
     1
 72
     0
 11
0.0
 21
0.0
 31
0.0
  0
ATTDEF
  5
E1
330
D8
100
AcDbEntity
  8
AM_6
100
AcDbText
 10
80.0
 20
64.0
 30
0.0
 40
0.5
  1
JUFAN
100
AcDbAttributeDefinition
  3

  2
CATALOG
 70
     8
280
     0
 71
     1
 72
     0
 11
0.0
 21
0.0
 31
0.0
  0
ATTDEF
  5
E2
330
D8
100
AcDbEntity
  8
AM_6
100
AcDbText
 10
80.0
 20
63.5
 30
0.0
 40
0.5
  1
JECX
100
AcDbAttributeDefinition
  3

  2
MODEL
 70
     8
280
     0
 71
     1
 72
     0
 11
0.0
 21
0.0
 31
0.0
  0
ATTDEF
  5
E3
330
D8
100
AcDbEntity
  8
AM_6
100
AcDbText
 10
80.0
 20
63.0
 30
0.0
 40
0.5
  1
MF:Oil circuit board
100
AcDbAttributeDefinition
  3

  2
TYPE
 70
     8
280
     0
 71
     1
 72
     0
 11
0.0
 21
0.0
 31
0.0
  0
ATTDEF
  5
E4
330
D8
100
AcDbEntity
  8
AM_6
100
AcDbText
 10
80.0
 20
62.5
 30
0.0
 40
0.5
  1
Blank:standard
100
AcDbAttributeDefinition
  3

  2
CT
 70
     8
280
     0
 71
     1
 72
     0
 11
0.0
 21
0.0
 31
0.0
  0
ATTDEF
  5
E5
330
D8
100
AcDbEntity
  8
AM_6
100
AcDbText
 10
80.0
 20
62.0
 30
0.0
 40
0.5
  1
EX:Outer
100
AcDbAttributeDefinition
  3

  2
THREAD
 70
     8
280
     0
 71
     1
 72
     0
 11
0.0
 21
0.0
 31
0.0
  0
ATTDEF
  5
E6
330
D8
100
AcDbEntity
  8
AM_6
100
AcDbText
 10
80.0
 20
61.5
 30
0.0
 40
0.5
  1
LA:Radial type
100
AcDbAttributeDefinition
  3

  2
IT
 70
     8
280
     0
 71
     1
 72
     0
 11
0.0
 21
0.0
 31
0.0
  0
ATTDEF
  5
E7
330
D8
100
AcDbEntity
  8
AM_6
100
AcDbText
 10
80.0
 20
61.0
 30
0.0
 40
0.5
  1
80
100
AcDbAttributeDefinition
  3

  2
BORE
 70
     8
280
     0
 71
     1
 72
     0
 11
0.0
 21
0.0
 31
0.0
  0
ATTDEF
  5
E8
330
D8
100
AcDbEntity
  8
AM_6
100
AcDbText
 10
80.0
 20
60.5
 30
0.0
 40
0.5
  1
550
100
AcDbAttributeDefinition
  3

  2
STROKE
 70
     8
280
     0
 71
     1
 72
     0
 11
0.0
 21
0.0
 31
0.0
  0
ATTDEF
  5
E9
330
D8
100
AcDbEntity
  8
AM_6
100
AcDbText
 10
80.0
 20
60.0
 30
0.0
 40
0.5
  1
0
100
AcDbAttributeDefinition
  3

  2
POS
 70
     8
280
     0
 71
     1
 72
     0
 11
0.0
 21
0.0
 31
0.0
  0
ATTDEF
  5
EA
330
D8
100
AcDbEntity
  8
AM_6
100
AcDbText
 10
80.0
 20
59.5
 30
0.0
 40
0.5
  1
[5:700]
100
AcDbAttributeDefinition
  3

  2
ST
 70
     8
280
     0
 71
     1
 72
     0
 11
0.0
 21
0.0
 31
0.0
  0
ATTDEF
  5
EB
330
D8
100
AcDbEntity
  8
AM_6
100
AcDbText
 10
80.0
 20
59.0
 30
0.0
 40
0.5
  1
1：(PU) (standard usage)
100
AcDbAttributeDefinition
  3

  2
PM
 70
     8
280
     0
 71
     1
 72
     0
 11
0.0
 21
0.0
 31
0.0
  0
ATTDEF
  5
EC
330
D8
100
AcDbEntity
  8
AM_6
100
AcDbText
 10
80.0
 20
58.5
 30
0.0
 40
0.5
  1
45
100
AcDbAttributeDefinition
  3

  2
MM
 70
     8
280
     0
 71
     1
 72
     0
 11
0.0
 21
0.0
 31
0.0
  0
ATTDEF
  5
ED
330
D8
100
AcDbEntity
  8
AM_6
100
AcDbText
 10
80.0
 20
58.0
 30
0.0
 40
0.5
  1
150
100
AcDbAttributeDefinition
  3

  2
EA
 70
     8
280
     0
 71
     1
 72
     0
 11
0.0
 21
0.0
 31
0.0
  0
ATTDEF
  5
EE
330
D8
100
AcDbEntity
  8
AM_6
100
AcDbText
 10
80.0
 20
57.5
 30
0.0
 40
0.5
  1
16
100
AcDbAttributeDefinition
  3

  2
TW
 70
     8
280
     0
 71
     1
 72
     0
 11
0.0
 21
0.0
 31
0.0
  0
ATTDEF
  5
EF
330
D8
100
AcDbEntity
  8
AM_6
100
AcDbText
 10
80.0
 20
57.0
 30
0.0
 40
0.5
  1
13.0
100
AcDbAttributeDefinition
  3

  2
FB
 70
     8
280
     0
 71
     1
 72
     0
 11
0.0
 21
0.0
 31
0.0
  0
ATTDEF
  5
F0
330
D8
100
AcDbEntity
  8
AM_6
100
AcDbText
 10
80.0
 20
56.5
 30
0.0
 40
0.5
  1
20.0
100
AcDbAttributeDefinition
  3

  2
FG
 70
     8
280
     0
 71
     1
 72
     0
 11
0.0
 21
0.0
 31
0.0
  0
ATTDEF
  5
F1
330
D8
100
AcDbEntity
  8
AM_6
100
AcDbText
 10
80.0
 20
56.0
 30
0.0
 40
0.5
  1
13.0
100
AcDbAttributeDefinition
  3

  2
BT
 70
     8
280
     0
 71
     1
 72
     0
 11
0.0
 21
0.0
 31
0.0
  0
ATTDEF
  5
F2
330
D8
100
AcDbEntity
  8
AM_6
100
AcDbText
 10
80.0
 20
55.5
 30
0.0
 40
0.5
  1
126
100
AcDbAttributeDefinition
  3

  2
TS
 70
     8
280
     0
 71
     1
 72
     0
 11
0.0
 21
0.0
 31
0.0
  0
ATTDEF
  5
F3
330
D8
100
AcDbEntity
  8
AM_6
100
AcDbText
 10
80.0
 20
55.0
 30
0.0
 40
0.5
  1
44
100
AcDbAttributeDefinition
  3

  2
F
 70
     8
280
     0
 71
     1
 72
     0
 11
0.0
 21
0.0
 31
0.0
  0
ATTDEF
  5
F4
330
D8
100
AcDbEntity
  8
AM_6
100
AcDbText
 10
80.0
 20
54.5
 30
0.0
 40
0.5
  1
130
100
AcDbAttributeDefinition
  3

  2
EB
 70
     8
280
     0
 71
     1
 72
     0
 11
0.0
 21
0.0
 31
0.0
  0
ATTDEF
  5
F5
330
D8
100
AcDbEntity
  8
AM_6
100
AcDbText
 10
80.0
 20
54.0
 30
0.0
 40
0.5
  1
70
100
AcDbAttributeDefinition
  3

  2
LH
 70
     8
280
     0
 71
     1
 72
     0
 11
0.0
 21
0.0
 31
0.0
  0
ATTDEF
  5
F6
330
D8
100
AcDbEntity
  8
AM_6
100
AcDbText
 10
80.0
 20
53.5
 30
0.0
 40
0.5
  1
36
100
AcDbAttributeDefinition
  3

  2
K
 70
     8
280
     0
 71
     1
 72
     0
 11
0.0
 21
0.0
 31
0.0
  0
ATTDEF
  5
F7
330
D8
100
AcDbEntity
  8
AM_6
100
AcDbText
 10
80.0
 20
53.0
 30
0.0
 40
0.5
  1
140
100
AcDbAttributeDefinition
  3

  2
ZJ
 70
     8
280
     0
 71
     1
 72
     0
 11
0.0
 21
0.0
 31
0.0
  0
ATTDEF
  5
F8
330
D8
100
AcDbEntity
  8
AM_6
100
AcDbText
 10
80.0
 20
52.5
 30
0.0
 40
0.5
  1
126
100
AcDbAttributeDefinition
  3

  2
LL
 70
     8
280
     0
 71
     1
 72
     0
 11
0.0
 21
0.0
 31
0.0
  0
ATTDEF
  5
F9
330
D8
100
AcDbEntity
  8
AM_6
100
AcDbText
 10
80.0
 20
52.0
 30
0.0
 40
0.5
  1
5
100
AcDbAttributeDefinition
  3

  2
PC
 70
     8
280
     0
 71
     1
 72
     0
 11
0.0
 21
0.0
 31
0.0
  0
ATTDEF
  5
FA
330
D8
100
AcDbEntity
  8
AM_6
100
AcDbText
 10
80.0
 20
51.5
 30
0.0
 40
0.5
  1
62
100
AcDbAttributeDefinition
  3

  2
TX
 70
     8
280
     0
 71
     1
 72
     0
 11
0.0
 21
0.0
 31
0.0
  0
ATTDEF
  5
FB
330
D8
100
AcDbEntity
  8
AM_6
100
AcDbText
 10
80.0
 20
51.0
 30
0.0
 40
0.5
  1
14
100
AcDbAttributeDefinition
  3

  2
WF
 70
     8
280
     0
 71
     1
 72
     0
 11
0.0
 21
0.0
 31
0.0
  0
ATTDEF
  5
FC
330
D8
100
AcDbEntity
  8
AM_6
100
AcDbText
 10
80.0
 20
50.5
 30
0.0
 40
0.5
  1
Φ22X1.8DP底孔Φ14
100
AcDbAttributeDefinition
  3

  2
EF
 70
     8
280
     0
 71
     1
 72
     0
 11
0.0
 21
0.0
 31
0.0
  0
ATTDEF
  5
FD
330
D8
100
AcDbEntity
  8
AM_6
100
AcDbText
 10
80.0
 20
50.0
 30
0.0
 40
0.5
  1
22.500
100
AcDbAttributeDefinition
  3

  2
EF1
 70
     8
280
     0
 71
     1
 72
     0
 11
0.0
 21
0.0
 31
0.0
  0
ATTDEF
  5
FE
330
D8
100
AcDbEntity
  8
AM_6
100
AcDbText
 10
80.0
 20
49.5
 30
0.0
 40
0.5
  1
2.100
100
AcDbAttributeDefinition
  3

  2
DP
 70
     8
280
     0
 71
     1
 72
     0
 11
0.0
 21
0.0
 31
0.0
  0
ATTDEF
  5
FF
330
D8
100
AcDbEntity
  8
AM_6
100
AcDbText
 10
80.0
 20
49.0
 30
0.0
 40
0.5
  1
14.000
100
AcDbAttributeDefinition
  3

  2
EF2
 70
     8
280
     0
 71
     1
 72
     0
 11
0.0
 21
0.0
 31
0.0
  0
ATTDEF
  5
100
330
D8
100
AcDbEntity
  8
AM_6
100
AcDbText
 10
80.0
 20
48.5
 30
0.0
 40
0.5
  1
M27X2.0
100
AcDbAttributeDefinition
  3

  2
KK1
 70
     8
280
     0
 71
     1
 72
     0
 11
0.0
 21
0.0
 31
0.0
  0
ATTDEF
  5
101
330
D8
100
AcDbEntity
  8
AM_6
100
AcDbText
 10
80.0
 20
48.0
 30
0.0
 40
0.5
  1
27.000
100
AcDbAttributeDefinition
  3

  2
KK11
 70
     8
280
     0
 71
     1
 72
     0
 11
0.0
 21
0.0
 31
0.0
  0
ATTDEF
  5
102
330
D8
100
AcDbEntity
  8
AM_6
100
AcDbText
 10
80.0
 20
47.5
 30
0.0
 40
0.5
  1
2.000
100
AcDbAttributeDefinition
  3

  2
KK12
 70
     8
280
     0
 71
     1
 72
     0
 11
0.0
 21
0.0
 31
0.0
  0
ATTDEF
  5
103
330
D8
100
AcDbEntity
  8
AM_6
100
AcDbText
 10
80.0
 20
47.0
 30
0.0
 40
0.5
  1
M33X2.0
100
AcDbAttributeDefinition
  3

  2
KK2
 70
     8
280
     0
 71
     1
 72
     0
 11
0.0
 21
0.0
 31
0.0
  0
ATTDEF
  5
104
330
D8
100
AcDbEntity
  8
AM_6
100
AcDbText
 10
80.0
 20
46.5
 30
0.0
 40
0.5
  1
33.000
100
AcDbAttributeDefinition
  3

  2
KK21
 70
     8
280
     0
 71
     1
 72
     0
 11
0.0
 21
0.0
 31
0.0
  0
ATTDEF
  5
105
330
D8
100
AcDbEntity
  8
AM_6
100
AcDbText
 10
80.0
 20
46.0
 30
0.0
 40
0.5
  1
2.000
100
AcDbAttributeDefinition
  3

  2
KK22
 70
     8
280
     0
 71
     1
 72
     0
 11
0.0
 21
0.0
 31
0.0
  0
ATTDEF
  5
106
330
D8
100
AcDbEntity
  8
AM_6
100
AcDbText
 10
80.0
 20
45.5
 30
0.0
 40
0.5
  1
42
100
AcDbAttributeDefinition
  3

  2
NBB
 70
     8
280
     0
 71
     1
 72
     0
 11
0.0
 21
0.0
 31
0.0
  0
ATTDEF
  5
107
330
D8
100
AcDbEntity
  8
AM_6
100
AcDbText
 10
80.0
 20
45.0
 30
0.0
 40
0.5
  1
50
100
AcDbAttributeDefinition
  3

  2
A1
 70
     8
280
     0
 71
     1
 72
     0
 11
0.0
 21
0.0
 31
0.0
  0
ATTDEF
  5
108
330
D8
100
AcDbEntity
  8
AM_6
100
AcDbText
 10
80.0
 20
44.5
 30
0.0
 40
0.5
  1
30
100
AcDbAttributeDefinition
  3

  2
NC
 70
     8
280
     0
 71
     1
 72
     0
 11
0.0
 21
0.0
 31
0.0
  0
ATTDEF
  5
109
330
D8
100
AcDbEntity
  8
AM_6
100
AcDbText
 10
80.0
 20
44.0
 30
0.0
 40
0.5
  1
20
100
AcDbAttributeDefinition
  3

  2
ND
 70
     8
280
     0
 71
     1
 72
     0
 11
0.0
 21
0.0
 31
0.0
  0
ATTDEF
  5
10A
330
D8
100
AcDbEntity
  8
AM_6
100
AcDbText
 10
80.0
 20
43.5
 30
0.0
 40
0.5
  1
20
100
AcDbAttributeDefinition
  3

  2
NE
 70
     8
280
     0
 71
     1
 72
     0
 11
0.0
 21
0.0
 31
0.0
  0
ATTDEF
  5
10B
330
D8
100
AcDbEntity
  8
AM_6
100
AcDbText
 10
80.0
 20
43.0
 30
0.0
 40
0.5
  1
2.0
100
AcDbAttributeDefinition
  3

  2
N
 70
     8
280
     0
 71
     1
 72
     0
 11
0.0
 21
0.0
 31
0.0
  0
ATTDEF
  5
10C
330
D8
100
AcDbEntity
  8
AM_6
100
AcDbText
 10
80.0
 20
42.5
 30
0.0
 40
0.5
  1
2
100
AcDbAttributeDefinition
  3

  2
R
 70
     8
280
     0
 71
     1
 72
     0
 11
0.0
 21
0.0
 31
0.0
  0
ATTDEF
  5
10D
330
D8
100
AcDbEntity
  8
AM_6
100
AcDbText
 10
80.0
 20
42.0
 30
0.0
 40
0.5
  1
12
100
AcDbAttributeDefinition
  3

  2
S
 70
     8
280
     0
 71
     1
 72
     0
 11
0.0
 21
0.0
 31
0.0
  0
ATTDEF
  5
10E
330
D8
100
AcDbEntity
  8
AM_6
100
AcDbText
 10
80.0
 20
41.5
 30
0.0
 40
0.5
  1
14
100
AcDbAttributeDefinition
  3

  2
EF22
 70
     8
280
     0
 71
     1
 72
     0
 11
0.0
 21
0.0
 31
0.0
  0
ATTDEF
  5
10F
330
D8
100
AcDbEntity
  8
AM_6
100
AcDbText
 10
80.0
 20
41.0
 30
0.0
 40
0.5
  1
jufan
100
AcDbAttributeDefinition
  3

  2
COMPANY
 70
     8
280
     0
 71
     1
 72
     0
 11
0.0
 21
0.0
 31
0.0
  0
ATTDEF
  5
110
330
D8
100
AcDbEntity
  8
AM_6
100
AcDbText
 10
80.0
 20
40.5
 30
0.0
 40
0.5
  1
{$CADENAS_DATA/23d-libs/jufan/oil_pressure_product/jecx/parts/jecx_body.prj},233 {VTYP=3D},{NB=JECX-MF-EXLA-80-550(0_body)},{LINA=JECX-MF-EXLA-80-550(0_body)},{NN=JECX},{DATE=26.08.2025 06:00:09},{GEOMDATE=26.08.2025 06:00:00},{VERSION=},{LINEID=60},{WBVA
100
AcDbAttributeDefinition
  3

  2
PSOL_0
 70
     9
280
     0
 71
     1
 72
     0
 11
0.0
 21
0.0
 31
0.0
  0
ATTDEF
  5
111
330
D8
100
AcDbEntity
  8
AM_6
100
AcDbText
 10
80.0
 20
40.0
 30
0.0
 40
0.5
  1
R=TYPE,CT,THREAD,IT,STROKE,POS,PM},{WBNUMERIC=STROKE,POS}  {NB=JECX-MF-EXLA-80-550(0_body)},{LINA=JECX-MF-EXLA-80-550(0_body)},{KT=DUMMY},{MODEL=JECX},{TYPE=MF},{CT=},{THREAD=EX},{IT=LA},{BORE=80},{STROKE=550},{POS=0},{ST=[5:700]},{PM=},{MM=45},{EA=150},{
100
AcDbAttributeDefinition
  3

  2
PSOL_1
 70
     9
280
     0
 71
     1
 72
     0
 11
0.0
 21
0.0
 31
0.0
  0
ATTDEF
  5
112
330
D8
100
AcDbEntity
  8
AM_6
100
AcDbText
 10
80.0
 20
39.5
 30
0.0
 40
0.5
  1
TW=16},{FB=13.0},{FG=20.0},{BT=13.0},{TS=126},{F=44},{EB=130},{LH=70},{K=36},{ZJ=140},{LL=126},{PC=5},{TX=62},{WF=14},{EF=Φ22X1.8DP底孔Φ14},{EF1=22.500},{DP=2.100},{EF2=14.000},{KK1=M27X2.0},{KK11=27.000},{KK12=2.000},{KK2=M33X2.0},{KK21=33.000},{KK22=2.000
100
AcDbAttributeDefinition
  3

  2
PSOL_2
 70
     9
280
     0
 71
     1
 72
     0
 11
0.0
 21
0.0
 31
0.0
  0
ATTDEF
  5
113
330
D8
100
AcDbEntity
  8
AM_6
100
AcDbText
 10
80.0
 20
39.0
 30
0.0
 40
0.5
  1
},{NBB=42},{A1=50},{NC=30},{ND=20},{NE=20},{N=2.0},{R=2},{S=12},{EF22=14}
100
AcDbAttributeDefinition
  3

  2
PSOL_3
 70
     9
280
     0
 71
     1
 72
     0
 11
0.0
 21
0.0
 31
0.0
  0
CIRCLE
  5
116
330
D8
100
AcDbEntity
  8
AM_9
100
AcDbCircle
 10
0.0
 20
0.0
 30
0.0
 40
40.0
  0
LINE
  5
117
330
D8
100
AcDbEntity
  8
AM_9
100
AcDbLine
 10
75.0
 20
-65.0
 30
0.0
 11
-75.0
 21
-65.0
 31
0.0
  0
LINE
  5
118
330
D8
100
AcDbEntity
  8
AM_9
100
AcDbLine
 10
-56.5
 20
-70.0
 30
0.0
 11
-56.5
 21
47.0
 31
0.0
  0
LINE
  5
119
330
D8
100
AcDbEntity
  8
AM_9
100
AcDbLine
 10
-69.5
 20
47.0
 30
0.0
 11
-69.5
 21
-70.0
 31
0.0
  0
LINE
  5
11A
330
D8
100
AcDbEntity
  8
AM_9
100
AcDbLine
 10
69.5
 20
-70.0
 30
0.0
 11
69.5
 21
47.0
 31
0.0
  0
LINE
  5
11B
330
D8
100
AcDbEntity
  8
AM_9
100
AcDbLine
 10
56.5
 20
47.0
 30
0.0
 11
56.5
 21
-70.0
 31
0.0
  0
LINE
  5
11C
330
D8
100
AcDbEntity
  8
AM_9
100
AcDbLine
 10
-6.999999999999999
 20
-60.0
 30
0.0
 11
6.999999999999999
 21
-60.0
 31
0.0
  0
LINE
  5
11D
330
D8
100
AcDbEntity
  8
AM_9
100
AcDbLine
 10
6.999999999999999
 20
-70.0
 30
0.0
 11
6.999999999999999
 21
-60.0
 31
0.0
  0
LINE
  5
11E
330
D8
100
AcDbEntity
  8
AM_9
100
AcDbLine
 10
-6.999999999999999
 20
-60.0
 30
0.0
 11
-6.999999999999999
 21
-70.0
 31
0.0
  0
LINE
  5
11F
330
D8
100
AcDbEntity
  8
AM_9
100
AcDbLine
 10
8.75
 20
-70.0
 30
0.0
 11
8.75
 21
-67.9
 31
0.0
  0
LINE
  5
120
330
D8
100
AcDbEntity
  8
AM_9
100
AcDbLine
 10
-8.75
 20
-67.9
 30
0.0
 11
-8.75
 21
-70.0
 31
0.0
  0
LINE
  5
121
330
D8
100
AcDbEntity
  8
AM_9
100
AcDbLine
 10
-75.0
 20
47.0
 30
0.0
 11
-53.0
 21
47.0
 31
0.0
  0
LINE
  5
122
330
D8
100
AcDbEntity
  8
AM_9
100
AcDbLine
 10
53.0
 20
47.0
 30
0.0
 11
75.0
 21
47.0
 31
0.0
  0
LINE
  5
123
330
D8
100
AcDbEntity
  8
AM_9
100
AcDbLine
 10
-63.0
 20
47.0
 30
0.0
 11
-63.0
 21
60.0
 31
0.0
  0
LINE
  5
124
330
D8
100
AcDbEntity
  8
AM_9
100
AcDbLine
 10
-53.0
 20
47.0
 30
0.0
 11
-53.0
 21
60.0
 31
0.0
  0
LINE
  5
125
330
D8
100
AcDbEntity
  8
AM_9
100
AcDbLine
 10
63.0
 20
47.0
 30
0.0
 11
63.0
 21
60.0
 31
0.0
  0
LINE
  5
126
330
D8
100
AcDbEntity
  8
AM_9
100
AcDbLine
 10
53.0
 20
60.0
 30
0.0
 11
53.0
 21
47.0
 31
0.0
  0
LINE
  5
127
330
D8
100
AcDbEntity
  8
AM_9
100
AcDbLine
 10
-11.25
 20
-67.9
 30
0.0
 11
11.25
 21
-67.9
 31
0.0
  0
LINE
  5
128
330
D8
100
AcDbEntity
  8
AM_9
100
AcDbLine
 10
11.25
 20
-70.0
 30
0.0
 11
11.25
 21
-67.9
 31
0.0
  0
LINE
  5
129
330
D8
100
AcDbEntity
  8
AM_9
100
AcDbLine
 10
-11.25
 20
-67.9
 30
0.0
 11
-11.25
 21
-70.0
 31
0.0
  0
LINE
  5
12A
330
D8
100
AcDbEntity
  8
AM_9
100
AcDbLine
 10
1.443375672974064
 20
58.00000000000001
 30
0.0
 11
1.443375672974064
 21
60.00000000000002
 31
0.0
  0
LINE
  5
12B
330
D8
100
AcDbEntity
  8
AM_9
100
AcDbLine
 10
-1.443375672974064
 20
58.00000000000001
 30
0.0
 11
-1.443375672974064
 21
60.00000000000002
 31
0.0
  0
LINE
  5
12C
330
D8
100
AcDbEntity
  8
AM_9
100
AcDbLine
 10
-0.7216878364870322
 20
58.00000000000001
 30
0.0
 11
-0.7216878364870322
 21
60.00000000000002
 31
0.0
  0
LINE
  5
12D
330
D8
100
AcDbEntity
  8
AM_9
100
AcDbLine
 10
-1.443375672974064
 20
58.00000000000001
 30
0.0
 11
1.443375672974064
 21
58.00000000000001
 31
0.0
  0
LINE
  5
12E
330
D8
100
AcDbEntity
  8
AM_9
100
AcDbLine
 10
0.7216878364870323
 20
58.00000000000001
 30
0.0
 11
0.7216878364870323
 21
60.00000000000002
 31
0.0
  0
LINE
  5
12F
330
D8
100
AcDbEntity
  8
AM_9
100
AcDbLine
 10
-1.900000000000001
 20
60.00000000000002
 30
0.0
 11
-2.400000000000001
 21
59.50000000000002
 31
0.0
  0
LINE
  5
130
330
D8
100
AcDbEntity
  8
AM_9
100
AcDbLine
 10
2.400000000000001
 20
59.50000000000002
 30
0.0
 11
1.900000000000001
 21
60.00000000000002
 31
0.0
  0
LINE
  5
131
330
D8
100
AcDbEntity
  8
AM_9
100
AcDbLine
 10
-2.4
 20
59.50000000000002
 30
0.0
 11
2.4
 21
59.50000000000002
 31
0.0
  0
LINE
  5
132
330
D8
100
AcDbEntity
  8
AM_9
100
AcDbLine
 10
2.399999999999997
 20
48.0
 30
0.0
 11
2.399999999999997
 21
59.50000000000002
 31
0.0
  0
LINE
  5
133
330
D8
100
AcDbEntity
  8
AM_9
100
AcDbLine
 10
-2.399999999999997
 20
59.50000000000002
 30
0.0
 11
-2.399999999999997
 21
48.0
 31
0.0
  0
LINE
  5
134
330
D8
100
AcDbEntity
  8
AM_9
100
AcDbLine
 10
2.458500000000003
 20
48.54149999999999
 30
0.0
 11
2.458500000000003
 21
59.45850000000002
 31
0.0
  0
LINE
  5
135
330
D8
100
AcDbEntity
  8
AM_9
100
AcDbLine
 10
-2.458500000000003
 20
59.45850000000002
 30
0.0
 11
-2.458500000000003
 21
48.54149999999999
 31
0.0
  0
LINE
  5
136
330
D8
100
AcDbEntity
  8
AM_9
100
AcDbLine
 10
-2.999999999999993
 20
48.0
 30
0.0
 11
2.999999999999993
 21
48.0
 31
0.0
  0
LINE
  5
137
330
D8
100
AcDbEntity
  8
AM_9
100
AcDbLine
 10
-2.4585
 20
48.54149999999999
 30
0.0
 11
2.4585
 21
48.54149999999999
 31
0.0
  0
LINE
  5
138
330
D8
100
AcDbEntity
  8
AM_9
100
AcDbLine
 10
-2.4585
 20
48.54149999999999
 30
0.0
 11
-2.999999999999993
 21
48.0
 31
0.0
  0
LINE
  5
139
330
D8
100
AcDbEntity
  8
AM_9
100
AcDbLine
 10
2.999999999999993
 20
48.0
 30
0.0
 11
2.4585
 21
48.54149999999999
 31
0.0
  0
LINE
  5
13A
330
D8
100
AcDbEntity
  8
AM_9
100
AcDbLine
 10
-2.458500000000006
 20
59.45850000000002
 30
0.0
 11
2.458500000000006
 21
59.45850000000002
 31
0.0
  0
LINE
  5
13B
330
D8
100
AcDbEntity
  8
AM_9
100
AcDbLine
 10
2.458500000000007
 20
59.45850000000002
 30
0.0
 11
3.0
 21
60.00000000000002
 31
0.0
  0
LINE
  5
13C
330
D8
100
AcDbEntity
  8
AM_9
100
AcDbLine
 10
-3.0
 20
60.00000000000002
 30
0.0
 11
-2.458500000000007
 21
59.45850000000002
 31
0.0
  0
LINE
  5
13D
330
D8
100
AcDbEntity
  8
AM_5
  6
Dashed
100
AcDbLine
 10
3.0
 20
60.0
 30
0.0
 11
2.999999999999993
 21
48.0
 31
0.0
  0
LINE
  5
13E
330
D8
100
AcDbEntity
  8
AM_5
  6
Dashed
100
AcDbLine
 10
-3.000000000000003
 20
60.0
 30
0.0
 11
-3.000000000000003
 21
48.0
 31
0.0
  0
LINE
  5
141
330
D8
100
AcDbEntity
  8
AM_7
100
AcDbLine
 10
-3.149999999999995
 20
35.0
 30
0.0
 11
3.149999999999995
 21
35.0
 31
0.0
  0
LINE
  5
142
330
D8
100
AcDbEntity
  8
AM_7
100
AcDbLine
 10
-3.150000000000003
 20
-35.0
 30
0.0
 11
3.150000000000003
 21
-35.0
 31
0.0
  0
LINE
  5
143
330
D8
100
AcDbEntity
  8
AM_7
100
AcDbLine
 10
-47.25
 20
0.0
 30
0.0
 11
47.25
 21
0.0
 31
0.0
  0
LINE
  5
144
330
D8
100
AcDbEntity
  8
AM_7
100
AcDbLine
 10
0.0
 20
-47.25
 30
0.0
 11
0.0
 21
47.25
 31
0.0
  0
LINE
  5
145
330
D8
100
AcDbEntity
  8
AM_7
100
AcDbLine
 10
-63.0
 20
66.5
 30
0.0
 11
-63.0
 21
-76.5
 31
0.0
  0
LINE
  5
146
330
D8
100
AcDbEntity
  8
AM_7
100
AcDbLine
 10
63.0
 20
66.5
 30
0.0
 11
63.0
 21
-76.5
 31
0.0
  0
LINE
  5
147
330
D8
100
AcDbEntity
  8
AM_7
100
AcDbLine
 10
0.0
 20
-59.5
 30
0.0
 11
0.0
 21
-70.5
 31
0.0
  0
LINE
  5
148
330
D8
100
AcDbEntity
  8
AM_7
100
AcDbLine
 10
0.0
 20
60.60000000000002
 30
0.0
 11
0.0
 21
47.4
 31
0.0
  0
CIRCLE
  5
149
330
D8
100
AcDbEntity
  8
AM_0
100
AcDbCircle
 10
0.0
 20
35.0
 30
0.0
 40
2.999999999999996
  0
CIRCLE
  5
14A
330
D8
100
AcDbEntity
  8
AM_0
100
AcDbCircle
 10
0.0
 20
-35.0
 30
0.0
 40
3.000000000000003
  0
CIRCLE
  5
14B
330
D8
100
AcDbEntity
  8
AM_0
100
AcDbCircle
 10
0.0
 20
0.0
 30
0.0
 40
44.0
  0
LINE
  5
14C
330
D8
100
AcDbEntity
  8
AM_0
100
AcDbLine
 10
-75.0
 20
57.0
 30
0.0
 11
-75.0
 21
-70.0
 31
0.0
  0
LINE
  5
14D
330
D8
100
AcDbEntity
  8
AM_0
100
AcDbLine
 10
-72.00000000000001
 20
60.0
 30
0.0
 11
-75.0
 21
57.0
 31
0.0
  0
LINE
  5
14E
330
D8
100
AcDbEntity
  8
AM_0
100
AcDbLine
 10
75.0
 20
56.99999999999999
 30
0.0
 11
72.00000000000001
 21
60.0
 31
0.0
  0
LINE
  5
14F
330
D8
100
AcDbEntity
  8
AM_0
100
AcDbLine
 10
-75.0
 20
-70.0
 30
0.0
 11
75.0
 21
-70.0
 31
0.0
  0
LINE
  5
150
330
D8
100
AcDbEntity
  8
AM_0
100
AcDbLine
 10
72.00000000000001
 20
60.0
 30
0.0
 11
-72.00000000000001
 21
60.0
 31
0.0
  0
CIRCLE
  5
151
330
D8
100
AcDbEntity
  8
AM_0
100
AcDbCircle
 10
0.0
 20
0.0
 30
0.0
 40
45.0
  0
LINE
  5
152
330
D8
100
AcDbEntity
  8
AM_0
100
AcDbLine
 10
75.0
 20
-70.0
 30
0.0
 11
75.0
 21
56.99999999999999
 31
0.0
  0
ENDBLK
  5
DB
330
D8
100
AcDbEntity
  8
0
100
AcDbBlockEnd
  0
BLOCK
  5
156
330
155
100
AcDbEntity
  8
0
100
AcDbBlockBegin
  2
*D3
 70
     1
 10
0.0
 20
0.0
 30
0.0
  3
*D3
  1

  0
LINE
  5
158
330
155
100
AcDbEntity
  8
AM_5
 62
     0
370
    -2
100
AcDbLine
 10
-63.0
 20
60.0
 30
0.0
 11
-63.0
 21
70.0
 31
0.0
  0
LINE
  5
159
330
155
100
AcDbEntity
  8
AM_5
 62
     0
370
    -2
100
AcDbLine
 10
63.0
 20
60.0
 30
0.0
 11
63.0
 21
70.0
 31
0.0
  0
LINE
  5
15A
330
155
100
AcDbEntity
  8
AM_5
 62
     0
370
    -2
100
AcDbLine
 10
-58.83333333333334
 20
70.0
 30
0.0
 11
58.83333333333334
 21
70.0
 31
0.0
  0
SOLID
  5
15B
330
155
100
AcDbEntity
  8
AM_5
 62
     0
100
AcDbTrace
 10
-58.83333333333334
 20
70.69444444444444
 30
0.0
 11
-58.83333333333334
 21
69.30555555555556
 31
0.0
 12
-63.0
 22
70.0
 32
0.0
 13
-63.0
 23
70.0
 33
0.0
  0
SOLID
  5
15C
330
155
100
AcDbEntity
  8
AM_5
 62
     0
100
AcDbTrace
 10
58.83333333333334
 20
69.30555555555556
 30
0.0
 11
58.83333333333334
 21
70.69444444444444
 31
0.0
 12
63.0
 22
70.0
 32
0.0
 13
63.0
 23
70.0
 33
0.0
  0
MTEXT
  5
15D
330
155
100
AcDbEntity
  8
AM_5
 62
     0
100
AcDbMText
 10
0.0
 20
74.05254237288136
 30
0.0
 40
5.0
 41
0.0
 46
0.0
 71
     5
 72
     1
  1
126
 73
     1
 44
1.0
  0
POINT
  5
15E
330
155
100
AcDbEntity
  8
Defpoints
 62
     0
100
AcDbPoint
 10
-63.0
 20
60.0
 30
0.0
  0
POINT
  5
15F
330
155
100
AcDbEntity
  8
Defpoints
 62
     0
100
AcDbPoint
 10
63.0
 20
60.0
 30
0.0
  0
POINT
  5
160
330
155
100
AcDbEntity
  8
Defpoints
 62
     0
100
AcDbPoint
 10
63.0
 20
70.0
 30
0.0
  0
ENDBLK
  5
157
330
155
100
AcDbEntity
  8
0
100
AcDbBlockEnd
  0
BLOCK
  5
163
330
162
100
AcDbEntity
  8
0
100
AcDbBlockBegin
  2
*D4
 70
     1
 10
0.0
 20
0.0
 30
0.0
  3
*D4
  1

  0
LINE
  5
165
330
162
100
AcDbEntity
  8
AM_5
 62
     0
370
    -2
100
AcDbLine
 10
-72.0
 20
60.0
 30
0.0
 11
-100.0
 21
60.0
 31
0.0
  0
LINE
  5
166
330
162
100
AcDbEntity
  8
AM_5
 62
     0
370
    -2
100
AcDbLine
 10
-75.0
 20
-70.0
 30
0.0
 11
-100.0
 21
-70.0
 31
0.0
  0
LINE
  5
167
330
162
100
AcDbEntity
  8
AM_5
 62
     0
370
    -2
100
AcDbLine
 10
-100.0
 20
55.83333333333334
 30
0.0
 11
-100.0
 21
1.966101694915253
 31
0.0
  0
LINE
  5
168
330
162
100
AcDbEntity
  8
AM_5
 62
     0
370
    -2
100
AcDbLine
 10
-100.0
 20
-65.83333333333333
 30
0.0
 11
-100.0
 21
-11.96610169491525
 31
0.0
  0
SOLID
  5
169
330
162
100
AcDbEntity
  8
AM_5
 62
     0
100
AcDbTrace
 10
-99.30555555555556
 20
55.83333333333334
 30
0.0
 11
-100.6944444444444
 21
55.83333333333334
 31
0.0
 12
-100.0
 22
60.0
 32
0.0
 13
-100.0
 23
60.0
 33
0.0
  0
SOLID
  5
16A
330
162
100
AcDbEntity
  8
AM_5
 62
     0
100
AcDbTrace
 10
-100.6944444444444
 20
-65.83333333333333
 30
0.0
 11
-99.30555555555556
 21
-65.83333333333333
 31
0.0
 12
-100.0
 22
-70.0
 32
0.0
 13
-100.0
 23
-70.0
 33
0.0
  0
MTEXT
  5
16B
330
162
100
AcDbEntity
  8
AM_5
 62
     0
100
AcDbMText
 10
-100.0
 20
-5.0
 30
0.0
 40
5.0
 41
0.0
 46
0.0
 71
     5
 72
     1
  1
130
 11
6.123233995736766E-17
 21
1.0
 31
0.0
 73
     1
 44
1.0
  0
POINT
  5
16C
330
162
100
AcDbEntity
  8
Defpoints
 62
     0
100
AcDbPoint
 10
-72.0
 20
60.0
 30
0.0
  0
POINT
  5
16D
330
162
100
AcDbEntity
  8
Defpoints
 62
     0
100
AcDbPoint
 10
-75.0
 20
-70.0
 30
0.0
  0
POINT
  5
16E
330
162
100
AcDbEntity
  8
Defpoints
 62
     0
100
AcDbPoint
 10
-100.0
 20
-70.0
 30
0.0
  0
ENDBLK
  5
164
330
162
100
AcDbEntity
  8
0
100
AcDbBlockEnd
  0
BLOCK
  5
171
330
170
100
AcDbEntity
  8
0
100
AcDbBlockBegin
  2
*D5
 70
     1
 10
0.0
 20
0.0
 30
0.0
  3
*D5
  1

  0
LINE
  5
173
330
170
100
AcDbEntity
  8
AM_5
 62
     0
370
    -2
100
AcDbLine
 10
0.0
 20
0.0
 30
0.0
 11
-92.5
 21
0.0000000000000014
 31
0.0
  0
LINE
  5
174
330
170
100
AcDbEntity
  8
AM_5
 62
     0
370
    -2
100
AcDbLine
 10
-75.0
 20
-70.0
 30
0.0
 11
-92.5
 21
-70.0
 31
0.0
  0
LINE
  5
175
330
170
100
AcDbEntity
  8
AM_5
 62
     0
370
    -2
100
AcDbLine
 10
-92.5
 20
-4.166666666666665
 30
0.0
 11
-92.5
 21
-29.72203389830509
 31
0.0
  0
LINE
  5
176
330
170
100
AcDbEntity
  8
AM_5
 62
     0
370
    -2
100
AcDbLine
 10
-92.5
 20
-65.83333333333333
 30
0.0
 11
-92.5
 21
-40.27796610169491
 31
0.0
  0
SOLID
  5
177
330
170
100
AcDbEntity
  8
AM_5
 62
     0
100
AcDbTrace
 10
-91.80555555555556
 20
-4.166666666666665
 30
0.0
 11
-93.19444444444444
 21
-4.166666666666665
 31
0.0
 12
-92.5
 22
0.0000000000000014
 32
0.0
 13
-92.5
 23
0.0000000000000014
 33
0.0
  0
SOLID
  5
178
330
170
100
AcDbEntity
  8
AM_5
 62
     0
100
AcDbTrace
 10
-93.19444444444444
 20
-65.83333333333333
 30
0.0
 11
-91.80555555555556
 21
-65.83333333333333
 31
0.0
 12
-92.5
 22
-70.0
 32
0.0
 13
-92.5
 23
-70.0
 33
0.0
  0
MTEXT
  5
179
330
170
100
AcDbEntity
  8
AM_5
 62
     0
100
AcDbMText
 10
-92.5
 20
-35.0
 30
0.0
 40
5.0
 41
0.0
 46
0.0
 71
     5
 72
     1
  1
70
 11
6.123233995736766E-17
 21
1.0
 31
0.0
 73
     1
 44
1.0
  0
POINT
  5
17A
330
170
100
AcDbEntity
  8
Defpoints
 62
     0
100
AcDbPoint
 10
0.0
 20
0.0
 30
0.0
  0
POINT
  5
17B
330
170
100
AcDbEntity
  8
Defpoints
 62
     0
100
AcDbPoint
 10
-75.0
 20
-70.0
 30
0.0
  0
POINT
  5
17C
330
170
100
AcDbEntity
  8
Defpoints
 62
     0
100
AcDbPoint
 10
-92.5
 20
-70.0
 30
0.0
  0
ENDBLK
  5
172
330
170
100
AcDbEntity
  8
0
100
AcDbBlockEnd
  0
BLOCK
  5
1E0
330
1DF
100
AcDbEntity
  8
0
100
AcDbBlockBegin
  2
1_JECX_MF_INLA_80_550_0_rod__0_in_JECX_MF_160_INLA_80_550_0__4
 70
     2
 10
0.0
 20
0.0
 30
0.0
  3
1_JECX_MF_INLA_80_550_0_rod__0_in_JECX_MF_160_INLA_80_550_0__4
  1

  0
ATTDEF
  5
1E1
330
1DF
100
AcDbEntity
  8
AM_6
100
AcDbText
 10
45.0
 20
700.0
 30
0.0
 40
0.5
  1
JECX-MF-INLA-80-550(0_rod)
100
AcDbAttributeDefinition
  3

  2
NB
 70
     8
280
     0
 71
     1
 72
     0
 11
0.0
 21
0.0
 31
0.0
  0
ATTDEF
  5
1E2
330
1DF
100
AcDbEntity
  8
AM_6
100
AcDbText
 10
45.0
 20
699.5
 30
0.0
 40
0.5
  1
JECX
100
AcDbAttributeDefinition
  3

  2
NN
 70
     8
280
     0
 71
     1
 72
     0
 11
0.0
 21
0.0
 31
0.0
  0
ATTDEF
  5
1E3
330
1DF
100
AcDbEntity
  8
AM_6
100
AcDbText
 10
45.0
 20
699.0
 30
0.0
 40
0.5
  1
Europe thin cylinder
100
AcDbAttributeDefinition
  3

  2
NT
 70
     8
280
     0
 71
     1
 72
     0
 11
0.0
 21
0.0
 31
0.0
  0
ATTDEF
  5
1E4
330
1DF
100
AcDbEntity
  8
AM_6
100
AcDbText
 10
45.0
 20
698.5
 30
0.0
 40
0.5
  1
$MODEL.-$TYPE.$CT.-$THREAD.$IT.-$BORE.-$STROKE.$PM.($POS._rod)
100
AcDbAttributeDefinition
  3

  2
NBSYN
 70
     8
280
     0
 71
     1
 72
     0
 11
0.0
 21
0.0
 31
0.0
  0
ATTDEF
  5
1E5
330
1DF
100
AcDbEntity
  8
AM_6
100
AcDbText
 10
45.0
 20
698.0
 30
0.0
 40
0.5
  1
JECX-MF-INLA-80-550(0_rod)
100
AcDbAttributeDefinition
  3

  2
LINA
 70
     8
280
     0
 71
     1
 72
     0
 11
0.0
 21
0.0
 31
0.0
  0
ATTDEF
  5
1E6
330
1DF
100
AcDbEntity
  8
AM_6
100
AcDbText
 10
45.0
 20
697.5
 30
0.0
 40
0.5
  1
JUFAN
100
AcDbAttributeDefinition
  3

  2
CATALOG
 70
     8
280
     0
 71
     1
 72
     0
 11
0.0
 21
0.0
 31
0.0
  0
ATTDEF
  5
1E7
330
1DF
100
AcDbEntity
  8
AM_6
100
AcDbText
 10
45.0
 20
697.0
 30
0.0
 40
0.5
  1
JECX
100
AcDbAttributeDefinition
  3

  2
MODEL
 70
     8
280
     0
 71
     1
 72
     0
 11
0.0
 21
0.0
 31
0.0
  0
ATTDEF
  5
1E8
330
1DF
100
AcDbEntity
  8
AM_6
100
AcDbText
 10
45.0
 20
696.5
 30
0.0
 40
0.5
  1
MF:Oil circuit board
100
AcDbAttributeDefinition
  3

  2
TYPE
 70
     8
280
     0
 71
     1
 72
     0
 11
0.0
 21
0.0
 31
0.0
  0
ATTDEF
  5
1E9
330
1DF
100
AcDbEntity
  8
AM_6
100
AcDbText
 10
45.0
 20
696.0
 30
0.0
 40
0.5
  1
Blank:standard
100
AcDbAttributeDefinition
  3

  2
CT
 70
     8
280
     0
 71
     1
 72
     0
 11
0.0
 21
0.0
 31
0.0
  0
ATTDEF
  5
1EA
330
1DF
100
AcDbEntity
  8
AM_6
100
AcDbText
 10
45.0
 20
695.5
 30
0.0
 40
0.5
  1
IN:InnerKK1
100
AcDbAttributeDefinition
  3

  2
THREAD
 70
     8
280
     0
 71
     1
 72
     0
 11
0.0
 21
0.0
 31
0.0
  0
ATTDEF
  5
1EB
330
1DF
100
AcDbEntity
  8
AM_6
100
AcDbText
 10
45.0
 20
695.0
 30
0.0
 40
0.5
  1
LA:Radial type
100
AcDbAttributeDefinition
  3

  2
IT
 70
     8
280
     0
 71
     1
 72
     0
 11
0.0
 21
0.0
 31
0.0
  0
ATTDEF
  5
1EC
330
1DF
100
AcDbEntity
  8
AM_6
100
AcDbText
 10
45.0
 20
694.5
 30
0.0
 40
0.5
  1
80
100
AcDbAttributeDefinition
  3

  2
BORE
 70
     8
280
     0
 71
     1
 72
     0
 11
0.0
 21
0.0
 31
0.0
  0
ATTDEF
  5
1ED
330
1DF
100
AcDbEntity
  8
AM_6
100
AcDbText
 10
45.0
 20
694.0
 30
0.0
 40
0.5
  1
550
100
AcDbAttributeDefinition
  3

  2
STROKE
 70
     8
280
     0
 71
     1
 72
     0
 11
0.0
 21
0.0
 31
0.0
  0
ATTDEF
  5
1EE
330
1DF
100
AcDbEntity
  8
AM_6
100
AcDbText
 10
45.0
 20
693.5
 30
0.0
 40
0.5
  1
0
100
AcDbAttributeDefinition
  3

  2
POS
 70
     8
280
     0
 71
     1
 72
     0
 11
0.0
 21
0.0
 31
0.0
  0
ATTDEF
  5
1EF
330
1DF
100
AcDbEntity
  8
AM_6
100
AcDbText
 10
45.0
 20
693.0
 30
0.0
 40
0.5
  1
[5:700]
100
AcDbAttributeDefinition
  3

  2
ST
 70
     8
280
     0
 71
     1
 72
     0
 11
0.0
 21
0.0
 31
0.0
  0
ATTDEF
  5
1F0
330
1DF
100
AcDbEntity
  8
AM_6
100
AcDbText
 10
45.0
 20
692.5
 30
0.0
 40
0.5
  1
1：(PU) (standard usage)
100
AcDbAttributeDefinition
  3

  2
PM
 70
     8
280
     0
 71
     1
 72
     0
 11
0.0
 21
0.0
 31
0.0
  0
ATTDEF
  5
1F1
330
1DF
100
AcDbEntity
  8
AM_6
100
AcDbText
 10
45.0
 20
692.0
 30
0.0
 40
0.5
  1
45
100
AcDbAttributeDefinition
  3

  2
MM
 70
     8
280
     0
 71
     1
 72
     0
 11
0.0
 21
0.0
 31
0.0
  0
ATTDEF
  5
1F2
330
1DF
100
AcDbEntity
  8
AM_6
100
AcDbText
 10
45.0
 20
691.5
 30
0.0
 40
0.5
  1
150
100
AcDbAttributeDefinition
  3

  2
EA
 70
     8
280
     0
 71
     1
 72
     0
 11
0.0
 21
0.0
 31
0.0
  0
ATTDEF
  5
1F3
330
1DF
100
AcDbEntity
  8
AM_6
100
AcDbText
 10
45.0
 20
691.0
 30
0.0
 40
0.5
  1
16
100
AcDbAttributeDefinition
  3

  2
TW
 70
     8
280
     0
 71
     1
 72
     0
 11
0.0
 21
0.0
 31
0.0
  0
ATTDEF
  5
1F4
330
1DF
100
AcDbEntity
  8
AM_6
100
AcDbText
 10
45.0
 20
690.5
 30
0.0
 40
0.5
  1
13.0
100
AcDbAttributeDefinition
  3

  2
FB
 70
     8
280
     0
 71
     1
 72
     0
 11
0.0
 21
0.0
 31
0.0
  0
ATTDEF
  5
1F5
330
1DF
100
AcDbEntity
  8
AM_6
100
AcDbText
 10
45.0
 20
690.0
 30
0.0
 40
0.5
  1
20.0
100
AcDbAttributeDefinition
  3

  2
FG
 70
     8
280
     0
 71
     1
 72
     0
 11
0.0
 21
0.0
 31
0.0
  0
ATTDEF
  5
1F6
330
1DF
100
AcDbEntity
  8
AM_6
100
AcDbText
 10
45.0
 20
689.5
 30
0.0
 40
0.5
  1
13.0
100
AcDbAttributeDefinition
  3

  2
BT
 70
     8
280
     0
 71
     1
 72
     0
 11
0.0
 21
0.0
 31
0.0
  0
ATTDEF
  5
1F7
330
1DF
100
AcDbEntity
  8
AM_6
100
AcDbText
 10
45.0
 20
689.0
 30
0.0
 40
0.5
  1
126
100
AcDbAttributeDefinition
  3

  2
TS
 70
     8
280
     0
 71
     1
 72
     0
 11
0.0
 21
0.0
 31
0.0
  0
ATTDEF
  5
1F8
330
1DF
100
AcDbEntity
  8
AM_6
100
AcDbText
 10
45.0
 20
688.5
 30
0.0
 40
0.5
  1
44
100
AcDbAttributeDefinition
  3

  2
F
 70
     8
280
     0
 71
     1
 72
     0
 11
0.0
 21
0.0
 31
0.0
  0
ATTDEF
  5
1F9
330
1DF
100
AcDbEntity
  8
AM_6
100
AcDbText
 10
45.0
 20
688.0
 30
0.0
 40
0.5
  1
130
100
AcDbAttributeDefinition
  3

  2
EB
 70
     8
280
     0
 71
     1
 72
     0
 11
0.0
 21
0.0
 31
0.0
  0
ATTDEF
  5
1FA
330
1DF
100
AcDbEntity
  8
AM_6
100
AcDbText
 10
45.0
 20
687.5
 30
0.0
 40
0.5
  1
70
100
AcDbAttributeDefinition
  3

  2
LH
 70
     8
280
     0
 71
     1
 72
     0
 11
0.0
 21
0.0
 31
0.0
  0
ATTDEF
  5
1FB
330
1DF
100
AcDbEntity
  8
AM_6
100
AcDbText
 10
45.0
 20
687.0
 30
0.0
 40
0.5
  1
36
100
AcDbAttributeDefinition
  3

  2
K
 70
     8
280
     0
 71
     1
 72
     0
 11
0.0
 21
0.0
 31
0.0
  0
ATTDEF
  5
1FC
330
1DF
100
AcDbEntity
  8
AM_6
100
AcDbText
 10
45.0
 20
686.5
 30
0.0
 40
0.5
  1
140
100
AcDbAttributeDefinition
  3

  2
ZJ
 70
     8
280
     0
 71
     1
 72
     0
 11
0.0
 21
0.0
 31
0.0
  0
ATTDEF
  5
1FD
330
1DF
100
AcDbEntity
  8
AM_6
100
AcDbText
 10
45.0
 20
686.0
 30
0.0
 40
0.5
  1
126
100
AcDbAttributeDefinition
  3

  2
LL
 70
     8
280
     0
 71
     1
 72
     0
 11
0.0
 21
0.0
 31
0.0
  0
ATTDEF
  5
1FE
330
1DF
100
AcDbEntity
  8
AM_6
100
AcDbText
 10
45.0
 20
685.5
 30
0.0
 40
0.5
  1
5
100
AcDbAttributeDefinition
  3

  2
PC
 70
     8
280
     0
 71
     1
 72
     0
 11
0.0
 21
0.0
 31
0.0
  0
ATTDEF
  5
1FF
330
1DF
100
AcDbEntity
  8
AM_6
100
AcDbText
 10
45.0
 20
685.0
 30
0.0
 40
0.5
  1
62
100
AcDbAttributeDefinition
  3

  2
TX
 70
     8
280
     0
 71
     1
 72
     0
 11
0.0
 21
0.0
 31
0.0
  0
ATTDEF
  5
200
330
1DF
100
AcDbEntity
  8
AM_6
100
AcDbText
 10
45.0
 20
684.5
 30
0.0
 40
0.5
  1
14
100
AcDbAttributeDefinition
  3

  2
WF
 70
     8
280
     0
 71
     1
 72
     0
 11
0.0
 21
0.0
 31
0.0
  0
ATTDEF
  5
201
330
1DF
100
AcDbEntity
  8
AM_6
100
AcDbText
 10
45.0
 20
684.0
 30
0.0
 40
0.5
  1
Φ22X1.8DP底孔Φ14
100
AcDbAttributeDefinition
  3

  2
EF
 70
     8
280
     0
 71
     1
 72
     0
 11
0.0
 21
0.0
 31
0.0
  0
ATTDEF
  5
202
330
1DF
100
AcDbEntity
  8
AM_6
100
AcDbText
 10
45.0
 20
683.5
 30
0.0
 40
0.5
  1
22.000
100
AcDbAttributeDefinition
  3

  2
EF1
 70
     8
280
     0
 71
     1
 72
     0
 11
0.0
 21
0.0
 31
0.0
  0
ATTDEF
  5
203
330
1DF
100
AcDbEntity
  8
AM_6
100
AcDbText
 10
45.0
 20
683.0
 30
0.0
 40
0.5
  1
1.800
100
AcDbAttributeDefinition
  3

  2
DP
 70
     8
280
     0
 71
     1
 72
     0
 11
0.0
 21
0.0
 31
0.0
  0
ATTDEF
  5
204
330
1DF
100
AcDbEntity
  8
AM_6
100
AcDbText
 10
45.0
 20
682.5
 30
0.0
 40
0.5
  1
14.000
100
AcDbAttributeDefinition
  3

  2
EF2
 70
     8
280
     0
 71
     1
 72
     0
 11
0.0
 21
0.0
 31
0.0
  0
ATTDEF
  5
205
330
1DF
100
AcDbEntity
  8
AM_6
100
AcDbText
 10
45.0
 20
682.0
 30
0.0
 40
0.5
  1
M27X2.0
100
AcDbAttributeDefinition
  3

  2
KK1
 70
     8
280
     0
 71
     1
 72
     0
 11
0.0
 21
0.0
 31
0.0
  0
ATTDEF
  5
206
330
1DF
100
AcDbEntity
  8
AM_6
100
AcDbText
 10
45.0
 20
681.5
 30
0.0
 40
0.5
  1
27.000
100
AcDbAttributeDefinition
  3

  2
KK11
 70
     8
280
     0
 71
     1
 72
     0
 11
0.0
 21
0.0
 31
0.0
  0
ATTDEF
  5
207
330
1DF
100
AcDbEntity
  8
AM_6
100
AcDbText
 10
45.0
 20
681.0
 30
0.0
 40
0.5
  1
2.000
100
AcDbAttributeDefinition
  3

  2
KK12
 70
     8
280
     0
 71
     1
 72
     0
 11
0.0
 21
0.0
 31
0.0
  0
ATTDEF
  5
208
330
1DF
100
AcDbEntity
  8
AM_6
100
AcDbText
 10
45.0
 20
680.5
 30
0.0
 40
0.5
  1
M33X2.0
100
AcDbAttributeDefinition
  3

  2
KK2
 70
     8
280
     0
 71
     1
 72
     0
 11
0.0
 21
0.0
 31
0.0
  0
ATTDEF
  5
209
330
1DF
100
AcDbEntity
  8
AM_6
100
AcDbText
 10
45.0
 20
680.0
 30
0.0
 40
0.5
  1
33.000
100
AcDbAttributeDefinition
  3

  2
KK21
 70
     8
280
     0
 71
     1
 72
     0
 11
0.0
 21
0.0
 31
0.0
  0
ATTDEF
  5
20A
330
1DF
100
AcDbEntity
  8
AM_6
100
AcDbText
 10
45.0
 20
679.5
 30
0.0
 40
0.5
  1
2.000
100
AcDbAttributeDefinition
  3

  2
KK22
 70
     8
280
     0
 71
     1
 72
     0
 11
0.0
 21
0.0
 31
0.0
  0
ATTDEF
  5
20B
330
1DF
100
AcDbEntity
  8
AM_6
100
AcDbText
 10
45.0
 20
679.0
 30
0.0
 40
0.5
  1
42
100
AcDbAttributeDefinition
  3

  2
NBB
 70
     8
280
     0
 71
     1
 72
     0
 11
0.0
 21
0.0
 31
0.0
  0
ATTDEF
  5
20C
330
1DF
100
AcDbEntity
  8
AM_6
100
AcDbText
 10
45.0
 20
678.5
 30
0.0
 40
0.5
  1
50
100
AcDbAttributeDefinition
  3

  2
A1
 70
     8
280
     0
 71
     1
 72
     0
 11
0.0
 21
0.0
 31
0.0
  0
ATTDEF
  5
20D
330
1DF
100
AcDbEntity
  8
AM_6
100
AcDbText
 10
45.0
 20
678.0
 30
0.0
 40
0.5
  1
30
100
AcDbAttributeDefinition
  3

  2
NC
 70
     8
280
     0
 71
     1
 72
     0
 11
0.0
 21
0.0
 31
0.0
  0
ATTDEF
  5
20E
330
1DF
100
AcDbEntity
  8
AM_6
100
AcDbText
 10
45.0
 20
677.5
 30
0.0
 40
0.5
  1
20
100
AcDbAttributeDefinition
  3

  2
ND
 70
     8
280
     0
 71
     1
 72
     0
 11
0.0
 21
0.0
 31
0.0
  0
ATTDEF
  5
20F
330
1DF
100
AcDbEntity
  8
AM_6
100
AcDbText
 10
45.0
 20
677.0
 30
0.0
 40
0.5
  1
20
100
AcDbAttributeDefinition
  3

  2
NE
 70
     8
280
     0
 71
     1
 72
     0
 11
0.0
 21
0.0
 31
0.0
  0
ATTDEF
  5
210
330
1DF
100
AcDbEntity
  8
AM_6
100
AcDbText
 10
45.0
 20
676.5
 30
0.0
 40
0.5
  1
2.0
100
AcDbAttributeDefinition
  3

  2
N
 70
     8
280
     0
 71
     1
 72
     0
 11
0.0
 21
0.0
 31
0.0
  0
ATTDEF
  5
211
330
1DF
100
AcDbEntity
  8
AM_6
100
AcDbText
 10
45.0
 20
676.0
 30
0.0
 40
0.5
  1
2
100
AcDbAttributeDefinition
  3

  2
R
 70
     8
280
     0
 71
     1
 72
     0
 11
0.0
 21
0.0
 31
0.0
  0
ATTDEF
  5
212
330
1DF
100
AcDbEntity
  8
AM_6
100
AcDbText
 10
45.0
 20
675.5
 30
0.0
 40
0.5
  1
12
100
AcDbAttributeDefinition
  3

  2
S
 70
     8
280
     0
 71
     1
 72
     0
 11
0.0
 21
0.0
 31
0.0
  0
ATTDEF
  5
213
330
1DF
100
AcDbEntity
  8
AM_6
100
AcDbText
 10
45.0
 20
675.0
 30
0.0
 40
0.5
  1
16.500
100
AcDbAttributeDefinition
  3

  2
A
 70
     8
280
     0
 71
     1
 72
     0
 11
0.0
 21
0.0
 31
0.0
  0
ATTDEF
  5
214
330
1DF
100
AcDbEntity
  8
AM_6
100
AcDbText
 10
45.0
 20
674.5
 30
0.0
 40
0.5
  1
50.000
100
AcDbAttributeDefinition
  3

  2
SS
 70
     8
280
     0
 71
     1
 72
     0
 11
0.0
 21
0.0
 31
0.0
  0
ATTDEF
  5
215
330
1DF
100
AcDbEntity
  8
AM_6
100
AcDbText
 10
45.0
 20
674.0
 30
0.0
 40
0.5
  1
3.000
100
AcDbAttributeDefinition
  3

  2
K13
 70
     8
280
     0
 71
     1
 72
     0
 11
0.0
 21
0.0
 31
0.0
  0
ATTDEF
  5
216
330
1DF
100
AcDbEntity
  8
AM_6
100
AcDbText
 10
45.0
 20
673.5
 30
0.0
 40
0.5
  1
jufan
100
AcDbAttributeDefinition
  3

  2
COMPANY
 70
     8
280
     0
 71
     1
 72
     0
 11
0.0
 21
0.0
 31
0.0
  0
ATTDEF
  5
217
330
1DF
100
AcDbEntity
  8
AM_6
100
AcDbText
 10
45.0
 20
673.0
 30
0.0
 40
0.5
  1
{$CADENAS_DATA/23d-libs/jufan/oil_pressure_product/jecx/parts/jecx_rod.prj},231 {VTYP=3D},{NB=JECX-MF-INLA-80-550(0_rod)},{LINA=JECX-MF-INLA-80-550(0_rod)},{NN=JECX},{DATE=05.09.2023 02:33:13},{GEOMDATE=02.11.2021 03:34:35},{VERSION=},{LINEID=60},{WBVAR=T
100
AcDbAttributeDefinition
  3

  2
PSOL_0
 70
     9
280
     0
 71
     1
 72
     0
 11
0.0
 21
0.0
 31
0.0
  0
ATTDEF
  5
218
330
1DF
100
AcDbEntity
  8
AM_6
100
AcDbText
 10
45.0
 20
672.5
 30
0.0
 40
0.5
  1
YPE,CT,THREAD,IT,STROKE,POS,PM},{WBNUMERIC=STROKE,POS}  {NB=JECX-MF-INLA-80-550(0_rod)},{LINA=JECX-MF-INLA-80-550(0_rod)},{KT=DUMMY},{MODEL=JECX},{TYPE=MF},{CT=},{THREAD=IN},{IT=LA},{BORE=80},{STROKE=550},{POS=0},{ST=[5:700]},{PM=},{MM=45},{EA=150},{TW=16
100
AcDbAttributeDefinition
  3

  2
PSOL_1
 70
     9
280
     0
 71
     1
 72
     0
 11
0.0
 21
0.0
 31
0.0
  0
ATTDEF
  5
219
330
1DF
100
AcDbEntity
  8
AM_6
100
AcDbText
 10
45.0
 20
672.0
 30
0.0
 40
0.5
  1
},{FB=13.0},{FG=20.0},{BT=13.0},{TS=126},{F=44},{EB=130},{LH=70},{K=36},{ZJ=140},{LL=126},{PC=5},{TX=62},{WF=14},{EF=Φ22X1.8DP底孔Φ14},{EF1=22.000},{DP=1.800},{EF2=14.000},{KK1=M27X2.0},{KK11=27.000},{KK12=2.000},{KK2=M33X2.0},{KK21=33.000},{KK22=2.000},{NB
100
AcDbAttributeDefinition
  3

  2
PSOL_2
 70
     9
280
     0
 71
     1
 72
     0
 11
0.0
 21
0.0
 31
0.0
  0
ATTDEF
  5
21A
330
1DF
100
AcDbEntity
  8
AM_6
100
AcDbText
 10
45.0
 20
671.5
 30
0.0
 40
0.5
  1
B=42},{A1=50},{NC=30},{ND=20},{NE=20},{N=2.0},{R=2},{S=12},{A=16.500},{SS=50.000},{K13=3.000}
100
AcDbAttributeDefinition
  3

  2
PSOL_3
 70
     9
280
     0
 71
     1
 72
     0
 11
0.0
 21
0.0
 31
0.0
  0
LINE
  5
21B
330
1DF
100
AcDbEntity
  8
AM_9
100
AcDbLine
 10
0.0
 20
46.16924696766218
 30
0.0
 11
-12.4175
 21
39.00000000000001
 31
0.0
  0
LINE
  5
21C
330
1DF
100
AcDbEntity
  8
AM_9
100
AcDbLine
 10
12.4175
 20
39.00000000000001
 30
0.0
 11
0.0
 21
46.16924696766218
 31
0.0
  0
LINE
  5
21D
330
1DF
100
AcDbEntity
  8
AM_9
100
AcDbLine
 10
-12.4175
 20
39.00000000000001
 30
0.0
 11
12.4175
 21
39.00000000000001
 31
0.0
  0
LINE
  5
21E
330
1DF
100
AcDbEntity
  8
AM_9
100
AcDbLine
 10
12.4175
 20
-12.9175
 30
0.0
 11
12.4175
 21
39.00000000000001
 31
0.0
  0
LINE
  5
21F
330
1DF
100
AcDbEntity
  8
AM_9
100
AcDbLine
 10
-12.4175
 20
39.00000000000001
 30
0.0
 11
-12.4175
 21
-12.9175
 31
0.0
  0
LINE
  5
220
330
1DF
100
AcDbEntity
  8
AM_9
100
AcDbLine
 10
-12.4175
 20
-12.9175
 30
0.0
 11
12.4175
 21
-12.9175
 31
0.0
  0
LINE
  5
221
330
1DF
100
AcDbEntity
  8
AM_9
100
AcDbLine
 10
-12.4175
 20
-12.9175
 30
0.0
 11
-13.5
 21
-14.0
 31
0.0
  0
LINE
  5
222
330
1DF
100
AcDbEntity
  8
AM_9
100
AcDbLine
 10
13.5
 20
-14.0
 30
0.0
 11
12.4175
 21
-12.9175
 31
0.0
  0
LINE
  5
223
330
1DF
100
AcDbEntity
  8
AM_9
100
AcDbLine
 10
22.5
 20
0.0
 30
0.0
 11
22.5
 21
656.0
 31
0.0
  0
LINE
  5
224
330
1DF
100
AcDbEntity
  8
AM_9
100
AcDbLine
 10
-22.5
 20
656.0
 30
0.0
 11
-22.5
 21
0.0
 31
0.0
  0
LINE
  5
225
330
1DF
100
AcDbEntity
  8
AM_9
100
AcDbLine
 10
-40.0
 20
656.0
 30
0.0
 11
40.0
 21
656.0
 31
0.0
  0
LINE
  5
226
330
1DF
100
AcDbEntity
  8
AM_9
100
AcDbLine
 10
-40.0
 20
666.0
 30
0.0
 11
40.0
 21
666.0
 31
0.0
  0
LINE
  5
227
330
1DF
100
AcDbEntity
  8
AM_9
100
AcDbLine
 10
40.0
 20
656.0
 30
0.0
 11
40.0
 21
666.0
 31
0.0
  0
LINE
  5
228
330
1DF
100
AcDbEntity
  8
AM_9
100
AcDbLine
 10
-40.0
 20
666.0
 30
0.0
 11
-40.0
 21
656.0
 31
0.0
  0
LINE
  5
229
330
1DF
100
AcDbEntity
  8
AM_5
  6
Dashed
100
AcDbLine
 10
13.5
 20
-14.0
 30
0.0
 11
13.5
 21
36.00000000000001
 31
0.0
  0
LINE
  5
22A
330
1DF
100
AcDbEntity
  8
AM_5
  6
Dashed
100
AcDbLine
 10
12.4175
 20
36.00000000000001
 30
0.0
 11
13.5
 21
36.00000000000001
 31
0.0
  0
LINE
  5
22B
330
1DF
100
AcDbEntity
  8
AM_5
  6
Dashed
100
AcDbLine
 10
-13.5
 20
-14.0
 30
0.0
 11
-13.5
 21
36.00000000000001
 31
0.0
  0
LINE
  5
22C
330
1DF
100
AcDbEntity
  8
AM_5
  6
Dashed
100
AcDbLine
 10
-12.4175
 20
36.00000000000001
 30
0.0
 11
-13.5
 21
36.00000000000001
 31
0.0
  0
LINE
  5
22D
330
1DF
100
AcDbEntity
  8
AM_7
100
AcDbLine
 10
0.0
 20
-48.0
 30
0.0
 11
0.0
 21
700.0
 31
0.0
  0
LINE
  5
22E
330
1DF
100
AcDbEntity
  8
AM_0
100
AcDbLine
 10
-17.99999999999998
 20
-1.999999999999937
 30
0.0
 11
-22.49999999999999
 21
-0.537861366951854
 31
0.0
  0
LINE
  5
22F
330
1DF
100
AcDbEntity
  8
AM_0
100
AcDbLine
 10
-18.0
 20
-14.0
 30
0.0
 11
-18.0
 21
-1.999999999999999
 31
0.0
  0
LINE
  5
230
330
1DF
100
AcDbEntity
  8
AM_0
100
AcDbLine
 10
18.0
 20
-2.000000000000001
 30
0.0
 11
18.0
 21
-14.0
 31
0.0
  0
LINE
  5
231
330
1DF
100
AcDbEntity
  8
AM_0
100
AcDbLine
 10
22.5
 20
-0.5378613669518861
 30
0.0
 11
22.5
 21
0.0
 31
0.0
  0
LINE
  5
232
330
1DF
100
AcDbEntity
  8
AM_0
100
AcDbLine
 10
-22.5
 20
0.0
 30
0.0
 11
-22.5
 21
-0.5378613669518861
 31
0.0
  0
LINE
  5
233
330
1DF
100
AcDbEntity
  8
AM_0
100
AcDbLine
 10
22.49999999999999
 20
-0.537861366951854
 30
0.0
 11
17.99999999999999
 21
-1.999999999999934
 31
0.0
  0
LINE
  5
234
330
1DF
100
AcDbEntity
  8
AM_0
100
AcDbLine
 10
-18.0
 20
-13.00000000000001
 30
0.0
 11
18.0
 21
-13.00000000000001
 31
0.0
  0
LINE
  5
235
330
1DF
100
AcDbEntity
  8
AM_0
100
AcDbLine
 10
-18.0
 20
-14.0
 30
0.0
 11
18.0
 21
-14.0
 31
0.0
  0
ENDBLK
  5
236
330
1DF
100
AcDbEntity
  8
0
100
AcDbBlockEnd
  0
BLOCK
  5
238
330
237
100
AcDbEntity
  8
0
100
AcDbBlockBegin
  2
2_JECX_MF_EXLA_80_550_0_body__0_in_JECX_MF_160_INLA_80_550_0__4
 70
     2
 10
0.0
 20
0.0
 30
0.0
  3
2_JECX_MF_EXLA_80_550_0_body__0_in_JECX_MF_160_INLA_80_550_0__4
  1

  0
ATTDEF
  5
239
330
237
100
AcDbEntity
  8
AM_6
100
AcDbText
 10
80.0
 20
676.0
 30
0.0
 40
0.5
  1
JECX-MF-EXLA-80-550(0_body)
100
AcDbAttributeDefinition
  3

  2
NB
 70
     8
280
     0
 71
     1
 72
     0
 11
0.0
 21
0.0
 31
0.0
  0
ATTDEF
  5
23A
330
237
100
AcDbEntity
  8
AM_6
100
AcDbText
 10
80.0
 20
675.5
 30
0.0
 40
0.5
  1
JECX
100
AcDbAttributeDefinition
  3

  2
NN
 70
     8
280
     0
 71
     1
 72
     0
 11
0.0
 21
0.0
 31
0.0
  0
ATTDEF
  5
23B
330
237
100
AcDbEntity
  8
AM_6
100
AcDbText
 10
80.0
 20
675.0
 30
0.0
 40
0.5
  1
Europe thin cylinder
100
AcDbAttributeDefinition
  3

  2
NT
 70
     8
280
     0
 71
     1
 72
     0
 11
0.0
 21
0.0
 31
0.0
  0
ATTDEF
  5
23C
330
237
100
AcDbEntity
  8
AM_6
100
AcDbText
 10
80.0
 20
674.5
 30
0.0
 40
0.5
  1
$MODEL.-$TYPE.$CT.-$THREAD.$IT.-$BORE.-$STROKE.$PM.($POS._body)
100
AcDbAttributeDefinition
  3

  2
NBSYN
 70
     8
280
     0
 71
     1
 72
     0
 11
0.0
 21
0.0
 31
0.0
  0
ATTDEF
  5
23D
330
237
100
AcDbEntity
  8
AM_6
100
AcDbText
 10
80.0
 20
674.0
 30
0.0
 40
0.5
  1
JECX-MF-EXLA-80-550(0_body)
100
AcDbAttributeDefinition
  3

  2
LINA
 70
     8
280
     0
 71
     1
 72
     0
 11
0.0
 21
0.0
 31
0.0
  0
ATTDEF
  5
23E
330
237
100
AcDbEntity
  8
AM_6
100
AcDbText
 10
80.0
 20
673.5
 30
0.0
 40
0.5
  1
JUFAN
100
AcDbAttributeDefinition
  3

  2
CATALOG
 70
     8
280
     0
 71
     1
 72
     0
 11
0.0
 21
0.0
 31
0.0
  0
ATTDEF
  5
23F
330
237
100
AcDbEntity
  8
AM_6
100
AcDbText
 10
80.0
 20
673.0
 30
0.0
 40
0.5
  1
JECX
100
AcDbAttributeDefinition
  3

  2
MODEL
 70
     8
280
     0
 71
     1
 72
     0
 11
0.0
 21
0.0
 31
0.0
  0
ATTDEF
  5
240
330
237
100
AcDbEntity
  8
AM_6
100
AcDbText
 10
80.0
 20
672.5
 30
0.0
 40
0.5
  1
MF:Oil circuit board
100
AcDbAttributeDefinition
  3

  2
TYPE
 70
     8
280
     0
 71
     1
 72
     0
 11
0.0
 21
0.0
 31
0.0
  0
ATTDEF
  5
241
330
237
100
AcDbEntity
  8
AM_6
100
AcDbText
 10
80.0
 20
672.0
 30
0.0
 40
0.5
  1
Blank:standard
100
AcDbAttributeDefinition
  3

  2
CT
 70
     8
280
     0
 71
     1
 72
     0
 11
0.0
 21
0.0
 31
0.0
  0
ATTDEF
  5
242
330
237
100
AcDbEntity
  8
AM_6
100
AcDbText
 10
80.0
 20
671.5
 30
0.0
 40
0.5
  1
EX:Outer
100
AcDbAttributeDefinition
  3

  2
THREAD
 70
     8
280
     0
 71
     1
 72
     0
 11
0.0
 21
0.0
 31
0.0
  0
ATTDEF
  5
243
330
237
100
AcDbEntity
  8
AM_6
100
AcDbText
 10
80.0
 20
671.0
 30
0.0
 40
0.5
  1
LA:Radial type
100
AcDbAttributeDefinition
  3

  2
IT
 70
     8
280
     0
 71
     1
 72
     0
 11
0.0
 21
0.0
 31
0.0
  0
ATTDEF
  5
244
330
237
100
AcDbEntity
  8
AM_6
100
AcDbText
 10
80.0
 20
670.5
 30
0.0
 40
0.5
  1
80
100
AcDbAttributeDefinition
  3

  2
BORE
 70
     8
280
     0
 71
     1
 72
     0
 11
0.0
 21
0.0
 31
0.0
  0
ATTDEF
  5
245
330
237
100
AcDbEntity
  8
AM_6
100
AcDbText
 10
80.0
 20
670.0
 30
0.0
 40
0.5
  1
550
100
AcDbAttributeDefinition
  3

  2
STROKE
 70
     8
280
     0
 71
     1
 72
     0
 11
0.0
 21
0.0
 31
0.0
  0
ATTDEF
  5
246
330
237
100
AcDbEntity
  8
AM_6
100
AcDbText
 10
80.0
 20
669.5
 30
0.0
 40
0.5
  1
0
100
AcDbAttributeDefinition
  3

  2
POS
 70
     8
280
     0
 71
     1
 72
     0
 11
0.0
 21
0.0
 31
0.0
  0
ATTDEF
  5
247
330
237
100
AcDbEntity
  8
AM_6
100
AcDbText
 10
80.0
 20
669.0
 30
0.0
 40
0.5
  1
[5:700]
100
AcDbAttributeDefinition
  3

  2
ST
 70
     8
280
     0
 71
     1
 72
     0
 11
0.0
 21
0.0
 31
0.0
  0
ATTDEF
  5
248
330
237
100
AcDbEntity
  8
AM_6
100
AcDbText
 10
80.0
 20
668.5
 30
0.0
 40
0.5
  1
1：(PU) (standard usage)
100
AcDbAttributeDefinition
  3

  2
PM
 70
     8
280
     0
 71
     1
 72
     0
 11
0.0
 21
0.0
 31
0.0
  0
ATTDEF
  5
249
330
237
100
AcDbEntity
  8
AM_6
100
AcDbText
 10
80.0
 20
668.0
 30
0.0
 40
0.5
  1
45
100
AcDbAttributeDefinition
  3

  2
MM
 70
     8
280
     0
 71
     1
 72
     0
 11
0.0
 21
0.0
 31
0.0
  0
ATTDEF
  5
24A
330
237
100
AcDbEntity
  8
AM_6
100
AcDbText
 10
80.0
 20
667.5
 30
0.0
 40
0.5
  1
150
100
AcDbAttributeDefinition
  3

  2
EA
 70
     8
280
     0
 71
     1
 72
     0
 11
0.0
 21
0.0
 31
0.0
  0
ATTDEF
  5
24B
330
237
100
AcDbEntity
  8
AM_6
100
AcDbText
 10
80.0
 20
667.0
 30
0.0
 40
0.5
  1
16
100
AcDbAttributeDefinition
  3

  2
TW
 70
     8
280
     0
 71
     1
 72
     0
 11
0.0
 21
0.0
 31
0.0
  0
ATTDEF
  5
24C
330
237
100
AcDbEntity
  8
AM_6
100
AcDbText
 10
80.0
 20
666.5
 30
0.0
 40
0.5
  1
13.0
100
AcDbAttributeDefinition
  3

  2
FB
 70
     8
280
     0
 71
     1
 72
     0
 11
0.0
 21
0.0
 31
0.0
  0
ATTDEF
  5
24D
330
237
100
AcDbEntity
  8
AM_6
100
AcDbText
 10
80.0
 20
666.0
 30
0.0
 40
0.5
  1
20.0
100
AcDbAttributeDefinition
  3

  2
FG
 70
     8
280
     0
 71
     1
 72
     0
 11
0.0
 21
0.0
 31
0.0
  0
ATTDEF
  5
24E
330
237
100
AcDbEntity
  8
AM_6
100
AcDbText
 10
80.0
 20
665.5
 30
0.0
 40
0.5
  1
13.0
100
AcDbAttributeDefinition
  3

  2
BT
 70
     8
280
     0
 71
     1
 72
     0
 11
0.0
 21
0.0
 31
0.0
  0
ATTDEF
  5
24F
330
237
100
AcDbEntity
  8
AM_6
100
AcDbText
 10
80.0
 20
665.0
 30
0.0
 40
0.5
  1
126
100
AcDbAttributeDefinition
  3

  2
TS
 70
     8
280
     0
 71
     1
 72
     0
 11
0.0
 21
0.0
 31
0.0
  0
ATTDEF
  5
250
330
237
100
AcDbEntity
  8
AM_6
100
AcDbText
 10
80.0
 20
664.5
 30
0.0
 40
0.5
  1
44
100
AcDbAttributeDefinition
  3

  2
F
 70
     8
280
     0
 71
     1
 72
     0
 11
0.0
 21
0.0
 31
0.0
  0
ATTDEF
  5
251
330
237
100
AcDbEntity
  8
AM_6
100
AcDbText
 10
80.0
 20
664.0
 30
0.0
 40
0.5
  1
130
100
AcDbAttributeDefinition
  3

  2
EB
 70
     8
280
     0
 71
     1
 72
     0
 11
0.0
 21
0.0
 31
0.0
  0
ATTDEF
  5
252
330
237
100
AcDbEntity
  8
AM_6
100
AcDbText
 10
80.0
 20
663.5
 30
0.0
 40
0.5
  1
70
100
AcDbAttributeDefinition
  3

  2
LH
 70
     8
280
     0
 71
     1
 72
     0
 11
0.0
 21
0.0
 31
0.0
  0
ATTDEF
  5
253
330
237
100
AcDbEntity
  8
AM_6
100
AcDbText
 10
80.0
 20
663.0
 30
0.0
 40
0.5
  1
36
100
AcDbAttributeDefinition
  3

  2
K
 70
     8
280
     0
 71
     1
 72
     0
 11
0.0
 21
0.0
 31
0.0
  0
ATTDEF
  5
254
330
237
100
AcDbEntity
  8
AM_6
100
AcDbText
 10
80.0
 20
662.5
 30
0.0
 40
0.5
  1
140
100
AcDbAttributeDefinition
  3

  2
ZJ
 70
     8
280
     0
 71
     1
 72
     0
 11
0.0
 21
0.0
 31
0.0
  0
ATTDEF
  5
255
330
237
100
AcDbEntity
  8
AM_6
100
AcDbText
 10
80.0
 20
662.0
 30
0.0
 40
0.5
  1
126
100
AcDbAttributeDefinition
  3

  2
LL
 70
     8
280
     0
 71
     1
 72
     0
 11
0.0
 21
0.0
 31
0.0
  0
ATTDEF
  5
256
330
237
100
AcDbEntity
  8
AM_6
100
AcDbText
 10
80.0
 20
661.5
 30
0.0
 40
0.5
  1
5
100
AcDbAttributeDefinition
  3

  2
PC
 70
     8
280
     0
 71
     1
 72
     0
 11
0.0
 21
0.0
 31
0.0
  0
ATTDEF
  5
257
330
237
100
AcDbEntity
  8
AM_6
100
AcDbText
 10
80.0
 20
661.0
 30
0.0
 40
0.5
  1
62
100
AcDbAttributeDefinition
  3

  2
TX
 70
     8
280
     0
 71
     1
 72
     0
 11
0.0
 21
0.0
 31
0.0
  0
ATTDEF
  5
258
330
237
100
AcDbEntity
  8
AM_6
100
AcDbText
 10
80.0
 20
660.5
 30
0.0
 40
0.5
  1
14
100
AcDbAttributeDefinition
  3

  2
WF
 70
     8
280
     0
 71
     1
 72
     0
 11
0.0
 21
0.0
 31
0.0
  0
ATTDEF
  5
259
330
237
100
AcDbEntity
  8
AM_6
100
AcDbText
 10
80.0
 20
660.0
 30
0.0
 40
0.5
  1
Φ22X1.8DP底孔Φ14
100
AcDbAttributeDefinition
  3

  2
EF
 70
     8
280
     0
 71
     1
 72
     0
 11
0.0
 21
0.0
 31
0.0
  0
ATTDEF
  5
25A
330
237
100
AcDbEntity
  8
AM_6
100
AcDbText
 10
80.0
 20
659.5
 30
0.0
 40
0.5
  1
22.500
100
AcDbAttributeDefinition
  3

  2
EF1
 70
     8
280
     0
 71
     1
 72
     0
 11
0.0
 21
0.0
 31
0.0
  0
ATTDEF
  5
25B
330
237
100
AcDbEntity
  8
AM_6
100
AcDbText
 10
80.0
 20
659.0
 30
0.0
 40
0.5
  1
2.100
100
AcDbAttributeDefinition
  3

  2
DP
 70
     8
280
     0
 71
     1
 72
     0
 11
0.0
 21
0.0
 31
0.0
  0
ATTDEF
  5
25C
330
237
100
AcDbEntity
  8
AM_6
100
AcDbText
 10
80.0
 20
658.5
 30
0.0
 40
0.5
  1
14.000
100
AcDbAttributeDefinition
  3

  2
EF2
 70
     8
280
     0
 71
     1
 72
     0
 11
0.0
 21
0.0
 31
0.0
  0
ATTDEF
  5
25D
330
237
100
AcDbEntity
  8
AM_6
100
AcDbText
 10
80.0
 20
658.0
 30
0.0
 40
0.5
  1
M27X2.0
100
AcDbAttributeDefinition
  3

  2
KK1
 70
     8
280
     0
 71
     1
 72
     0
 11
0.0
 21
0.0
 31
0.0
  0
ATTDEF
  5
25E
330
237
100
AcDbEntity
  8
AM_6
100
AcDbText
 10
80.0
 20
657.5
 30
0.0
 40
0.5
  1
27.000
100
AcDbAttributeDefinition
  3

  2
KK11
 70
     8
280
     0
 71
     1
 72
     0
 11
0.0
 21
0.0
 31
0.0
  0
ATTDEF
  5
25F
330
237
100
AcDbEntity
  8
AM_6
100
AcDbText
 10
80.0
 20
657.0
 30
0.0
 40
0.5
  1
2.000
100
AcDbAttributeDefinition
  3

  2
KK12
 70
     8
280
     0
 71
     1
 72
     0
 11
0.0
 21
0.0
 31
0.0
  0
ATTDEF
  5
260
330
237
100
AcDbEntity
  8
AM_6
100
AcDbText
 10
80.0
 20
656.5
 30
0.0
 40
0.5
  1
M33X2.0
100
AcDbAttributeDefinition
  3

  2
KK2
 70
     8
280
     0
 71
     1
 72
     0
 11
0.0
 21
0.0
 31
0.0
  0
ATTDEF
  5
261
330
237
100
AcDbEntity
  8
AM_6
100
AcDbText
 10
80.0
 20
656.0
 30
0.0
 40
0.5
  1
33.000
100
AcDbAttributeDefinition
  3

  2
KK21
 70
     8
280
     0
 71
     1
 72
     0
 11
0.0
 21
0.0
 31
0.0
  0
ATTDEF
  5
262
330
237
100
AcDbEntity
  8
AM_6
100
AcDbText
 10
80.0
 20
655.5
 30
0.0
 40
0.5
  1
2.000
100
AcDbAttributeDefinition
  3

  2
KK22
 70
     8
280
     0
 71
     1
 72
     0
 11
0.0
 21
0.0
 31
0.0
  0
ATTDEF
  5
263
330
237
100
AcDbEntity
  8
AM_6
100
AcDbText
 10
80.0
 20
655.0
 30
0.0
 40
0.5
  1
42
100
AcDbAttributeDefinition
  3

  2
NBB
 70
     8
280
     0
 71
     1
 72
     0
 11
0.0
 21
0.0
 31
0.0
  0
ATTDEF
  5
264
330
237
100
AcDbEntity
  8
AM_6
100
AcDbText
 10
80.0
 20
654.5
 30
0.0
 40
0.5
  1
50
100
AcDbAttributeDefinition
  3

  2
A1
 70
     8
280
     0
 71
     1
 72
     0
 11
0.0
 21
0.0
 31
0.0
  0
ATTDEF
  5
265
330
237
100
AcDbEntity
  8
AM_6
100
AcDbText
 10
80.0
 20
654.0
 30
0.0
 40
0.5
  1
30
100
AcDbAttributeDefinition
  3

  2
NC
 70
     8
280
     0
 71
     1
 72
     0
 11
0.0
 21
0.0
 31
0.0
  0
ATTDEF
  5
266
330
237
100
AcDbEntity
  8
AM_6
100
AcDbText
 10
80.0
 20
653.5
 30
0.0
 40
0.5
  1
20
100
AcDbAttributeDefinition
  3

  2
ND
 70
     8
280
     0
 71
     1
 72
     0
 11
0.0
 21
0.0
 31
0.0
  0
ATTDEF
  5
267
330
237
100
AcDbEntity
  8
AM_6
100
AcDbText
 10
80.0
 20
653.0
 30
0.0
 40
0.5
  1
20
100
AcDbAttributeDefinition
  3

  2
NE
 70
     8
280
     0
 71
     1
 72
     0
 11
0.0
 21
0.0
 31
0.0
  0
ATTDEF
  5
268
330
237
100
AcDbEntity
  8
AM_6
100
AcDbText
 10
80.0
 20
652.5
 30
0.0
 40
0.5
  1
2.0
100
AcDbAttributeDefinition
  3

  2
N
 70
     8
280
     0
 71
     1
 72
     0
 11
0.0
 21
0.0
 31
0.0
  0
ATTDEF
  5
269
330
237
100
AcDbEntity
  8
AM_6
100
AcDbText
 10
80.0
 20
652.0
 30
0.0
 40
0.5
  1
2
100
AcDbAttributeDefinition
  3

  2
R
 70
     8
280
     0
 71
     1
 72
     0
 11
0.0
 21
0.0
 31
0.0
  0
ATTDEF
  5
26A
330
237
100
AcDbEntity
  8
AM_6
100
AcDbText
 10
80.0
 20
651.5
 30
0.0
 40
0.5
  1
12
100
AcDbAttributeDefinition
  3

  2
S
 70
     8
280
     0
 71
     1
 72
     0
 11
0.0
 21
0.0
 31
0.0
  0
ATTDEF
  5
26B
330
237
100
AcDbEntity
  8
AM_6
100
AcDbText
 10
80.0
 20
651.0
 30
0.0
 40
0.5
  1
14
100
AcDbAttributeDefinition
  3

  2
EF22
 70
     8
280
     0
 71
     1
 72
     0
 11
0.0
 21
0.0
 31
0.0
  0
ATTDEF
  5
26C
330
237
100
AcDbEntity
  8
AM_6
100
AcDbText
 10
80.0
 20
650.5
 30
0.0
 40
0.5
  1
jufan
100
AcDbAttributeDefinition
  3

  2
COMPANY
 70
     8
280
     0
 71
     1
 72
     0
 11
0.0
 21
0.0
 31
0.0
  0
ATTDEF
  5
26D
330
237
100
AcDbEntity
  8
AM_6
100
AcDbText
 10
80.0
 20
650.0
 30
0.0
 40
0.5
  1
{$CADENAS_DATA/23d-libs/jufan/oil_pressure_product/jecx/parts/jecx_body.prj},233 {VTYP=3D},{NB=JECX-MF-EXLA-80-550(0_body)},{LINA=JECX-MF-EXLA-80-550(0_body)},{NN=JECX},{DATE=26.08.2025 06:00:09},{GEOMDATE=26.08.2025 06:00:00},{VERSION=},{LINEID=60},{WBVA
100
AcDbAttributeDefinition
  3

  2
PSOL_0
 70
     9
280
     0
 71
     1
 72
     0
 11
0.0
 21
0.0
 31
0.0
  0
ATTDEF
  5
26E
330
237
100
AcDbEntity
  8
AM_6
100
AcDbText
 10
80.0
 20
649.5
 30
0.0
 40
0.5
  1
R=TYPE,CT,THREAD,IT,STROKE,POS,PM},{WBNUMERIC=STROKE,POS}  {NB=JECX-MF-EXLA-80-550(0_body)},{LINA=JECX-MF-EXLA-80-550(0_body)},{KT=DUMMY},{MODEL=JECX},{TYPE=MF},{CT=},{THREAD=EX},{IT=LA},{BORE=80},{STROKE=550},{POS=0},{ST=[5:700]},{PM=},{MM=45},{EA=150},{
100
AcDbAttributeDefinition
  3

  2
PSOL_1
 70
     9
280
     0
 71
     1
 72
     0
 11
0.0
 21
0.0
 31
0.0
  0
ATTDEF
  5
26F
330
237
100
AcDbEntity
  8
AM_6
100
AcDbText
 10
80.0
 20
649.0
 30
0.0
 40
0.5
  1
TW=16},{FB=13.0},{FG=20.0},{BT=13.0},{TS=126},{F=44},{EB=130},{LH=70},{K=36},{ZJ=140},{LL=126},{PC=5},{TX=62},{WF=14},{EF=Φ22X1.8DP底孔Φ14},{EF1=22.500},{DP=2.100},{EF2=14.000},{KK1=M27X2.0},{KK11=27.000},{KK12=2.000},{KK2=M33X2.0},{KK21=33.000},{KK22=2.000
100
AcDbAttributeDefinition
  3

  2
PSOL_2
 70
     9
280
     0
 71
     1
 72
     0
 11
0.0
 21
0.0
 31
0.0
  0
ATTDEF
  5
270
330
237
100
AcDbEntity
  8
AM_6
100
AcDbText
 10
80.0
 20
648.5
 30
0.0
 40
0.5
  1
},{NBB=42},{A1=50},{NC=30},{ND=20},{NE=20},{N=2.0},{R=2},{S=12},{EF22=14}
100
AcDbAttributeDefinition
  3

  2
PSOL_3
 70
     9
280
     0
 71
     1
 72
     0
 11
0.0
 21
0.0
 31
0.0
  0
CIRCLE
  5
271
330
237
100
AcDbEntity
  8
AM_9
100
AcDbCircle
 10
0.0
 20
39.99999999999999
 30
0.0
 40
8.75
  0
CIRCLE
  5
272
330
237
100
AcDbEntity
  8
AM_9
100
AcDbCircle
 10
0.0
 20
39.99999999999999
 30
0.0
 40
11.25
  0
CIRCLE
  5
273
330
237
100
AcDbEntity
  8
AM_9
100
AcDbCircle
 10
0.0
 20
84.0
 30
0.0
 40
11.25000000000001
  0
CIRCLE
  5
274
330
237
100
AcDbEntity
  8
AM_9
100
AcDbCircle
 10
0.0
 20
84.0
 30
0.0
 40
8.750000000000007
  0
LINE
  5
275
330
237
100
AcDbEntity
  8
AM_9
100
AcDbLine
 10
75.0
 20
53.99999999999999
 30
0.0
 11
-75.0
 21
53.99999999999999
 31
0.0
  0
LINE
  5
276
330
237
100
AcDbEntity
  8
AM_9
100
AcDbLine
 10
75.0
 20
70.0
 30
0.0
 11
-75.0
 21
70.0
 31
0.0
  0
CIRCLE
  5
277
330
237
100
AcDbEntity
  8
AM_9
100
AcDbCircle
 10
0.0
 20
84.0
 30
0.0
 40
7.000000000000006
  0
CIRCLE
  5
278
330
237
100
AcDbEntity
  8
AM_9
100
AcDbCircle
 10
0.0
 20
39.99999999999999
 30
0.0
 40
6.999999999999999
  0
LINE
  5
279
330
237
100
AcDbEntity
  8
AM_9
100
AcDbLine
 10
22.5
 20
0.0
 30
0.0
 11
22.5
 21
106.0
 31
0.0
  0
LINE
  5
27A
330
237
100
AcDbEntity
  8
AM_9
100
AcDbLine
 10
-22.5
 20
106.0
 30
0.0
 11
-22.5
 21
0.0
 31
0.0
  0
LINE
  5
27B
330
237
100
AcDbEntity
  8
AM_9
100
AcDbLine
 10
2.999999999999996
 20
666.0
 30
0.0
 11
2.999999999999996
 21
676.0
 31
0.0
  0
LINE
  5
27C
330
237
100
AcDbEntity
  8
AM_9
100
AcDbLine
 10
-2.999999999999996
 20
676.0
 30
0.0
 11
-2.999999999999996
 21
666.0
 31
0.0
  0
LINE
  5
27D
330
237
100
AcDbEntity
  8
AM_9
100
AcDbLine
 10
0.0
 20
11.73205080756888
 30
0.0
 11
-2.999999999999996
 21
10.0
 31
0.0
  0
LINE
  5
27E
330
237
100
AcDbEntity
  8
AM_9
100
AcDbLine
 10
2.999999999999996
 20
10.0
 30
0.0
 11
0.0
 21
11.73205080756888
 31
0.0
  0
LINE
  5
27F
330
237
100
AcDbEntity
  8
AM_9
100
AcDbLine
 10
-2.999999999999996
 20
10.0
 30
0.0
 11
2.999999999999996
 21
10.0
 31
0.0
  0
LINE
  5
280
330
237
100
AcDbEntity
  8
AM_9
100
AcDbLine
 10
2.999999999999996
 20
0.0000000000000021
 30
0.0
 11
2.999999999999996
 21
10.0
 31
0.0
  0
LINE
  5
281
330
237
100
AcDbEntity
  8
AM_9
100
AcDbLine
 10
-2.999999999999996
 20
10.0
 30
0.0
 11
-2.999999999999996
 21
0.0000000000000021
 31
0.0
  0
LINE
  5
282
330
237
100
AcDbEntity
  8
AM_9
100
AcDbLine
 10
-40.0
 20
666.0
 30
0.0
 11
40.0
 21
666.0
 31
0.0
  0
LINE
  5
283
330
237
100
AcDbEntity
  8
AM_9
100
AcDbLine
 10
-40.0
 20
106.0
 30
0.0
 11
40.0
 21
106.0
 31
0.0
  0
LINE
  5
284
330
237
100
AcDbEntity
  8
AM_9
100
AcDbLine
 10
40.0
 20
106.0
 30
0.0
 11
40.0
 21
666.0
 31
0.0
  0
LINE
  5
285
330
237
100
AcDbEntity
  8
AM_9
100
AcDbLine
 10
-40.0
 20
666.0
 30
0.0
 11
-40.0
 21
106.0
 31
0.0
  0
LINE
  5
286
330
237
100
AcDbEntity
  8
AM_9
100
AcDbLine
 10
44.0
 20
675.0
 30
0.0
 11
44.0
 21
676.0
 31
0.0
  0
LINE
  5
287
330
237
100
AcDbEntity
  8
AM_9
100
AcDbLine
 10
-44.0
 20
676.0
 30
0.0
 11
-44.0
 21
675.0
 31
0.0
  0
LINE
  5
288
330
237
100
AcDbEntity
  8
AM_9
100
AcDbLine
 10
-44.0
 20
1.0
 30
0.0
 11
-44.0
 21
0.0
 31
0.0
  0
LINE
  5
289
330
237
100
AcDbEntity
  8
AM_9
100
AcDbLine
 10
44.0
 20
0.0
 30
0.0
 11
44.0
 21
1.0
 31
0.0
  0
LINE
  5
28A
330
237
100
AcDbEntity
  8
AM_9
100
AcDbLine
 10
45.0
 20
675.0
 30
0.0
 11
-45.0
 21
675.0
 31
0.0
  0
LINE
  5
28B
330
237
100
AcDbEntity
  8
AM_9
100
AcDbLine
 10
45.0
 20
675.0
 30
0.0
 11
45.0
 21
676.0
 31
0.0
  0
LINE
  5
28C
330
237
100
AcDbEntity
  8
AM_9
100
AcDbLine
 10
-45.0
 20
676.0
 30
0.0
 11
-45.0
 21
675.0
 31
0.0
  0
LINE
  5
28D
330
237
100
AcDbEntity
  8
AM_9
100
AcDbLine
 10
45.0
 20
1.0
 30
0.0
 11
-45.0
 21
1.0
 31
0.0
  0
LINE
  5
28E
330
237
100
AcDbEntity
  8
AM_9
100
AcDbLine
 10
-45.0
 20
1.0
 30
0.0
 11
-45.0
 21
0.0
 31
0.0
  0
LINE
  5
28F
330
237
100
AcDbEntity
  8
AM_9
100
AcDbLine
 10
45.0
 20
0.0
 30
0.0
 11
45.0
 21
1.0
 31
0.0
  0
LINE
  5
290
330
237
100
AcDbEntity
  8
AM_7
100
AcDbLine
 10
-11.8125
 20
39.99999999999999
 30
0.0
 11
11.8125
 21
39.99999999999999
 31
0.0
  0
LINE
  5
291
330
237
100
AcDbEntity
  8
AM_7
100
AcDbLine
 10
-11.81250000000001
 20
84.0
 30
0.0
 11
11.81250000000001
 21
84.0
 31
0.0
  0
LINE
  5
292
330
237
100
AcDbEntity
  8
AM_7
100
AcDbLine
 10
-3.150000000000003
 20
669.0
 30
0.0
 11
3.150000000000003
 21
669.0
 31
0.0
  0
LINE
  5
293
330
237
100
AcDbEntity
  8
AM_7
100
AcDbLine
 10
-3.15
 20
7.000000000000004
 30
0.0
 11
3.15
 21
7.000000000000004
 31
0.0
  0
LINE
  5
294
330
237
100
AcDbEntity
  8
AM_7
100
AcDbLine
 10
-73.49999999999987
 20
84.0
 30
0.0
 11
-52.50000000000001
 21
84.0
 31
0.0
  0
LINE
  5
295
330
237
100
AcDbEntity
  8
AM_7
100
AcDbLine
 10
-62.99999999999994
 20
73.50000000000007
 30
0.0
 11
-62.99999999999994
 21
94.49999999999993
 31
0.0
  0
LINE
  5
296
330
237
100
AcDbEntity
  8
AM_7
100
AcDbLine
 10
-73.5
 20
40.00000000000001
 30
0.0
 11
-52.5
 21
40.00000000000001
 31
0.0
  0
LINE
  5
297
330
237
100
AcDbEntity
  8
AM_7
100
AcDbLine
 10
-63.0
 20
29.50000000000001
 30
0.0
 11
-63.0
 21
50.50000000000001
 31
0.0
  0
LINE
  5
298
330
237
100
AcDbEntity
  8
AM_7
100
AcDbLine
 10
52.5
 20
40.00000000000001
 30
0.0
 11
73.49999999999999
 21
40.00000000000001
 31
0.0
  0
LINE
  5
299
330
237
100
AcDbEntity
  8
AM_7
100
AcDbLine
 10
62.99999999999999
 20
29.50000000000001
 30
0.0
 11
62.99999999999999
 21
50.5
 31
0.0
  0
LINE
  5
29A
330
237
100
AcDbEntity
  8
AM_7
100
AcDbLine
 10
52.49999999999999
 20
83.99999999999999
 30
0.0
 11
73.49999999999993
 21
83.99999999999999
 31
0.0
  0
LINE
  5
29B
330
237
100
AcDbEntity
  8
AM_7
100
AcDbLine
 10
62.99999999999996
 20
73.50000000000001
 30
0.0
 11
62.99999999999996
 21
94.49999999999996
 31
0.0
  0
CIRCLE
  5
29C
330
237
100
AcDbEntity
  8
AM_0
100
AcDbCircle
 10
63.0
 20
84.0
 30
0.0
 40
6.500000000000001
  0
CIRCLE
  5
29D
330
237
100
AcDbEntity
  8
AM_0
100
AcDbCircle
 10
-63.0
 20
84.0
 30
0.0
 40
6.500000000000001
  0
CIRCLE
  5
29E
330
237
100
AcDbEntity
  8
AM_0
100
AcDbCircle
 10
-63.0
 20
40.0
 30
0.0
 40
6.500000000000001
  0
CIRCLE
  5
29F
330
237
100
AcDbEntity
  8
AM_0
100
AcDbCircle
 10
63.0
 20
40.0
 30
0.0
 40
6.500000000000001
  0
CIRCLE
  5
2A0
330
237
100
AcDbEntity
  8
AM_0
100
AcDbCircle
 10
0.0
 20
669.0
 30
0.0
 40
2.399999999999958
  0
CIRCLE
  5
2A1
330
237
100
AcDbEntity
  8
AM_0
100
AcDbCircle
 10
0.0
 20
669.0
 30
0.0
 40
2.45850000000003
  0
LINE
  5
2A2
330
237
100
AcDbEntity
  8
AM_0
100
AcDbLine
 10
0.7216878364870323
 20
670.25
 30
0.0
 11
-0.7216878364870323
 21
670.25
 31
0.0
  0
LINE
  5
2A3
330
237
100
AcDbEntity
  8
AM_0
100
AcDbLine
 10
-0.7216878364870323
 20
670.25
 30
0.0
 11
-1.443375672974064
 21
669.0
 31
0.0
  0
LINE
  5
2A4
330
237
100
AcDbEntity
  8
AM_0
100
AcDbLine
 10
1.443375672974061
 20
669.0
 30
0.0
 11
0.7216878364870323
 21
670.25
 31
0.0
  0
LINE
  5
2A5
330
237
100
AcDbEntity
  8
AM_0
100
AcDbLine
 10
0.7216878364870323
 20
667.7500000000001
 30
0.0
 11
1.443375672974061
 21
669.0
 31
0.0
  0
LINE
  5
2A6
330
237
100
AcDbEntity
  8
AM_0
100
AcDbLine
 10
-0.7216878364870323
 20
667.7500000000001
 30
0.0
 11
0.7216878364870323
 21
667.7500000000001
 31
0.0
  0
LINE
  5
2A7
330
237
100
AcDbEntity
  8
AM_0
100
AcDbLine
 10
-1.443375672974064
 20
669.0
 30
0.0
 11
-0.7216878364870323
 21
667.7500000000001
 31
0.0
  0
CIRCLE
  5
2A8
330
237
100
AcDbEntity
  8
AM_0
100
AcDbCircle
 10
0.0
 20
669.0
 30
0.0
 40
1.900000000000013
  0
LINE
  5
2A9
330
237
100
AcDbEntity
  8
AM_0
100
AcDbLine
 10
75.0
 20
94.0
 30
0.0
 11
63.0
 21
94.0
 31
0.0
  0
LINE
  5
2AA
330
237
100
AcDbEntity
  8
AM_0
100
AcDbLine
 10
75.0
 20
676.0
 30
0.0
 11
75.0
 21
0.0000000000000035
 31
0.0
  0
LINE
  5
2AB
330
237
100
AcDbEntity
  8
AM_0
100
AcDbLine
 10
-63.0
 20
93.99999999999999
 30
0.0
 11
-75.0
 21
94.0
 31
0.0
  0
LINE
  5
2AC
330
237
100
AcDbEntity
  8
AM_0
100
AcDbLine
 10
75.0
 20
676.0
 30
0.0
 11
-75.0
 21
676.0
 31
0.0
  0
LINE
  5
2AD
330
237
100
AcDbEntity
  8
AM_0
100
AcDbLine
 10
-63.0
 20
50.00000000000001
 30
0.0
 11
-75.0
 21
50.00000000000001
 31
0.0
  0
LINE
  5
2AE
330
237
100
AcDbEntity
  8
AM_0
100
AcDbLine
 10
-75.0
 20
74.0
 30
0.0
 11
-63.0
 21
74.0
 31
0.0
  0
LINE
  5
2AF
330
237
100
AcDbEntity
  8
AM_0
100
AcDbLine
 10
-75.0
 20
30.00000000000002
 30
0.0
 11
-63.0
 21
30.0
 31
0.0
  0
LINE
  5
2B0
330
237
100
AcDbEntity
  8
AM_0
100
AcDbLine
 10
-75.0
 20
676.0
 30
0.0
 11
-75.0
 21
0.0000000000000035
 31
0.0
  0
LINE
  5
2B1
330
237
100
AcDbEntity
  8
AM_0
100
AcDbLine
 10
63.0
 20
73.99999999999996
 30
0.0
 11
75.0
 21
74.0
 31
0.0
  0
LINE
  5
2B2
330
237
100
AcDbEntity
  8
AM_0
100
AcDbLine
 10
75.0
 20
50.00000000000001
 30
0.0
 11
63.0
 21
50.00000000000001
 31
0.0
  0
LINE
  5
2B3
330
237
100
AcDbEntity
  8
AM_0
100
AcDbLine
 10
75.0
 20
0.0000000000000035
 30
0.0
 11
-75.0
 21
0.0000000000000035
 31
0.0
  0
LINE
  5
2B4
330
237
100
AcDbEntity
  8
AM_0
100
AcDbLine
 10
63.0
 20
30.00000000000003
 30
0.0
 11
75.0
 21
30.0
 31
0.0
  0
LINE
  5
2B5
330
237
100
AcDbEntity
  8
AM_0
100
AcDbLine
 10
72.00000000000001
 20
676.0
 30
0.0
 11
72.00000000000001
 21
94.0
 31
0.0
  0
LINE
  5
2B6
330
237
100
AcDbEntity
  8
AM_0
100
AcDbLine
 10
-72.00000000000001
 20
676.0
 30
0.0
 11
-72.00000000000001
 21
94.0
 31
0.0
  0
ARC
  5
2B7
330
237
100
AcDbEntity
  8
AM_0
100
AcDbCircle
 10
-63.0
 20
84.0
 30
0.0
 40
10.0
100
AcDbArc
 50
270.0
 51
90.0
  0
LINE
  5
2B8
330
237
100
AcDbEntity
  8
AM_0
100
AcDbLine
 10
-72.00000000000001
 20
74.0
 30
0.0
 11
-72.00000000000001
 21
50.00000000000001
 31
0.0
  0
ARC
  5
2B9
330
237
100
AcDbEntity
  8
AM_0
100
AcDbCircle
 10
-63.0
 20
40.00000000000001
 30
0.0
 40
10.0
100
AcDbArc
 50
270.0
 51
90.0
  0
LINE
  5
2BA
330
237
100
AcDbEntity
  8
AM_0
100
AcDbLine
 10
-72.00000000000001
 20
30.0
 30
0.0
 11
-72.00000000000001
 21
0.0000000000000037
 31
0.0
  0
LINE
  5
2BB
330
237
100
AcDbEntity
  8
AM_0
100
AcDbLine
 10
72.00000000000001
 20
30.0
 30
0.0
 11
72.00000000000001
 21
0.0000000000000037
 31
0.0
  0
ARC
  5
2BC
330
237
100
AcDbEntity
  8
AM_0
100
AcDbCircle
 10
62.99999999999999
 20
40.00000000000001
 30
0.0
 40
9.999999999999993
100
AcDbArc
 50
89.99999999999996
 51
270.0
  0
LINE
  5
2BD
330
237
100
AcDbEntity
  8
AM_0
100
AcDbLine
 10
72.00000000000001
 20
74.0
 30
0.0
 11
72.00000000000001
 21
50.00000000000001
 31
0.0
  0
ARC
  5
2BE
330
237
100
AcDbEntity
  8
AM_0
100
AcDbCircle
 10
63.00000000000003
 20
83.99999999999999
 30
0.0
 40
10.00000000000001
100
AcDbArc
 50
90.00000000000016
 51
269.9999999999998
  0
CIRCLE
  5
2BF
330
237
100
AcDbEntity
  8
AM_0
100
AcDbCircle
 10
0.0
 20
7.000000000000004
 30
0.0
 40
2.4
  0
CIRCLE
  5
2C0
330
237
100
AcDbEntity
  8
AM_0
100
AcDbCircle
 10
0.0
 20
7.000000000000004
 30
0.0
 40
2.458500000000006
  0
LINE
  5
2C1
330
237
100
AcDbEntity
  8
AM_0
100
AcDbLine
 10
1.443375672974064
 20
7.000000000000004
 30
0.0
 11
0.7216878364870322
 21
8.250000000000004
 31
0.0
  0
LINE
  5
2C2
330
237
100
AcDbEntity
  8
AM_0
100
AcDbLine
 10
0.7216878364870323
 20
5.750000000000004
 30
0.0
 11
1.443375672974064
 21
7.000000000000004
 31
0.0
  0
LINE
  5
2C3
330
237
100
AcDbEntity
  8
AM_0
100
AcDbLine
 10
-0.7216878364870323
 20
8.250000000000004
 30
0.0
 11
-1.443375672974064
 21
7.000000000000004
 31
0.0
  0
LINE
  5
2C4
330
237
100
AcDbEntity
  8
AM_0
100
AcDbLine
 10
0.7216878364870322
 20
8.250000000000004
 30
0.0
 11
-0.7216878364870323
 21
8.250000000000004
 31
0.0
  0
LINE
  5
2C5
330
237
100
AcDbEntity
  8
AM_0
100
AcDbLine
 10
-0.7216878364870322
 20
5.750000000000004
 30
0.0
 11
0.7216878364870323
 21
5.750000000000004
 31
0.0
  0
LINE
  5
2C6
330
237
100
AcDbEntity
  8
AM_0
100
AcDbLine
 10
-1.443375672974064
 20
7.000000000000004
 30
0.0
 11
-0.7216878364870322
 21
5.750000000000004
 31
0.0
  0
CIRCLE
  5
2C7
330
237
100
AcDbEntity
  8
AM_0
100
AcDbCircle
 10
0.0
 20
7.000000000000004
 30
0.0
 40
1.900000000000001
  0
ARC
  5
2C8
330
237
100
AcDbEntity
  8
AM_5
100
AcDbCircle
 10
-0.0000000000000006
 20
7.000000000000005
 30
0.0
 40
3.0
100
AcDbArc
 50
75.0
 51
14.99999999999994
  0
ARC
  5
2C9
330
237
100
AcDbEntity
  8
AM_5
100
AcDbCircle
 10
0.0000000000000167
 20
669.0
 30
0.0
 40
3.000000000000175
100
AcDbArc
 50
75.00000000000172
 51
15.0000000000033
  0
ENDBLK
  5
2CA
330
237
100
AcDbEntity
  8
0
100
AcDbBlockEnd
  0
BLOCK
  5
2F5
330
2F4
100
AcDbEntity
  8
0
100
AcDbBlockBegin
  2
*D11
 70
     1
 10
0.0
 20
0.0
 30
0.0
  3
*D11
  1

  0
LINE
  5
30E
330
2F4
100
AcDbEntity
  8
AM_5
 62
     0
370
    -2
100
AcDbLine
 10
-75.91502411778768
 20
-873.9006215520683
 30
0.0
 11
-105.4150241177874
 21
-873.9006215520683
 31
0.0
  0
LINE
  5
30F
330
2F4
100
AcDbEntity
  8
AM_5
 62
     0
370
    -2
100
AcDbLine
 10
-75.91502411778768
 20
-829.9006215520683
 30
0.0
 11
-105.4150241177874
 21
-829.9006215520683
 31
0.0
  0
LINE
  5
310
330
2F4
100
AcDbEntity
  8
AM_5
 62
     0
370
    -2
100
AcDbLine
 10
-105.4150241177874
 20
-869.7339548854017
 30
0.0
 11
-105.4150241177874
 21
-857.5672882187347
 31
0.0
  0
LINE
  5
311
330
2F4
100
AcDbEntity
  8
AM_5
 62
     0
370
    -2
100
AcDbLine
 10
-105.4150241177874
 20
-834.0672882187349
 30
0.0
 11
-105.4150241177874
 21
-846.2339548854014
 31
0.0
  0
SOLID
  5
312
330
2F4
100
AcDbEntity
  8
AM_5
 62
     0
100
AcDbTrace
 10
-106.1094685622319
 20
-869.7339548854017
 30
0.0
 11
-104.720579673343
 21
-869.7339548854017
 31
0.0
 12
-105.4150241177874
 22
-873.9006215520683
 32
0.0
 13
-105.4150241177874
 23
-873.9006215520683
 33
0.0
  0
SOLID
  5
313
330
2F4
100
AcDbEntity
  8
AM_5
 62
     0
100
AcDbTrace
 10
-106.1094685622319
 20
-834.0672882187349
 30
0.0
 11
-104.720579673343
 21
-834.0672882187349
 31
0.0
 12
-105.4150241177874
 22
-829.9006215520683
 32
0.0
 13
-105.4150241177874
 23
-829.9006215520683
 33
0.0
  0
MTEXT
  5
314
330
2F4
100
AcDbEntity
  8
AM_5
 62
     0
100
AcDbMText
 10
-105.4150241177877
 20
-851.9006215520678
 30
0.0
 40
5.0
 41
0.0
 46
0.0
 71
     5
 72
     1
  1
44
 11
6.123233995736766E-17
 21
1.0
 31
0.0
 73
     1
 44
1.0
  0
POINT
  5
315
330
2F4
100
AcDbEntity
  8
Defpoints
 62
     0
100
AcDbPoint
 10
-75.91502411778768
 20
-873.9006215520683
 30
0.0
  0
POINT
  5
316
330
2F4
100
AcDbEntity
  8
Defpoints
 62
     0
100
AcDbPoint
 10
-75.91502411778768
 20
-829.9006215520683
 30
0.0
  0
POINT
  5
317
330
2F4
100
AcDbEntity
  8
Defpoints
 62
     0
100
AcDbPoint
 10
-105.4150241177874
 20
-829.9006215520683
 30
0.0
  0
ENDBLK
  5
2F6
330
2F4
100
AcDbEntity
  8
0
100
AcDbBlockEnd
  0
BLOCK
  5
302
330
301
100
AcDbEntity
  8
0
100
AcDbBlockBegin
  2
*D12
 70
     1
 10
0.0
 20
0.0
 30
0.0
  3
*D12
  1

  0
LINE
  5
318
330
301
100
AcDbEntity
  8
AM_5
 62
     0
370
    -2
100
AcDbLine
 10
-75.91502411778768
 20
-873.9006215520683
 30
0.0
 11
-105.4150241177874
 21
-873.9006215520683
 31
0.0
  0
LINE
  5
319
330
301
100
AcDbEntity
  8
AM_5
 62
     0
370
    -2
100
AcDbLine
 10
-87.91502411778768
 20
-913.9006215520683
 30
0.0
 11
-105.4150241177874
 21
-913.9006215520683
 31
0.0
  0
LINE
  5
31A
330
301
100
AcDbEntity
  8
AM_5
 62
     0
370
    -2
100
AcDbLine
 10
-105.4150241177874
 20
-878.0672882187349
 30
0.0
 11
-105.4150241177874
 21
-888.6506215520681
 31
0.0
  0
LINE
  5
31B
330
301
100
AcDbEntity
  8
AM_5
 62
     0
370
    -2
100
AcDbLine
 10
-105.4150241177874
 20
-909.7339548854017
 30
0.0
 11
-105.4150241177874
 21
-899.1506215520681
 31
0.0
  0
SOLID
  5
31C
330
301
100
AcDbEntity
  8
AM_5
 62
     0
100
AcDbTrace
 10
-106.1094685622319
 20
-878.0672882187349
 30
0.0
 11
-104.720579673343
 21
-878.0672882187349
 31
0.0
 12
-105.4150241177874
 22
-873.9006215520683
 32
0.0
 13
-105.4150241177874
 23
-873.9006215520683
 33
0.0
  0
SOLID
  5
31D
330
301
100
AcDbEntity
  8
AM_5
 62
     0
100
AcDbTrace
 10
-106.1094685622319
 20
-909.7339548854017
 30
0.0
 11
-104.720579673343
 21
-909.7339548854017
 31
0.0
 12
-105.4150241177874
 22
-913.9006215520683
 32
0.0
 13
-105.4150241177874
 23
-913.9006215520683
 33
0.0
  0
MTEXT
  5
31E
330
301
100
AcDbEntity
  8
AM_5
 62
     0
100
AcDbMText
 10
-105.4150241177877
 20
-893.9006215520678
 30
0.0
 40
5.0
 41
0.0
 46
0.0
 71
     5
 72
     1
  1
40
 11
6.123233995736766E-17
 21
1.0
 31
0.0
 73
     1
 44
1.0
  0
POINT
  5
31F
330
301
100
AcDbEntity
  8
Defpoints
 62
     0
100
AcDbPoint
 10
-75.91502411778768
 20
-873.9006215520683
 30
0.0
  0
POINT
  5
320
330
301
100
AcDbEntity
  8
Defpoints
 62
     0
100
AcDbPoint
 10
-87.91502411778768
 20
-913.9006215520683
 30
0.0
  0
POINT
  5
321
330
301
100
AcDbEntity
  8
Defpoints
 62
     0
100
AcDbPoint
 10
-105.4150241177874
 20
-913.9006215520683
 30
0.0
  0
ENDBLK
  5
303
330
301
100
AcDbEntity
  8
0
100
AcDbBlockEnd
  0
BLOCK
  5
323
330
322
100
AcDbEntity
  8
0
100
AcDbBlockBegin
  2
1_JECX_MF_INLA_80_550_0_rod__0_in_JECX_MF_160_INLA_80_550_0__2
 70
     2
 10
0.0
 20
0.0
 30
0.0
  3
1_JECX_MF_INLA_80_550_0_rod__0_in_JECX_MF_160_INLA_80_550_0__2
  1

  0
ATTDEF
  5
324
330
322
100
AcDbEntity
  8
AM_6
100
AcDbText
 10
705.0
 20
40.0
 30
0.0
 40
0.5
  1
JECX-MF-INLA-80-550(0_rod)
100
AcDbAttributeDefinition
  3

  2
NB
 70
     8
280
     0
 71
     1
 72
     0
 11
0.0
 21
0.0
 31
0.0
  0
ATTDEF
  5
325
330
322
100
AcDbEntity
  8
AM_6
100
AcDbText
 10
705.0
 20
39.5
 30
0.0
 40
0.5
  1
JECX
100
AcDbAttributeDefinition
  3

  2
NN
 70
     8
280
     0
 71
     1
 72
     0
 11
0.0
 21
0.0
 31
0.0
  0
ATTDEF
  5
326
330
322
100
AcDbEntity
  8
AM_6
100
AcDbText
 10
705.0
 20
39.0
 30
0.0
 40
0.5
  1
Europe thin cylinder
100
AcDbAttributeDefinition
  3

  2
NT
 70
     8
280
     0
 71
     1
 72
     0
 11
0.0
 21
0.0
 31
0.0
  0
ATTDEF
  5
327
330
322
100
AcDbEntity
  8
AM_6
100
AcDbText
 10
705.0
 20
38.5
 30
0.0
 40
0.5
  1
$MODEL.-$TYPE.$CT.-$THREAD.$IT.-$BORE.-$STROKE.$PM.($POS._rod)
100
AcDbAttributeDefinition
  3

  2
NBSYN
 70
     8
280
     0
 71
     1
 72
     0
 11
0.0
 21
0.0
 31
0.0
  0
ATTDEF
  5
328
330
322
100
AcDbEntity
  8
AM_6
100
AcDbText
 10
705.0
 20
38.0
 30
0.0
 40
0.5
  1
JECX-MF-INLA-80-550(0_rod)
100
AcDbAttributeDefinition
  3

  2
LINA
 70
     8
280
     0
 71
     1
 72
     0
 11
0.0
 21
0.0
 31
0.0
  0
ATTDEF
  5
329
330
322
100
AcDbEntity
  8
AM_6
100
AcDbText
 10
705.0
 20
37.5
 30
0.0
 40
0.5
  1
JUFAN
100
AcDbAttributeDefinition
  3

  2
CATALOG
 70
     8
280
     0
 71
     1
 72
     0
 11
0.0
 21
0.0
 31
0.0
  0
ATTDEF
  5
32A
330
322
100
AcDbEntity
  8
AM_6
100
AcDbText
 10
705.0
 20
37.0
 30
0.0
 40
0.5
  1
JECX
100
AcDbAttributeDefinition
  3

  2
MODEL
 70
     8
280
     0
 71
     1
 72
     0
 11
0.0
 21
0.0
 31
0.0
  0
ATTDEF
  5
32B
330
322
100
AcDbEntity
  8
AM_6
100
AcDbText
 10
705.0
 20
36.5
 30
0.0
 40
0.5
  1
MF:Oil circuit board
100
AcDbAttributeDefinition
  3

  2
TYPE
 70
     8
280
     0
 71
     1
 72
     0
 11
0.0
 21
0.0
 31
0.0
  0
ATTDEF
  5
32C
330
322
100
AcDbEntity
  8
AM_6
100
AcDbText
 10
705.0
 20
36.0
 30
0.0
 40
0.5
  1
Blank:standard
100
AcDbAttributeDefinition
  3

  2
CT
 70
     8
280
     0
 71
     1
 72
     0
 11
0.0
 21
0.0
 31
0.0
  0
ATTDEF
  5
32D
330
322
100
AcDbEntity
  8
AM_6
100
AcDbText
 10
705.0
 20
35.5
 30
0.0
 40
0.5
  1
IN:InnerKK1
100
AcDbAttributeDefinition
  3

  2
THREAD
 70
     8
280
     0
 71
     1
 72
     0
 11
0.0
 21
0.0
 31
0.0
  0
ATTDEF
  5
32E
330
322
100
AcDbEntity
  8
AM_6
100
AcDbText
 10
705.0
 20
35.0
 30
0.0
 40
0.5
  1
LA:Radial type
100
AcDbAttributeDefinition
  3

  2
IT
 70
     8
280
     0
 71
     1
 72
     0
 11
0.0
 21
0.0
 31
0.0
  0
ATTDEF
  5
32F
330
322
100
AcDbEntity
  8
AM_6
100
AcDbText
 10
705.0
 20
34.5
 30
0.0
 40
0.5
  1
80
100
AcDbAttributeDefinition
  3

  2
BORE
 70
     8
280
     0
 71
     1
 72
     0
 11
0.0
 21
0.0
 31
0.0
  0
ATTDEF
  5
330
330
322
100
AcDbEntity
  8
AM_6
100
AcDbText
 10
705.0
 20
34.0
 30
0.0
 40
0.5
  1
550
100
AcDbAttributeDefinition
  3

  2
STROKE
 70
     8
280
     0
 71
     1
 72
     0
 11
0.0
 21
0.0
 31
0.0
  0
ATTDEF
  5
331
330
322
100
AcDbEntity
  8
AM_6
100
AcDbText
 10
705.0
 20
33.5
 30
0.0
 40
0.5
  1
0
100
AcDbAttributeDefinition
  3

  2
POS
 70
     8
280
     0
 71
     1
 72
     0
 11
0.0
 21
0.0
 31
0.0
  0
ATTDEF
  5
332
330
322
100
AcDbEntity
  8
AM_6
100
AcDbText
 10
705.0
 20
33.0
 30
0.0
 40
0.5
  1
[5:700]
100
AcDbAttributeDefinition
  3

  2
ST
 70
     8
280
     0
 71
     1
 72
     0
 11
0.0
 21
0.0
 31
0.0
  0
ATTDEF
  5
333
330
322
100
AcDbEntity
  8
AM_6
100
AcDbText
 10
705.0
 20
32.5
 30
0.0
 40
0.5
  1
1：(PU) (standard usage)
100
AcDbAttributeDefinition
  3

  2
PM
 70
     8
280
     0
 71
     1
 72
     0
 11
0.0
 21
0.0
 31
0.0
  0
ATTDEF
  5
334
330
322
100
AcDbEntity
  8
AM_6
100
AcDbText
 10
705.0
 20
32.0
 30
0.0
 40
0.5
  1
45
100
AcDbAttributeDefinition
  3

  2
MM
 70
     8
280
     0
 71
     1
 72
     0
 11
0.0
 21
0.0
 31
0.0
  0
ATTDEF
  5
335
330
322
100
AcDbEntity
  8
AM_6
100
AcDbText
 10
705.0
 20
31.5
 30
0.0
 40
0.5
  1
150
100
AcDbAttributeDefinition
  3

  2
EA
 70
     8
280
     0
 71
     1
 72
     0
 11
0.0
 21
0.0
 31
0.0
  0
ATTDEF
  5
336
330
322
100
AcDbEntity
  8
AM_6
100
AcDbText
 10
705.0
 20
31.0
 30
0.0
 40
0.5
  1
16
100
AcDbAttributeDefinition
  3

  2
TW
 70
     8
280
     0
 71
     1
 72
     0
 11
0.0
 21
0.0
 31
0.0
  0
ATTDEF
  5
337
330
322
100
AcDbEntity
  8
AM_6
100
AcDbText
 10
705.0
 20
30.5
 30
0.0
 40
0.5
  1
13.0
100
AcDbAttributeDefinition
  3

  2
FB
 70
     8
280
     0
 71
     1
 72
     0
 11
0.0
 21
0.0
 31
0.0
  0
ATTDEF
  5
338
330
322
100
AcDbEntity
  8
AM_6
100
AcDbText
 10
705.0
 20
30.0
 30
0.0
 40
0.5
  1
20.0
100
AcDbAttributeDefinition
  3

  2
FG
 70
     8
280
     0
 71
     1
 72
     0
 11
0.0
 21
0.0
 31
0.0
  0
ATTDEF
  5
339
330
322
100
AcDbEntity
  8
AM_6
100
AcDbText
 10
705.0
 20
29.5
 30
0.0
 40
0.5
  1
13.0
100
AcDbAttributeDefinition
  3

  2
BT
 70
     8
280
     0
 71
     1
 72
     0
 11
0.0
 21
0.0
 31
0.0
  0
ATTDEF
  5
33A
330
322
100
AcDbEntity
  8
AM_6
100
AcDbText
 10
705.0
 20
29.0
 30
0.0
 40
0.5
  1
126
100
AcDbAttributeDefinition
  3

  2
TS
 70
     8
280
     0
 71
     1
 72
     0
 11
0.0
 21
0.0
 31
0.0
  0
ATTDEF
  5
33B
330
322
100
AcDbEntity
  8
AM_6
100
AcDbText
 10
705.0
 20
28.5
 30
0.0
 40
0.5
  1
44
100
AcDbAttributeDefinition
  3

  2
F
 70
     8
280
     0
 71
     1
 72
     0
 11
0.0
 21
0.0
 31
0.0
  0
ATTDEF
  5
33C
330
322
100
AcDbEntity
  8
AM_6
100
AcDbText
 10
705.0
 20
28.0
 30
0.0
 40
0.5
  1
130
100
AcDbAttributeDefinition
  3

  2
EB
 70
     8
280
     0
 71
     1
 72
     0
 11
0.0
 21
0.0
 31
0.0
  0
ATTDEF
  5
33D
330
322
100
AcDbEntity
  8
AM_6
100
AcDbText
 10
705.0
 20
27.5
 30
0.0
 40
0.5
  1
70
100
AcDbAttributeDefinition
  3

  2
LH
 70
     8
280
     0
 71
     1
 72
     0
 11
0.0
 21
0.0
 31
0.0
  0
ATTDEF
  5
33E
330
322
100
AcDbEntity
  8
AM_6
100
AcDbText
 10
705.0
 20
27.0
 30
0.0
 40
0.5
  1
36
100
AcDbAttributeDefinition
  3

  2
K
 70
     8
280
     0
 71
     1
 72
     0
 11
0.0
 21
0.0
 31
0.0
  0
ATTDEF
  5
33F
330
322
100
AcDbEntity
  8
AM_6
100
AcDbText
 10
705.0
 20
26.5
 30
0.0
 40
0.5
  1
140
100
AcDbAttributeDefinition
  3

  2
ZJ
 70
     8
280
     0
 71
     1
 72
     0
 11
0.0
 21
0.0
 31
0.0
  0
ATTDEF
  5
340
330
322
100
AcDbEntity
  8
AM_6
100
AcDbText
 10
705.0
 20
26.0
 30
0.0
 40
0.5
  1
126
100
AcDbAttributeDefinition
  3

  2
LL
 70
     8
280
     0
 71
     1
 72
     0
 11
0.0
 21
0.0
 31
0.0
  0
ATTDEF
  5
341
330
322
100
AcDbEntity
  8
AM_6
100
AcDbText
 10
705.0
 20
25.5
 30
0.0
 40
0.5
  1
5
100
AcDbAttributeDefinition
  3

  2
PC
 70
     8
280
     0
 71
     1
 72
     0
 11
0.0
 21
0.0
 31
0.0
  0
ATTDEF
  5
342
330
322
100
AcDbEntity
  8
AM_6
100
AcDbText
 10
705.0
 20
25.0
 30
0.0
 40
0.5
  1
62
100
AcDbAttributeDefinition
  3

  2
TX
 70
     8
280
     0
 71
     1
 72
     0
 11
0.0
 21
0.0
 31
0.0
  0
ATTDEF
  5
343
330
322
100
AcDbEntity
  8
AM_6
100
AcDbText
 10
705.0
 20
24.5
 30
0.0
 40
0.5
  1
14
100
AcDbAttributeDefinition
  3

  2
WF
 70
     8
280
     0
 71
     1
 72
     0
 11
0.0
 21
0.0
 31
0.0
  0
ATTDEF
  5
344
330
322
100
AcDbEntity
  8
AM_6
100
AcDbText
 10
705.0
 20
24.0
 30
0.0
 40
0.5
  1
Φ22X1.8DP底孔Φ14
100
AcDbAttributeDefinition
  3

  2
EF
 70
     8
280
     0
 71
     1
 72
     0
 11
0.0
 21
0.0
 31
0.0
  0
ATTDEF
  5
345
330
322
100
AcDbEntity
  8
AM_6
100
AcDbText
 10
705.0
 20
23.5
 30
0.0
 40
0.5
  1
22.000
100
AcDbAttributeDefinition
  3

  2
EF1
 70
     8
280
     0
 71
     1
 72
     0
 11
0.0
 21
0.0
 31
0.0
  0
ATTDEF
  5
346
330
322
100
AcDbEntity
  8
AM_6
100
AcDbText
 10
705.0
 20
23.0
 30
0.0
 40
0.5
  1
1.800
100
AcDbAttributeDefinition
  3

  2
DP
 70
     8
280
     0
 71
     1
 72
     0
 11
0.0
 21
0.0
 31
0.0
  0
ATTDEF
  5
347
330
322
100
AcDbEntity
  8
AM_6
100
AcDbText
 10
705.0
 20
22.5
 30
0.0
 40
0.5
  1
14.000
100
AcDbAttributeDefinition
  3

  2
EF2
 70
     8
280
     0
 71
     1
 72
     0
 11
0.0
 21
0.0
 31
0.0
  0
ATTDEF
  5
348
330
322
100
AcDbEntity
  8
AM_6
100
AcDbText
 10
705.0
 20
22.0
 30
0.0
 40
0.5
  1
M27X2.0
100
AcDbAttributeDefinition
  3

  2
KK1
 70
     8
280
     0
 71
     1
 72
     0
 11
0.0
 21
0.0
 31
0.0
  0
ATTDEF
  5
349
330
322
100
AcDbEntity
  8
AM_6
100
AcDbText
 10
705.0
 20
21.5
 30
0.0
 40
0.5
  1
27.000
100
AcDbAttributeDefinition
  3

  2
KK11
 70
     8
280
     0
 71
     1
 72
     0
 11
0.0
 21
0.0
 31
0.0
  0
ATTDEF
  5
34A
330
322
100
AcDbEntity
  8
AM_6
100
AcDbText
 10
705.0
 20
21.0
 30
0.0
 40
0.5
  1
2.000
100
AcDbAttributeDefinition
  3

  2
KK12
 70
     8
280
     0
 71
     1
 72
     0
 11
0.0
 21
0.0
 31
0.0
  0
ATTDEF
  5
34B
330
322
100
AcDbEntity
  8
AM_6
100
AcDbText
 10
705.0
 20
20.5
 30
0.0
 40
0.5
  1
M33X2.0
100
AcDbAttributeDefinition
  3

  2
KK2
 70
     8
280
     0
 71
     1
 72
     0
 11
0.0
 21
0.0
 31
0.0
  0
ATTDEF
  5
34C
330
322
100
AcDbEntity
  8
AM_6
100
AcDbText
 10
705.0
 20
20.0
 30
0.0
 40
0.5
  1
33.000
100
AcDbAttributeDefinition
  3

  2
KK21
 70
     8
280
     0
 71
     1
 72
     0
 11
0.0
 21
0.0
 31
0.0
  0
ATTDEF
  5
34D
330
322
100
AcDbEntity
  8
AM_6
100
AcDbText
 10
705.0
 20
19.5
 30
0.0
 40
0.5
  1
2.000
100
AcDbAttributeDefinition
  3

  2
KK22
 70
     8
280
     0
 71
     1
 72
     0
 11
0.0
 21
0.0
 31
0.0
  0
ATTDEF
  5
34E
330
322
100
AcDbEntity
  8
AM_6
100
AcDbText
 10
705.0
 20
19.0
 30
0.0
 40
0.5
  1
42
100
AcDbAttributeDefinition
  3

  2
NBB
 70
     8
280
     0
 71
     1
 72
     0
 11
0.0
 21
0.0
 31
0.0
  0
ATTDEF
  5
34F
330
322
100
AcDbEntity
  8
AM_6
100
AcDbText
 10
705.0
 20
18.5
 30
0.0
 40
0.5
  1
50
100
AcDbAttributeDefinition
  3

  2
A1
 70
     8
280
     0
 71
     1
 72
     0
 11
0.0
 21
0.0
 31
0.0
  0
ATTDEF
  5
350
330
322
100
AcDbEntity
  8
AM_6
100
AcDbText
 10
705.0
 20
18.0
 30
0.0
 40
0.5
  1
30
100
AcDbAttributeDefinition
  3

  2
NC
 70
     8
280
     0
 71
     1
 72
     0
 11
0.0
 21
0.0
 31
0.0
  0
ATTDEF
  5
351
330
322
100
AcDbEntity
  8
AM_6
100
AcDbText
 10
705.0
 20
17.5
 30
0.0
 40
0.5
  1
20
100
AcDbAttributeDefinition
  3

  2
ND
 70
     8
280
     0
 71
     1
 72
     0
 11
0.0
 21
0.0
 31
0.0
  0
ATTDEF
  5
352
330
322
100
AcDbEntity
  8
AM_6
100
AcDbText
 10
705.0
 20
17.0
 30
0.0
 40
0.5
  1
20
100
AcDbAttributeDefinition
  3

  2
NE
 70
     8
280
     0
 71
     1
 72
     0
 11
0.0
 21
0.0
 31
0.0
  0
ATTDEF
  5
353
330
322
100
AcDbEntity
  8
AM_6
100
AcDbText
 10
705.0
 20
16.5
 30
0.0
 40
0.5
  1
2.0
100
AcDbAttributeDefinition
  3

  2
N
 70
     8
280
     0
 71
     1
 72
     0
 11
0.0
 21
0.0
 31
0.0
  0
ATTDEF
  5
354
330
322
100
AcDbEntity
  8
AM_6
100
AcDbText
 10
705.0
 20
16.0
 30
0.0
 40
0.5
  1
2
100
AcDbAttributeDefinition
  3

  2
R
 70
     8
280
     0
 71
     1
 72
     0
 11
0.0
 21
0.0
 31
0.0
  0
ATTDEF
  5
355
330
322
100
AcDbEntity
  8
AM_6
100
AcDbText
 10
705.0
 20
15.5
 30
0.0
 40
0.5
  1
12
100
AcDbAttributeDefinition
  3

  2
S
 70
     8
280
     0
 71
     1
 72
     0
 11
0.0
 21
0.0
 31
0.0
  0
ATTDEF
  5
356
330
322
100
AcDbEntity
  8
AM_6
100
AcDbText
 10
705.0
 20
15.0
 30
0.0
 40
0.5
  1
16.500
100
AcDbAttributeDefinition
  3

  2
A
 70
     8
280
     0
 71
     1
 72
     0
 11
0.0
 21
0.0
 31
0.0
  0
ATTDEF
  5
357
330
322
100
AcDbEntity
  8
AM_6
100
AcDbText
 10
705.0
 20
14.5
 30
0.0
 40
0.5
  1
50.000
100
AcDbAttributeDefinition
  3

  2
SS
 70
     8
280
     0
 71
     1
 72
     0
 11
0.0
 21
0.0
 31
0.0
  0
ATTDEF
  5
358
330
322
100
AcDbEntity
  8
AM_6
100
AcDbText
 10
705.0
 20
14.0
 30
0.0
 40
0.5
  1
3.000
100
AcDbAttributeDefinition
  3

  2
K13
 70
     8
280
     0
 71
     1
 72
     0
 11
0.0
 21
0.0
 31
0.0
  0
ATTDEF
  5
359
330
322
100
AcDbEntity
  8
AM_6
100
AcDbText
 10
705.0
 20
13.5
 30
0.0
 40
0.5
  1
jufan
100
AcDbAttributeDefinition
  3

  2
COMPANY
 70
     8
280
     0
 71
     1
 72
     0
 11
0.0
 21
0.0
 31
0.0
  0
ATTDEF
  5
35A
330
322
100
AcDbEntity
  8
AM_6
100
AcDbText
 10
705.0
 20
13.0
 30
0.0
 40
0.5
  1
{$CADENAS_DATA/23d-libs/jufan/oil_pressure_product/jecx/parts/jecx_rod.prj},231 {VTYP=3D},{NB=JECX-MF-INLA-80-550(0_rod)},{LINA=JECX-MF-INLA-80-550(0_rod)},{NN=JECX},{DATE=05.09.2023 02:33:13},{GEOMDATE=02.11.2021 03:34:35},{VERSION=},{LINEID=60},{WBVAR=T
100
AcDbAttributeDefinition
  3

  2
PSOL_0
 70
     9
280
     0
 71
     1
 72
     0
 11
0.0
 21
0.0
 31
0.0
  0
ATTDEF
  5
35B
330
322
100
AcDbEntity
  8
AM_6
100
AcDbText
 10
705.0
 20
12.5
 30
0.0
 40
0.5
  1
YPE,CT,THREAD,IT,STROKE,POS,PM},{WBNUMERIC=STROKE,POS}  {NB=JECX-MF-INLA-80-550(0_rod)},{LINA=JECX-MF-INLA-80-550(0_rod)},{KT=DUMMY},{MODEL=JECX},{TYPE=MF},{CT=},{THREAD=IN},{IT=LA},{BORE=80},{STROKE=550},{POS=0},{ST=[5:700]},{PM=},{MM=45},{EA=150},{TW=16
100
AcDbAttributeDefinition
  3

  2
PSOL_1
 70
     9
280
     0
 71
     1
 72
     0
 11
0.0
 21
0.0
 31
0.0
  0
ATTDEF
  5
35C
330
322
100
AcDbEntity
  8
AM_6
100
AcDbText
 10
705.0
 20
12.0
 30
0.0
 40
0.5
  1
},{FB=13.0},{FG=20.0},{BT=13.0},{TS=126},{F=44},{EB=130},{LH=70},{K=36},{ZJ=140},{LL=126},{PC=5},{TX=62},{WF=14},{EF=Φ22X1.8DP底孔Φ14},{EF1=22.000},{DP=1.800},{EF2=14.000},{KK1=M27X2.0},{KK11=27.000},{KK12=2.000},{KK2=M33X2.0},{KK21=33.000},{KK22=2.000},{NB
100
AcDbAttributeDefinition
  3

  2
PSOL_2
 70
     9
280
     0
 71
     1
 72
     0
 11
0.0
 21
0.0
 31
0.0
  0
ATTDEF
  5
35D
330
322
100
AcDbEntity
  8
AM_6
100
AcDbText
 10
705.0
 20
11.5
 30
0.0
 40
0.5
  1
B=42},{A1=50},{NC=30},{ND=20},{NE=20},{N=2.0},{R=2},{S=12},{A=16.500},{SS=50.000},{K13=3.000}
100
AcDbAttributeDefinition
  3

  2
PSOL_3
 70
     9
280
     0
 71
     1
 72
     0
 11
0.0
 21
0.0
 31
0.0
  0
LINE
  5
35E
330
322
100
AcDbEntity
  8
AM_9
100
AcDbLine
 10
46.16924696766218
 20
0.0
 30
0.0
 11
39.00000000000001
 21
12.4175
 31
0.0
  0
LINE
  5
35F
330
322
100
AcDbEntity
  8
AM_9
100
AcDbLine
 10
39.00000000000001
 20
-12.4175
 30
0.0
 11
46.16924696766218
 21
0.0
 31
0.0
  0
LINE
  5
360
330
322
100
AcDbEntity
  8
AM_9
100
AcDbLine
 10
-12.9175
 20
-12.4175
 30
0.0
 11
39.00000000000001
 21
-12.4175
 31
0.0
  0
LINE
  5
361
330
322
100
AcDbEntity
  8
AM_9
100
AcDbLine
 10
39.00000000000001
 20
12.4175
 30
0.0
 11
-12.9175
 21
12.4175
 31
0.0
  0
LINE
  5
362
330
322
100
AcDbEntity
  8
AM_9
100
AcDbLine
 10
39.00000000000001
 20
12.4175
 30
0.0
 11
39.00000000000001
 21
-12.4175
 31
0.0
  0
LINE
  5
363
330
322
100
AcDbEntity
  8
AM_9
100
AcDbLine
 10
-12.9175
 20
12.4175
 30
0.0
 11
-14.0
 21
13.5
 31
0.0
  0
LINE
  5
364
330
322
100
AcDbEntity
  8
AM_9
100
AcDbLine
 10
-14.0
 20
-13.5
 30
0.0
 11
-12.9175
 21
-12.4175
 31
0.0
  0
LINE
  5
365
330
322
100
AcDbEntity
  8
AM_9
100
AcDbLine
 10
-12.9175
 20
12.4175
 30
0.0
 11
-12.9175
 21
-12.4175
 31
0.0
  0
LINE
  5
366
330
322
100
AcDbEntity
  8
AM_9
100
AcDbLine
 10
0.0
 20
-22.5
 30
0.0
 11
656.0
 21
-22.5
 31
0.0
  0
LINE
  5
367
330
322
100
AcDbEntity
  8
AM_9
100
AcDbLine
 10
656.0
 20
22.5
 30
0.0
 11
0.0
 21
22.5
 31
0.0
  0
LINE
  5
368
330
322
100
AcDbEntity
  8
AM_9
100
AcDbLine
 10
656.0
 20
-40.0
 30
0.0
 11
666.0
 21
-40.0
 31
0.0
  0
LINE
  5
369
330
322
100
AcDbEntity
  8
AM_9
100
AcDbLine
 10
666.0
 20
40.0
 30
0.0
 11
656.0
 21
40.0
 31
0.0
  0
LINE
  5
36A
330
322
100
AcDbEntity
  8
AM_9
100
AcDbLine
 10
666.0
 20
40.0
 30
0.0
 11
666.0
 21
-40.0
 31
0.0
  0
LINE
  5
36B
330
322
100
AcDbEntity
  8
AM_9
100
AcDbLine
 10
656.0
 20
40.0
 30
0.0
 11
656.0
 21
-40.0
 31
0.0
  0
LINE
  5
36C
330
322
100
AcDbEntity
  8
AM_5
  6
Dashed
100
AcDbLine
 10
-14.0
 20
13.5
 30
0.0
 11
36.00000000000001
 21
13.5
 31
0.0
  0
LINE
  5
36D
330
322
100
AcDbEntity
  8
AM_5
  6
Dashed
100
AcDbLine
 10
36.00000000000001
 20
12.4175
 30
0.0
 11
36.00000000000001
 21
13.5
 31
0.0
  0
LINE
  5
36E
330
322
100
AcDbEntity
  8
AM_5
  6
Dashed
100
AcDbLine
 10
-14.0
 20
-13.5
 30
0.0
 11
36.00000000000001
 21
-13.5
 31
0.0
  0
LINE
  5
36F
330
322
100
AcDbEntity
  8
AM_5
  6
Dashed
100
AcDbLine
 10
36.00000000000001
 20
-12.4175
 30
0.0
 11
36.00000000000001
 21
-13.5
 31
0.0
  0
LINE
  5
370
330
322
100
AcDbEntity
  8
AM_7
100
AcDbLine
 10
-48.0
 20
0.0
 30
0.0
 11
700.0
 21
0.0
 31
0.0
  0
LINE
  5
371
330
322
100
AcDbEntity
  8
AM_0
100
AcDbLine
 10
-14.0
 20
-22.00000000000001
 30
0.0
 11
-13.00000000000001
 21
-22.5
 31
0.0
  0
LINE
  5
372
330
322
100
AcDbEntity
  8
AM_0
100
AcDbLine
 10
-13.00000000000001
 20
22.5
 30
0.0
 11
-14.0
 21
22.00000000000001
 31
0.0
  0
LINE
  5
373
330
322
100
AcDbEntity
  8
AM_0
100
AcDbLine
 10
-14.00000000000001
 20
22.0
 30
0.0
 11
-14.00000000000001
 21
-22.0
 31
0.0
  0
LINE
  5
374
330
322
100
AcDbEntity
  8
AM_0
100
AcDbLine
 10
-14.0
 20
-12.64911064067352
 30
0.0
 11
-13.00000000000001
 21
-13.5
 31
0.0
  0
LINE
  5
375
330
322
100
AcDbEntity
  8
AM_0
100
AcDbLine
 10
-13.00000000000001
 20
13.5
 30
0.0
 11
-14.0
 21
12.64911064067352
 31
0.0
  0
LINE
  5
376
330
322
100
AcDbEntity
  8
AM_0
100
AcDbLine
 10
-2.0
 20
13.5
 30
0.0
 11
-1.999999999999999
 21
-13.49999999999999
 31
0.0
  0
LWPOLYLINE
  5
377
330
322
100
AcDbEntity
  8
AM_0
100
AcDbPolyline
 90
       16
 70
     0
 43
0.0
 10
-1.999999999999937
 20
-13.50000000000003
 10
-1.639954180031765
 20
-11.87982505478075
 10
-1.327159557598925
 20
-10.16923746766011
 10
-1.063996688648685
 20
-8.381255843057094
 10
-0.8524684015158452
 20
-6.529487800747775
 10
-0.6941845541897562
 20
-4.628026413662238
 10
-0.590349782322969
 20
-2.691342951089978
 10
-0.5417543312265395
 20
-0.7341767435826181
 10
-0.5487680416260496
 20
1.228576992251443
 10
-0.6113375349503609
 20
3.181980515339402
 10
-0.7289866195747856
 20
5.11116724537326
 10
-0.900819914926871
 20
7.001454906462665
 10
-1.125529665873207
 20
8.83845726811983
 10
-1.401405695525636
 20
10.60819363316019
 10
-1.72634842072
 20
12.29719523924976
 10
-1.999999999999933
 20
13.50000000000002
  0
LINE
  5
378
330
322
100
AcDbEntity
  8
AM_0
100
AcDbLine
 10
-13.00000000000001
 20
-13.5
 30
0.0
 11
-1.999999999999999
 21
-13.49999999999999
 31
0.0
  0
LINE
  5
379
330
322
100
AcDbEntity
  8
AM_0
100
AcDbLine
 10
-13.00000000000001
 20
-13.5
 30
0.0
 11
-13.00000000000001
 21
-22.5
 31
0.0
  0
LINE
  5
37A
330
322
100
AcDbEntity
  8
AM_0
100
AcDbLine
 10
-2.0
 20
13.5
 30
0.0
 11
-13.00000000000001
 21
13.5
 31
0.0
  0
LINE
  5
37B
330
322
100
AcDbEntity
  8
AM_0
100
AcDbLine
 10
-13.00000000000001
 20
-22.5
 30
0.0
 11
0.0
 21
-22.5
 31
0.0
  0
LINE
  5
37C
330
322
100
AcDbEntity
  8
AM_0
100
AcDbLine
 10
0.0
 20
22.5
 30
0.0
 11
-13.00000000000001
 21
22.5
 31
0.0
  0
LINE
  5
37D
330
322
100
AcDbEntity
  8
AM_0
100
AcDbLine
 10
-13.00000000000001
 20
22.5
 30
0.0
 11
-13.00000000000001
 21
13.5
 31
0.0
  0
ENDBLK
  5
37E
330
322
100
AcDbEntity
  8
0
100
AcDbBlockEnd
  0
BLOCK
  5
380
330
37F
100
AcDbEntity
  8
0
100
AcDbBlockBegin
  2
2_JECX_MF_EXLA_80_550_0_body__0_in_JECX_MF_160_INLA_80_550_0__2
 70
     2
 10
0.0
 20
0.0
 30
0.0
  3
2_JECX_MF_EXLA_80_550_0_body__0_in_JECX_MF_160_INLA_80_550_0__2
  1

  0
ATTDEF
  5
381
330
37F
100
AcDbEntity
  8
AM_6
100
AcDbText
 10
681.5866025403784
 20
66.5
 30
0.0
 40
0.5
  1
JECX-MF-EXLA-80-550(0_body)
100
AcDbAttributeDefinition
  3

  2
NB
 70
     8
280
     0
 71
     1
 72
     0
 11
0.0
 21
0.0
 31
0.0
  0
ATTDEF
  5
382
330
37F
100
AcDbEntity
  8
AM_6
100
AcDbText
 10
681.5866025403784
 20
66.0
 30
0.0
 40
0.5
  1
JECX
100
AcDbAttributeDefinition
  3

  2
NN
 70
     8
280
     0
 71
     1
 72
     0
 11
0.0
 21
0.0
 31
0.0
  0
ATTDEF
  5
383
330
37F
100
AcDbEntity
  8
AM_6
100
AcDbText
 10
681.5866025403784
 20
65.5
 30
0.0
 40
0.5
  1
Europe thin cylinder
100
AcDbAttributeDefinition
  3

  2
NT
 70
     8
280
     0
 71
     1
 72
     0
 11
0.0
 21
0.0
 31
0.0
  0
ATTDEF
  5
384
330
37F
100
AcDbEntity
  8
AM_6
100
AcDbText
 10
681.5866025403784
 20
65.0
 30
0.0
 40
0.5
  1
$MODEL.-$TYPE.$CT.-$THREAD.$IT.-$BORE.-$STROKE.$PM.($POS._body)
100
AcDbAttributeDefinition
  3

  2
NBSYN
 70
     8
280
     0
 71
     1
 72
     0
 11
0.0
 21
0.0
 31
0.0
  0
ATTDEF
  5
385
330
37F
100
AcDbEntity
  8
AM_6
100
AcDbText
 10
681.5866025403784
 20
64.5
 30
0.0
 40
0.5
  1
JECX-MF-EXLA-80-550(0_body)
100
AcDbAttributeDefinition
  3

  2
LINA
 70
     8
280
     0
 71
     1
 72
     0
 11
0.0
 21
0.0
 31
0.0
  0
ATTDEF
  5
386
330
37F
100
AcDbEntity
  8
AM_6
100
AcDbText
 10
681.5866025403784
 20
64.0
 30
0.0
 40
0.5
  1
JUFAN
100
AcDbAttributeDefinition
  3

  2
CATALOG
 70
     8
280
     0
 71
     1
 72
     0
 11
0.0
 21
0.0
 31
0.0
  0
ATTDEF
  5
387
330
37F
100
AcDbEntity
  8
AM_6
100
AcDbText
 10
681.5866025403784
 20
63.5
 30
0.0
 40
0.5
  1
JECX
100
AcDbAttributeDefinition
  3

  2
MODEL
 70
     8
280
     0
 71
     1
 72
     0
 11
0.0
 21
0.0
 31
0.0
  0
ATTDEF
  5
388
330
37F
100
AcDbEntity
  8
AM_6
100
AcDbText
 10
681.5866025403784
 20
63.0
 30
0.0
 40
0.5
  1
MF:Oil circuit board
100
AcDbAttributeDefinition
  3

  2
TYPE
 70
     8
280
     0
 71
     1
 72
     0
 11
0.0
 21
0.0
 31
0.0
  0
ATTDEF
  5
389
330
37F
100
AcDbEntity
  8
AM_6
100
AcDbText
 10
681.5866025403784
 20
62.5
 30
0.0
 40
0.5
  1
Blank:standard
100
AcDbAttributeDefinition
  3

  2
CT
 70
     8
280
     0
 71
     1
 72
     0
 11
0.0
 21
0.0
 31
0.0
  0
ATTDEF
  5
38A
330
37F
100
AcDbEntity
  8
AM_6
100
AcDbText
 10
681.5866025403784
 20
62.0
 30
0.0
 40
0.5
  1
EX:Outer
100
AcDbAttributeDefinition
  3

  2
THREAD
 70
     8
280
     0
 71
     1
 72
     0
 11
0.0
 21
0.0
 31
0.0
  0
ATTDEF
  5
38B
330
37F
100
AcDbEntity
  8
AM_6
100
AcDbText
 10
681.5866025403784
 20
61.5
 30
0.0
 40
0.5
  1
LA:Radial type
100
AcDbAttributeDefinition
  3

  2
IT
 70
     8
280
     0
 71
     1
 72
     0
 11
0.0
 21
0.0
 31
0.0
  0
ATTDEF
  5
38C
330
37F
100
AcDbEntity
  8
AM_6
100
AcDbText
 10
681.5866025403784
 20
61.0
 30
0.0
 40
0.5
  1
80
100
AcDbAttributeDefinition
  3

  2
BORE
 70
     8
280
     0
 71
     1
 72
     0
 11
0.0
 21
0.0
 31
0.0
  0
ATTDEF
  5
38D
330
37F
100
AcDbEntity
  8
AM_6
100
AcDbText
 10
681.5866025403784
 20
60.5
 30
0.0
 40
0.5
  1
550
100
AcDbAttributeDefinition
  3

  2
STROKE
 70
     8
280
     0
 71
     1
 72
     0
 11
0.0
 21
0.0
 31
0.0
  0
ATTDEF
  5
38E
330
37F
100
AcDbEntity
  8
AM_6
100
AcDbText
 10
681.5866025403784
 20
60.0
 30
0.0
 40
0.5
  1
0
100
AcDbAttributeDefinition
  3

  2
POS
 70
     8
280
     0
 71
     1
 72
     0
 11
0.0
 21
0.0
 31
0.0
  0
ATTDEF
  5
38F
330
37F
100
AcDbEntity
  8
AM_6
100
AcDbText
 10
681.5866025403784
 20
59.5
 30
0.0
 40
0.5
  1
[5:700]
100
AcDbAttributeDefinition
  3

  2
ST
 70
     8
280
     0
 71
     1
 72
     0
 11
0.0
 21
0.0
 31
0.0
  0
ATTDEF
  5
390
330
37F
100
AcDbEntity
  8
AM_6
100
AcDbText
 10
681.5866025403784
 20
59.0
 30
0.0
 40
0.5
  1
1：(PU) (standard usage)
100
AcDbAttributeDefinition
  3

  2
PM
 70
     8
280
     0
 71
     1
 72
     0
 11
0.0
 21
0.0
 31
0.0
  0
ATTDEF
  5
391
330
37F
100
AcDbEntity
  8
AM_6
100
AcDbText
 10
681.5866025403784
 20
58.5
 30
0.0
 40
0.5
  1
45
100
AcDbAttributeDefinition
  3

  2
MM
 70
     8
280
     0
 71
     1
 72
     0
 11
0.0
 21
0.0
 31
0.0
  0
ATTDEF
  5
392
330
37F
100
AcDbEntity
  8
AM_6
100
AcDbText
 10
681.5866025403784
 20
58.0
 30
0.0
 40
0.5
  1
150
100
AcDbAttributeDefinition
  3

  2
EA
 70
     8
280
     0
 71
     1
 72
     0
 11
0.0
 21
0.0
 31
0.0
  0
ATTDEF
  5
393
330
37F
100
AcDbEntity
  8
AM_6
100
AcDbText
 10
681.5866025403784
 20
57.5
 30
0.0
 40
0.5
  1
16
100
AcDbAttributeDefinition
  3

  2
TW
 70
     8
280
     0
 71
     1
 72
     0
 11
0.0
 21
0.0
 31
0.0
  0
ATTDEF
  5
394
330
37F
100
AcDbEntity
  8
AM_6
100
AcDbText
 10
681.5866025403784
 20
57.0
 30
0.0
 40
0.5
  1
13.0
100
AcDbAttributeDefinition
  3

  2
FB
 70
     8
280
     0
 71
     1
 72
     0
 11
0.0
 21
0.0
 31
0.0
  0
ATTDEF
  5
395
330
37F
100
AcDbEntity
  8
AM_6
100
AcDbText
 10
681.5866025403784
 20
56.5
 30
0.0
 40
0.5
  1
20.0
100
AcDbAttributeDefinition
  3

  2
FG
 70
     8
280
     0
 71
     1
 72
     0
 11
0.0
 21
0.0
 31
0.0
  0
ATTDEF
  5
396
330
37F
100
AcDbEntity
  8
AM_6
100
AcDbText
 10
681.5866025403784
 20
56.0
 30
0.0
 40
0.5
  1
13.0
100
AcDbAttributeDefinition
  3

  2
BT
 70
     8
280
     0
 71
     1
 72
     0
 11
0.0
 21
0.0
 31
0.0
  0
ATTDEF
  5
397
330
37F
100
AcDbEntity
  8
AM_6
100
AcDbText
 10
681.5866025403784
 20
55.5
 30
0.0
 40
0.5
  1
126
100
AcDbAttributeDefinition
  3

  2
TS
 70
     8
280
     0
 71
     1
 72
     0
 11
0.0
 21
0.0
 31
0.0
  0
ATTDEF
  5
398
330
37F
100
AcDbEntity
  8
AM_6
100
AcDbText
 10
681.5866025403784
 20
55.0
 30
0.0
 40
0.5
  1
44
100
AcDbAttributeDefinition
  3

  2
F
 70
     8
280
     0
 71
     1
 72
     0
 11
0.0
 21
0.0
 31
0.0
  0
ATTDEF
  5
399
330
37F
100
AcDbEntity
  8
AM_6
100
AcDbText
 10
681.5866025403784
 20
54.5
 30
0.0
 40
0.5
  1
130
100
AcDbAttributeDefinition
  3

  2
EB
 70
     8
280
     0
 71
     1
 72
     0
 11
0.0
 21
0.0
 31
0.0
  0
ATTDEF
  5
39A
330
37F
100
AcDbEntity
  8
AM_6
100
AcDbText
 10
681.5866025403784
 20
54.0
 30
0.0
 40
0.5
  1
70
100
AcDbAttributeDefinition
  3

  2
LH
 70
     8
280
     0
 71
     1
 72
     0
 11
0.0
 21
0.0
 31
0.0
  0
ATTDEF
  5
39B
330
37F
100
AcDbEntity
  8
AM_6
100
AcDbText
 10
681.5866025403784
 20
53.5
 30
0.0
 40
0.5
  1
36
100
AcDbAttributeDefinition
  3

  2
K
 70
     8
280
     0
 71
     1
 72
     0
 11
0.0
 21
0.0
 31
0.0
  0
ATTDEF
  5
39C
330
37F
100
AcDbEntity
  8
AM_6
100
AcDbText
 10
681.5866025403784
 20
53.0
 30
0.0
 40
0.5
  1
140
100
AcDbAttributeDefinition
  3

  2
ZJ
 70
     8
280
     0
 71
     1
 72
     0
 11
0.0
 21
0.0
 31
0.0
  0
ATTDEF
  5
39D
330
37F
100
AcDbEntity
  8
AM_6
100
AcDbText
 10
681.5866025403784
 20
52.5
 30
0.0
 40
0.5
  1
126
100
AcDbAttributeDefinition
  3

  2
LL
 70
     8
280
     0
 71
     1
 72
     0
 11
0.0
 21
0.0
 31
0.0
  0
ATTDEF
  5
39E
330
37F
100
AcDbEntity
  8
AM_6
100
AcDbText
 10
681.5866025403784
 20
52.0
 30
0.0
 40
0.5
  1
5
100
AcDbAttributeDefinition
  3

  2
PC
 70
     8
280
     0
 71
     1
 72
     0
 11
0.0
 21
0.0
 31
0.0
  0
ATTDEF
  5
39F
330
37F
100
AcDbEntity
  8
AM_6
100
AcDbText
 10
681.5866025403784
 20
51.5
 30
0.0
 40
0.5
  1
62
100
AcDbAttributeDefinition
  3

  2
TX
 70
     8
280
     0
 71
     1
 72
     0
 11
0.0
 21
0.0
 31
0.0
  0
ATTDEF
  5
3A0
330
37F
100
AcDbEntity
  8
AM_6
100
AcDbText
 10
681.5866025403784
 20
51.0
 30
0.0
 40
0.5
  1
14
100
AcDbAttributeDefinition
  3

  2
WF
 70
     8
280
     0
 71
     1
 72
     0
 11
0.0
 21
0.0
 31
0.0
  0
ATTDEF
  5
3A1
330
37F
100
AcDbEntity
  8
AM_6
100
AcDbText
 10
681.5866025403784
 20
50.5
 30
0.0
 40
0.5
  1
Φ22X1.8DP底孔Φ14
100
AcDbAttributeDefinition
  3

  2
EF
 70
     8
280
     0
 71
     1
 72
     0
 11
0.0
 21
0.0
 31
0.0
  0
ATTDEF
  5
3A2
330
37F
100
AcDbEntity
  8
AM_6
100
AcDbText
 10
681.5866025403784
 20
50.0
 30
0.0
 40
0.5
  1
22.500
100
AcDbAttributeDefinition
  3

  2
EF1
 70
     8
280
     0
 71
     1
 72
     0
 11
0.0
 21
0.0
 31
0.0
  0
ATTDEF
  5
3A3
330
37F
100
AcDbEntity
  8
AM_6
100
AcDbText
 10
681.5866025403784
 20
49.5
 30
0.0
 40
0.5
  1
2.100
100
AcDbAttributeDefinition
  3

  2
DP
 70
     8
280
     0
 71
     1
 72
     0
 11
0.0
 21
0.0
 31
0.0
  0
ATTDEF
  5
3A4
330
37F
100
AcDbEntity
  8
AM_6
100
AcDbText
 10
681.5866025403784
 20
49.0
 30
0.0
 40
0.5
  1
14.000
100
AcDbAttributeDefinition
  3

  2
EF2
 70
     8
280
     0
 71
     1
 72
     0
 11
0.0
 21
0.0
 31
0.0
  0
ATTDEF
  5
3A5
330
37F
100
AcDbEntity
  8
AM_6
100
AcDbText
 10
681.5866025403784
 20
48.5
 30
0.0
 40
0.5
  1
M27X2.0
100
AcDbAttributeDefinition
  3

  2
KK1
 70
     8
280
     0
 71
     1
 72
     0
 11
0.0
 21
0.0
 31
0.0
  0
ATTDEF
  5
3A6
330
37F
100
AcDbEntity
  8
AM_6
100
AcDbText
 10
681.5866025403784
 20
48.0
 30
0.0
 40
0.5
  1
27.000
100
AcDbAttributeDefinition
  3

  2
KK11
 70
     8
280
     0
 71
     1
 72
     0
 11
0.0
 21
0.0
 31
0.0
  0
ATTDEF
  5
3A7
330
37F
100
AcDbEntity
  8
AM_6
100
AcDbText
 10
681.5866025403784
 20
47.5
 30
0.0
 40
0.5
  1
2.000
100
AcDbAttributeDefinition
  3

  2
KK12
 70
     8
280
     0
 71
     1
 72
     0
 11
0.0
 21
0.0
 31
0.0
  0
ATTDEF
  5
3A8
330
37F
100
AcDbEntity
  8
AM_6
100
AcDbText
 10
681.5866025403784
 20
47.0
 30
0.0
 40
0.5
  1
M33X2.0
100
AcDbAttributeDefinition
  3

  2
KK2
 70
     8
280
     0
 71
     1
 72
     0
 11
0.0
 21
0.0
 31
0.0
  0
ATTDEF
  5
3A9
330
37F
100
AcDbEntity
  8
AM_6
100
AcDbText
 10
681.5866025403784
 20
46.5
 30
0.0
 40
0.5
  1
33.000
100
AcDbAttributeDefinition
  3

  2
KK21
 70
     8
280
     0
 71
     1
 72
     0
 11
0.0
 21
0.0
 31
0.0
  0
ATTDEF
  5
3AA
330
37F
100
AcDbEntity
  8
AM_6
100
AcDbText
 10
681.5866025403784
 20
46.0
 30
0.0
 40
0.5
  1
2.000
100
AcDbAttributeDefinition
  3

  2
KK22
 70
     8
280
     0
 71
     1
 72
     0
 11
0.0
 21
0.0
 31
0.0
  0
ATTDEF
  5
3AB
330
37F
100
AcDbEntity
  8
AM_6
100
AcDbText
 10
681.5866025403784
 20
45.5
 30
0.0
 40
0.5
  1
42
100
AcDbAttributeDefinition
  3

  2
NBB
 70
     8
280
     0
 71
     1
 72
     0
 11
0.0
 21
0.0
 31
0.0
  0
ATTDEF
  5
3AC
330
37F
100
AcDbEntity
  8
AM_6
100
AcDbText
 10
681.5866025403784
 20
45.0
 30
0.0
 40
0.5
  1
50
100
AcDbAttributeDefinition
  3

  2
A1
 70
     8
280
     0
 71
     1
 72
     0
 11
0.0
 21
0.0
 31
0.0
  0
ATTDEF
  5
3AD
330
37F
100
AcDbEntity
  8
AM_6
100
AcDbText
 10
681.5866025403784
 20
44.5
 30
0.0
 40
0.5
  1
30
100
AcDbAttributeDefinition
  3

  2
NC
 70
     8
280
     0
 71
     1
 72
     0
 11
0.0
 21
0.0
 31
0.0
  0
ATTDEF
  5
3AE
330
37F
100
AcDbEntity
  8
AM_6
100
AcDbText
 10
681.5866025403784
 20
44.0
 30
0.0
 40
0.5
  1
20
100
AcDbAttributeDefinition
  3

  2
ND
 70
     8
280
     0
 71
     1
 72
     0
 11
0.0
 21
0.0
 31
0.0
  0
ATTDEF
  5
3AF
330
37F
100
AcDbEntity
  8
AM_6
100
AcDbText
 10
681.5866025403784
 20
43.5
 30
0.0
 40
0.5
  1
20
100
AcDbAttributeDefinition
  3

  2
NE
 70
     8
280
     0
 71
     1
 72
     0
 11
0.0
 21
0.0
 31
0.0
  0
ATTDEF
  5
3B0
330
37F
100
AcDbEntity
  8
AM_6
100
AcDbText
 10
681.5866025403784
 20
43.0
 30
0.0
 40
0.5
  1
2.0
100
AcDbAttributeDefinition
  3

  2
N
 70
     8
280
     0
 71
     1
 72
     0
 11
0.0
 21
0.0
 31
0.0
  0
ATTDEF
  5
3B1
330
37F
100
AcDbEntity
  8
AM_6
100
AcDbText
 10
681.5866025403784
 20
42.5
 30
0.0
 40
0.5
  1
2
100
AcDbAttributeDefinition
  3

  2
R
 70
     8
280
     0
 71
     1
 72
     0
 11
0.0
 21
0.0
 31
0.0
  0
ATTDEF
  5
3B2
330
37F
100
AcDbEntity
  8
AM_6
100
AcDbText
 10
681.5866025403784
 20
42.0
 30
0.0
 40
0.5
  1
12
100
AcDbAttributeDefinition
  3

  2
S
 70
     8
280
     0
 71
     1
 72
     0
 11
0.0
 21
0.0
 31
0.0
  0
ATTDEF
  5
3B3
330
37F
100
AcDbEntity
  8
AM_6
100
AcDbText
 10
681.5866025403784
 20
41.5
 30
0.0
 40
0.5
  1
14
100
AcDbAttributeDefinition
  3

  2
EF22
 70
     8
280
     0
 71
     1
 72
     0
 11
0.0
 21
0.0
 31
0.0
  0
ATTDEF
  5
3B4
330
37F
100
AcDbEntity
  8
AM_6
100
AcDbText
 10
681.5866025403784
 20
41.0
 30
0.0
 40
0.5
  1
jufan
100
AcDbAttributeDefinition
  3

  2
COMPANY
 70
     8
280
     0
 71
     1
 72
     0
 11
0.0
 21
0.0
 31
0.0
  0
ATTDEF
  5
3B5
330
37F
100
AcDbEntity
  8
AM_6
100
AcDbText
 10
681.5866025403784
 20
40.5
 30
0.0
 40
0.5
  1
{$CADENAS_DATA/23d-libs/jufan/oil_pressure_product/jecx/parts/jecx_body.prj},233 {VTYP=3D},{NB=JECX-MF-EXLA-80-550(0_body)},{LINA=JECX-MF-EXLA-80-550(0_body)},{NN=JECX},{DATE=26.08.2025 06:00:09},{GEOMDATE=26.08.2025 06:00:00},{VERSION=},{LINEID=60},{WBVA
100
AcDbAttributeDefinition
  3

  2
PSOL_0
 70
     9
280
     0
 71
     1
 72
     0
 11
0.0
 21
0.0
 31
0.0
  0
ATTDEF
  5
3B6
330
37F
100
AcDbEntity
  8
AM_6
100
AcDbText
 10
681.5866025403784
 20
40.0
 30
0.0
 40
0.5
  1
R=TYPE,CT,THREAD,IT,STROKE,POS,PM},{WBNUMERIC=STROKE,POS}  {NB=JECX-MF-EXLA-80-550(0_body)},{LINA=JECX-MF-EXLA-80-550(0_body)},{KT=DUMMY},{MODEL=JECX},{TYPE=MF},{CT=},{THREAD=EX},{IT=LA},{BORE=80},{STROKE=550},{POS=0},{ST=[5:700]},{PM=},{MM=45},{EA=150},{
100
AcDbAttributeDefinition
  3

  2
PSOL_1
 70
     9
280
     0
 71
     1
 72
     0
 11
0.0
 21
0.0
 31
0.0
  0
ATTDEF
  5
3B7
330
37F
100
AcDbEntity
  8
AM_6
100
AcDbText
 10
681.5866025403784
 20
39.5
 30
0.0
 40
0.5
  1
TW=16},{FB=13.0},{FG=20.0},{BT=13.0},{TS=126},{F=44},{EB=130},{LH=70},{K=36},{ZJ=140},{LL=126},{PC=5},{TX=62},{WF=14},{EF=Φ22X1.8DP底孔Φ14},{EF1=22.500},{DP=2.100},{EF2=14.000},{KK1=M27X2.0},{KK11=27.000},{KK12=2.000},{KK2=M33X2.0},{KK21=33.000},{KK22=2.000
100
AcDbAttributeDefinition
  3

  2
PSOL_2
 70
     9
280
     0
 71
     1
 72
     0
 11
0.0
 21
0.0
 31
0.0
  0
ATTDEF
  5
3B8
330
37F
100
AcDbEntity
  8
AM_6
100
AcDbText
 10
681.5866025403784
 20
39.0
 30
0.0
 40
0.5
  1
},{NBB=42},{A1=50},{NC=30},{ND=20},{NE=20},{N=2.0},{R=2},{S=12},{EF22=14}
100
AcDbAttributeDefinition
  3

  2
PSOL_3
 70
     9
280
     0
 71
     1
 72
     0
 11
0.0
 21
0.0
 31
0.0
  0
LINE
  5
3B9
330
37F
100
AcDbEntity
  8
AM_9
100
AcDbLine
 10
670.25
 20
58.00000000000001
 30
0.0
 11
670.25
 21
60.00000000000002
 31
0.0
  0
LINE
  5
3BA
330
37F
100
AcDbEntity
  8
AM_9
100
AcDbLine
 10
667.7500000000001
 20
58.00000000000001
 30
0.0
 11
667.7500000000001
 21
60.00000000000002
 31
0.0
  0
LINE
  5
3BB
330
37F
100
AcDbEntity
  8
AM_9
100
AcDbLine
 10
8.25
 20
58.00000000000001
 30
0.0
 11
8.25
 21
60.00000000000002
 31
0.0
  0
LINE
  5
3BC
330
37F
100
AcDbEntity
  8
AM_9
100
AcDbLine
 10
5.75
 20
58.00000000000001
 30
0.0
 11
5.75
 21
60.00000000000002
 31
0.0
  0
LINE
  5
3BD
330
37F
100
AcDbEntity
  8
AM_9
100
AcDbLine
 10
667.7500000000001
 20
58.00000000000001
 30
0.0
 11
670.25
 21
58.00000000000001
 31
0.0
  0
LINE
  5
3BE
330
37F
100
AcDbEntity
  8
AM_9
100
AcDbLine
 10
669.0
 20
58.00000000000001
 30
0.0
 11
669.0
 21
60.00000000000002
 31
0.0
  0
LINE
  5
3BF
330
37F
100
AcDbEntity
  8
AM_9
100
AcDbLine
 10
5.75
 20
58.00000000000001
 30
0.0
 11
8.25
 21
58.00000000000001
 31
0.0
  0
LINE
  5
3C0
330
37F
100
AcDbEntity
  8
AM_9
100
AcDbLine
 10
7.0
 20
58.00000000000001
 30
0.0
 11
7.0
 21
60.00000000000002
 31
0.0
  0
LINE
  5
3C1
330
37F
100
AcDbEntity
  8
AM_9
100
AcDbLine
 10
667.1
 20
60.00000000000002
 30
0.0
 11
666.6000000000001
 21
59.50000000000002
 31
0.0
  0
LINE
  5
3C2
330
37F
100
AcDbEntity
  8
AM_9
100
AcDbLine
 10
671.4
 20
59.50000000000002
 30
0.0
 11
670.9000000000001
 21
60.00000000000002
 31
0.0
  0
LINE
  5
3C3
330
37F
100
AcDbEntity
  8
AM_9
100
AcDbLine
 10
666.6000000000001
 20
59.50000000000002
 30
0.0
 11
671.4
 21
59.50000000000002
 31
0.0
  0
LINE
  5
3C4
330
37F
100
AcDbEntity
  8
AM_9
100
AcDbLine
 10
671.4
 20
48.0
 30
0.0
 11
671.4
 21
59.50000000000002
 31
0.0
  0
LINE
  5
3C5
330
37F
100
AcDbEntity
  8
AM_9
100
AcDbLine
 10
666.6000000000001
 20
59.50000000000002
 30
0.0
 11
666.6000000000001
 21
48.0
 31
0.0
  0
LINE
  5
3C6
330
37F
100
AcDbEntity
  8
AM_9
100
AcDbLine
 10
9.39999999999999
 20
48.0
 30
0.0
 11
9.399999999999997
 21
59.50000000000002
 31
0.0
  0
LINE
  5
3C7
330
37F
100
AcDbEntity
  8
AM_9
100
AcDbLine
 10
4.600000000000003
 20
59.50000000000002
 30
0.0
 11
4.599999999999996
 21
48.0
 31
0.0
  0
LINE
  5
3C8
330
37F
100
AcDbEntity
  8
AM_9
100
AcDbLine
 10
4.6
 20
59.50000000000002
 30
0.0
 11
9.4
 21
59.50000000000002
 31
0.0
  0
LINE
  5
3C9
330
37F
100
AcDbEntity
  8
AM_9
100
AcDbLine
 10
5.1
 20
60.00000000000002
 30
0.0
 11
4.599999999999999
 21
59.50000000000002
 31
0.0
  0
LINE
  5
3CA
330
37F
100
AcDbEntity
  8
AM_9
100
AcDbLine
 10
9.4
 20
59.50000000000002
 30
0.0
 11
8.900000000000002
 21
60.00000000000002
 31
0.0
  0
LINE
  5
3CB
330
37F
100
AcDbEntity
  8
AM_9
100
AcDbLine
 10
671.4585000000001
 20
48.54150000000004
 30
0.0
 11
671.4585000000001
 21
59.45849999999998
 31
0.0
  0
LINE
  5
3CC
330
37F
100
AcDbEntity
  8
AM_9
100
AcDbLine
 10
666.5415
 20
59.45849999999998
 30
0.0
 11
666.5415
 21
48.54150000000004
 31
0.0
  0
LINE
  5
3CD
330
37F
100
AcDbEntity
  8
AM_9
100
AcDbLine
 10
9.458499999999997
 20
48.54149999999999
 30
0.0
 11
9.458500000000003
 21
59.45850000000002
 31
0.0
  0
LINE
  5
3CE
330
37F
100
AcDbEntity
  8
AM_9
100
AcDbLine
 10
4.541499999999997
 20
59.45850000000002
 30
0.0
 11
4.54149999999999
 21
48.54149999999999
 31
0.0
  0
LINE
  5
3CF
330
37F
100
AcDbEntity
  8
AM_9
100
AcDbLine
 10
666.0
 20
32.00000000000002
 30
0.0
 11
676.0
 21
32.00000000000002
 31
0.0
  0
LINE
  5
3D0
330
37F
100
AcDbEntity
  8
AM_9
100
AcDbLine
 10
676.0
 20
38.00000000000001
 30
0.0
 11
666.0
 21
38.00000000000001
 31
0.0
  0
LINE
  5
3D1
330
37F
100
AcDbEntity
  8
AM_9
100
AcDbLine
 10
666.0
 20
-38.00000000000001
 30
0.0
 11
676.0
 21
-38.00000000000001
 31
0.0
  0
LINE
  5
3D2
330
37F
100
AcDbEntity
  8
AM_9
100
AcDbLine
 10
676.0
 20
-32.0
 30
0.0
 11
666.0
 21
-32.0
 31
0.0
  0
LINE
  5
3D3
330
37F
100
AcDbEntity
  8
AM_9
100
AcDbLine
 10
666.5415
 20
59.45849999999998
 30
0.0
 11
671.4585000000001
 21
59.45849999999998
 31
0.0
  0
LINE
  5
3D4
330
37F
100
AcDbEntity
  8
AM_9
100
AcDbLine
 10
671.4585000000001
 20
59.45849999999998
 30
0.0
 11
672.0
 21
60.00000000000002
 31
0.0
  0
LINE
  5
3D5
330
37F
100
AcDbEntity
  8
AM_9
100
AcDbLine
 10
666.0
 20
60.00000000000002
 30
0.0
 11
666.5415
 21
59.45849999999998
 31
0.0
  0
LINE
  5
3D6
330
37F
100
AcDbEntity
  8
AM_9
100
AcDbLine
 10
666.5415
 20
48.54150000000004
 30
0.0
 11
671.4585000000001
 21
48.54150000000004
 31
0.0
  0
LINE
  5
3D7
330
37F
100
AcDbEntity
  8
AM_9
100
AcDbLine
 10
666.0
 20
48.0
 30
0.0
 11
672.0
 21
48.0
 31
0.0
  0
LINE
  5
3D8
330
37F
100
AcDbEntity
  8
AM_9
100
AcDbLine
 10
666.5415
 20
48.54150000000004
 30
0.0
 11
666.0
 21
48.0
 31
0.0
  0
LINE
  5
3D9
330
37F
100
AcDbEntity
  8
AM_9
100
AcDbLine
 10
672.0
 20
48.0
 30
0.0
 11
671.4585000000001
 21
48.54150000000004
 31
0.0
  0
LINE
  5
3DA
330
37F
100
AcDbEntity
  8
AM_9
100
AcDbLine
 10
4.0
 20
48.0
 30
0.0
 11
9.999999999999986
 21
48.0
 31
0.0
  0
LINE
  5
3DB
330
37F
100
AcDbEntity
  8
AM_9
100
AcDbLine
 10
4.541499999999994
 20
48.54149999999999
 30
0.0
 11
9.458499999999994
 21
48.54149999999999
 31
0.0
  0
LINE
  5
3DC
330
37F
100
AcDbEntity
  8
AM_9
100
AcDbLine
 10
4.541499999999994
 20
48.54149999999999
 30
0.0
 11
4.0
 21
48.0
 31
0.0
  0
LINE
  5
3DD
330
37F
100
AcDbEntity
  8
AM_9
100
AcDbLine
 10
9.999999999999986
 20
48.0
 30
0.0
 11
9.458499999999994
 21
48.54149999999999
 31
0.0
  0
LINE
  5
3DE
330
37F
100
AcDbEntity
  8
AM_9
100
AcDbLine
 10
11.73205080756888
 20
35.0
 30
0.0
 11
10.0
 21
38.0
 31
0.0
  0
LINE
  5
3DF
330
37F
100
AcDbEntity
  8
AM_9
100
AcDbLine
 10
10.0
 20
32.00000000000001
 30
0.0
 11
11.73205080756888
 21
35.0
 31
0.0
  0
LINE
  5
3E0
330
37F
100
AcDbEntity
  8
AM_9
100
AcDbLine
 10
0.0
 20
32.00000000000001
 30
0.0
 11
10.0
 21
32.00000000000001
 31
0.0
  0
LINE
  5
3E1
330
37F
100
AcDbEntity
  8
AM_9
100
AcDbLine
 10
10.0
 20
38.0
 30
0.0
 11
0.0
 21
38.0
 31
0.0
  0
LINE
  5
3E2
330
37F
100
AcDbEntity
  8
AM_9
100
AcDbLine
 10
10.0
 20
38.0
 30
0.0
 11
10.0
 21
32.00000000000001
 31
0.0
  0
LINE
  5
3E3
330
37F
100
AcDbEntity
  8
AM_9
100
AcDbLine
 10
4.541499999999994
 20
59.45850000000002
 30
0.0
 11
9.458500000000006
 21
59.45850000000002
 31
0.0
  0
LINE
  5
3E4
330
37F
100
AcDbEntity
  8
AM_9
100
AcDbLine
 10
9.458500000000006
 20
59.45850000000002
 30
0.0
 11
10.0
 21
60.00000000000002
 31
0.0
  0
LINE
  5
3E5
330
37F
100
AcDbEntity
  8
AM_9
100
AcDbLine
 10
4.0
 20
60.00000000000002
 30
0.0
 11
4.541499999999994
 21
59.45850000000002
 31
0.0
  0
LINE
  5
3E6
330
37F
100
AcDbEntity
  8
AM_9
100
AcDbLine
 10
11.73205080756888
 20
-35.0
 30
0.0
 11
10.0
 21
-32.0
 31
0.0
  0
LINE
  5
3E7
330
37F
100
AcDbEntity
  8
AM_9
100
AcDbLine
 10
10.0
 20
-38.00000000000001
 30
0.0
 11
11.73205080756888
 21
-35.0
 31
0.0
  0
LINE
  5
3E8
330
37F
100
AcDbEntity
  8
AM_9
100
AcDbLine
 10
0.0
 20
-38.00000000000001
 30
0.0
 11
10.0
 21
-38.00000000000001
 31
0.0
  0
LINE
  5
3E9
330
37F
100
AcDbEntity
  8
AM_9
100
AcDbLine
 10
10.0
 20
-32.0
 30
0.0
 11
0.0
 21
-32.0
 31
0.0
  0
LINE
  5
3EA
330
37F
100
AcDbEntity
  8
AM_9
100
AcDbLine
 10
10.0
 20
-32.0
 30
0.0
 11
10.0
 21
-38.00000000000001
 31
0.0
  0
LINE
  5
3EB
330
37F
100
AcDbEntity
  8
AM_9
100
AcDbLine
 10
33.0
 20
-60.0
 30
0.0
 11
47.0
 21
-60.0
 31
0.0
  0
LINE
  5
3EC
330
37F
100
AcDbEntity
  8
AM_9
100
AcDbLine
 10
47.0
 20
-70.0
 30
0.0
 11
47.0
 21
-60.0
 31
0.0
  0
LINE
  5
3ED
330
37F
100
AcDbEntity
  8
AM_9
100
AcDbLine
 10
33.0
 20
-60.0
 30
0.0
 11
33.0
 21
-70.0
 31
0.0
  0
LINE
  5
3EE
330
37F
100
AcDbEntity
  8
AM_9
100
AcDbLine
 10
77.0
 20
-60.0
 30
0.0
 11
91.00000000000001
 21
-60.0
 31
0.0
  0
LINE
  5
3EF
330
37F
100
AcDbEntity
  8
AM_9
100
AcDbLine
 10
91.00000000000001
 20
-70.0
 30
0.0
 11
91.00000000000001
 21
-60.0
 31
0.0
  0
LINE
  5
3F0
330
37F
100
AcDbEntity
  8
AM_9
100
AcDbLine
 10
77.0
 20
-60.0
 30
0.0
 11
77.0
 21
-70.0
 31
0.0
  0
LINE
  5
3F1
330
37F
100
AcDbEntity
  8
AM_9
100
AcDbLine
 10
48.75
 20
-70.0
 30
0.0
 11
48.75
 21
-67.9
 31
0.0
  0
LINE
  5
3F2
330
37F
100
AcDbEntity
  8
AM_9
100
AcDbLine
 10
31.25
 20
-67.9
 30
0.0
 11
31.25
 21
-70.0
 31
0.0
  0
LINE
  5
3F3
330
37F
100
AcDbEntity
  8
AM_9
100
AcDbLine
 10
92.75000000000001
 20
-70.0
 30
0.0
 11
92.75000000000001
 21
-67.9
 31
0.0
  0
LINE
  5
3F4
330
37F
100
AcDbEntity
  8
AM_9
100
AcDbLine
 10
75.25
 20
-67.9
 30
0.0
 11
75.25
 21
-70.0
 31
0.0
  0
LINE
  5
3F5
330
37F
100
AcDbEntity
  8
AM_9
100
AcDbLine
 10
28.75
 20
-67.9
 30
0.0
 11
51.25000000000001
 21
-67.9
 31
0.0
  0
LINE
  5
3F6
330
37F
100
AcDbEntity
  8
AM_9
100
AcDbLine
 10
51.25000000000001
 20
-70.0
 30
0.0
 11
51.25000000000001
 21
-67.9
 31
0.0
  0
LINE
  5
3F7
330
37F
100
AcDbEntity
  8
AM_9
100
AcDbLine
 10
28.75
 20
-67.9
 30
0.0
 11
28.75
 21
-70.0
 31
0.0
  0
LINE
  5
3F8
330
37F
100
AcDbEntity
  8
AM_9
100
AcDbLine
 10
72.75
 20
-67.9
 30
0.0
 11
95.25000000000001
 21
-67.9
 31
0.0
  0
LINE
  5
3F9
330
37F
100
AcDbEntity
  8
AM_9
100
AcDbLine
 10
95.24999999999994
 20
-70.0
 30
0.0
 11
95.24999999999994
 21
-67.9
 31
0.0
  0
LINE
  5
3FA
330
37F
100
AcDbEntity
  8
AM_9
100
AcDbLine
 10
72.75000000000007
 20
-67.9
 30
0.0
 11
72.75000000000007
 21
-70.0
 31
0.0
  0
LINE
  5
3FB
330
37F
100
AcDbEntity
  8
AM_9
100
AcDbLine
 10
0.0
 20
-22.5
 30
0.0
 11
106.0
 21
-22.5
 31
0.0
  0
LINE
  5
3FC
330
37F
100
AcDbEntity
  8
AM_9
100
AcDbLine
 10
106.0
 20
22.5
 30
0.0
 11
0.0
 21
22.5
 31
0.0
  0
LINE
  5
3FD
330
37F
100
AcDbEntity
  8
AM_9
100
AcDbLine
 10
106.0
 20
-40.0
 30
0.0
 11
666.0
 21
-40.0
 31
0.0
  0
LINE
  5
3FE
330
37F
100
AcDbEntity
  8
AM_9
100
AcDbLine
 10
666.0
 20
40.0
 30
0.0
 11
106.0
 21
40.0
 31
0.0
  0
LINE
  5
3FF
330
37F
100
AcDbEntity
  8
AM_9
100
AcDbLine
 10
666.0
 20
40.0
 30
0.0
 11
666.0
 21
-40.0
 31
0.0
  0
LINE
  5
400
330
37F
100
AcDbEntity
  8
AM_9
100
AcDbLine
 10
106.0
 20
40.0
 30
0.0
 11
106.0
 21
-40.0
 31
0.0
  0
LINE
  5
401
330
37F
100
AcDbEntity
  8
AM_9
100
AcDbLine
 10
675.0
 20
-44.0
 30
0.0
 11
676.0
 21
-44.0
 31
0.0
  0
LINE
  5
402
330
37F
100
AcDbEntity
  8
AM_9
100
AcDbLine
 10
676.0
 20
44.0
 30
0.0
 11
675.0
 21
44.0
 31
0.0
  0
LINE
  5
403
330
37F
100
AcDbEntity
  8
AM_9
100
AcDbLine
 10
1.0
 20
44.0
 30
0.0
 11
0.0
 21
44.0
 31
0.0
  0
LINE
  5
404
330
37F
100
AcDbEntity
  8
AM_9
100
AcDbLine
 10
0.0
 20
-44.0
 30
0.0
 11
1.0
 21
-44.0
 31
0.0
  0
LINE
  5
405
330
37F
100
AcDbEntity
  8
AM_9
100
AcDbLine
 10
675.0
 20
-45.0
 30
0.0
 11
675.0
 21
45.0
 31
0.0
  0
LINE
  5
406
330
37F
100
AcDbEntity
  8
AM_9
100
AcDbLine
 10
675.0
 20
-45.0
 30
0.0
 11
676.0
 21
-45.0
 31
0.0
  0
LINE
  5
407
330
37F
100
AcDbEntity
  8
AM_9
100
AcDbLine
 10
676.0
 20
45.0
 30
0.0
 11
675.0
 21
45.0
 31
0.0
  0
LINE
  5
408
330
37F
100
AcDbEntity
  8
AM_9
100
AcDbLine
 10
1.0
 20
-45.0
 30
0.0
 11
1.0
 21
45.0
 31
0.0
  0
LINE
  5
409
330
37F
100
AcDbEntity
  8
AM_9
100
AcDbLine
 10
1.0
 20
45.0
 30
0.0
 11
0.0
 21
45.0
 31
0.0
  0
LINE
  5
40A
330
37F
100
AcDbEntity
  8
AM_9
100
AcDbLine
 10
0.0
 20
-45.0
 30
0.0
 11
1.0
 21
-45.0
 31
0.0
  0
LINE
  5
40B
330
37F
100
AcDbEntity
  8
AM_9
100
AcDbLine
 10
46.50000000000001
 20
-70.0
 30
0.0
 11
46.50000000000001
 21
47.0
 31
0.0
  0
LINE
  5
40C
330
37F
100
AcDbEntity
  8
AM_9
100
AcDbLine
 10
33.50000000000001
 20
47.0
 30
0.0
 11
33.50000000000001
 21
-70.0
 31
0.0
  0
LINE
  5
40D
330
37F
100
AcDbEntity
  8
AM_9
100
AcDbLine
 10
90.50000000000001
 20
-70.0
 30
0.0
 11
90.50000000000001
 21
47.0
 31
0.0
  0
LINE
  5
40E
330
37F
100
AcDbEntity
  8
AM_9
100
AcDbLine
 10
77.5
 20
47.0
 30
0.0
 11
77.5
 21
-70.0
 31
0.0
  0
LINE
  5
40F
330
37F
100
AcDbEntity
  8
AM_5
  6
Dashed
100
AcDbLine
 10
4.0
 20
60.0
 30
0.0
 11
4.0
 21
48.0
 31
0.0
  0
LINE
  5
410
330
37F
100
AcDbEntity
  8
AM_5
  6
Dashed
100
AcDbLine
 10
10.0
 20
60.0
 30
0.0
 11
9.999999999999986
 21
48.0
 31
0.0
  0
LINE
  5
411
330
37F
100
AcDbEntity
  8
AM_5
  6
Dashed
100
AcDbLine
 10
666.0
 20
60.0
 30
0.0
 11
666.0
 21
48.0
 31
0.0
  0
LINE
  5
412
330
37F
100
AcDbEntity
  8
AM_5
  6
Dashed
100
AcDbLine
 10
672.0
 20
60.0
 30
0.0
 11
672.0
 21
48.0
 31
0.0
  0
LINE
  5
413
330
37F
100
AcDbEntity
  8
AM_7
100
AcDbLine
 10
39.99999999999999
 20
66.5
 30
0.0
 11
39.99999999999999
 21
-76.5
 31
0.0
  0
LINE
  5
414
330
37F
100
AcDbEntity
  8
AM_7
100
AcDbLine
 10
84.0
 20
66.5
 30
0.0
 11
84.0
 21
-76.5
 31
0.0
  0
LINE
  5
415
330
37F
100
AcDbEntity
  8
AM_7
100
AcDbLine
 10
-0.5866025403784438
 20
35.0
 30
0.0
 11
12.31865334794732
 21
35.0
 31
0.0
  0
LINE
  5
416
330
37F
100
AcDbEntity
  8
AM_7
100
AcDbLine
 10
-0.5866025403784438
 20
-35.0
 30
0.0
 11
12.31865334794732
 21
-35.0
 31
0.0
  0
LINE
  5
417
330
37F
100
AcDbEntity
  8
AM_7
100
AcDbLine
 10
7.0
 20
60.60000000000002
 30
0.0
 11
6.999999999999993
 21
47.4
 31
0.0
  0
LINE
  5
418
330
37F
100
AcDbEntity
  8
AM_7
100
AcDbLine
 10
669.0
 20
60.60000000000002
 30
0.0
 11
669.0
 21
47.4
 31
0.0
  0
LINE
  5
419
330
37F
100
AcDbEntity
  8
AM_7
100
AcDbLine
 10
663.6813466520528
 20
35.00000000000001
 30
0.0
 11
676.5866025403784
 21
35.00000000000001
 31
0.0
  0
LINE
  5
41A
330
37F
100
AcDbEntity
  8
AM_7
100
AcDbLine
 10
663.6813466520528
 20
-35.0
 30
0.0
 11
676.5866025403784
 21
-35.0
 31
0.0
  0
LINE
  5
41B
330
37F
100
AcDbEntity
  8
AM_0
100
AcDbLine
 10
676.0
 20
-70.0
 30
0.0
 11
69.99999999999996
 21
-70.0
 31
0.0
  0
LINE
  5
41C
330
37F
100
AcDbEntity
  8
AM_0
100
AcDbLine
 10
54.00000000000001
 20
-70.0
 30
0.0
 11
0.0000000000000046
 21
-70.0
 31
0.0
  0
LINE
  5
41D
330
37F
100
AcDbEntity
  8
AM_0
100
AcDbLine
 10
0.0000000000000046
 20
-70.0
 30
0.0
 11
0.0000000000000044
 21
60.0
 31
0.0
  0
LINE
  5
41E
330
37F
100
AcDbEntity
  8
AM_0
100
AcDbLine
 10
70.0
 20
-65.0
 30
0.0
 11
54.00000000000001
 21
-65.0
 31
0.0
  0
LINE
  5
41F
330
37F
100
AcDbEntity
  8
AM_0
100
AcDbLine
 10
54.00000000000001
 20
-65.0
 30
0.0
 11
54.00000000000001
 21
-70.0
 31
0.0
  0
LINE
  5
420
330
37F
100
AcDbEntity
  8
AM_0
100
AcDbLine
 10
69.99999999999996
 20
-70.0
 30
0.0
 11
70.0
 21
-65.0
 31
0.0
  0
LINE
  5
421
330
37F
100
AcDbEntity
  8
AM_0
100
AcDbLine
 10
94.0
 20
47.0
 30
0.0
 11
94.0
 21
60.0
 31
0.0
  0
LINE
  5
422
330
37F
100
AcDbEntity
  8
AM_0
100
AcDbLine
 10
74.0
 20
47.0
 30
0.0
 11
74.0
 21
60.0
 31
0.0
  0
LINE
  5
423
330
37F
100
AcDbEntity
  8
AM_0
100
AcDbLine
 10
30.0
 20
47.0
 30
0.0
 11
50.00000000000001
 21
47.0
 31
0.0
  0
LINE
  5
424
330
37F
100
AcDbEntity
  8
AM_0
100
AcDbLine
 10
50.00000000000001
 20
47.0
 30
0.0
 11
50.00000000000001
 21
60.0
 31
0.0
  0
LINE
  5
425
330
37F
100
AcDbEntity
  8
AM_0
100
AcDbLine
 10
74.0
 20
47.0
 30
0.0
 11
94.0
 21
47.0
 31
0.0
  0
LINE
  5
426
330
37F
100
AcDbEntity
  8
AM_0
100
AcDbLine
 10
30.0
 20
47.0
 30
0.0
 11
30.0
 21
60.0
 31
0.0
  0
LINE
  5
427
330
37F
100
AcDbEntity
  8
AM_0
100
AcDbLine
 10
676.0
 20
-70.0
 30
0.0
 11
676.0
 21
60.0
 31
0.0
  0
LINE
  5
428
330
37F
100
AcDbEntity
  8
AM_0
100
AcDbLine
 10
676.0
 20
56.99999999999999
 30
0.0
 11
94.0
 21
56.99999999999999
 31
0.0
  0
LINE
  5
429
330
37F
100
AcDbEntity
  8
AM_0
100
AcDbLine
 10
74.0
 20
56.99999999999999
 30
0.0
 11
50.00000000000001
 21
57.0
 31
0.0
  0
LINE
  5
42A
330
37F
100
AcDbEntity
  8
AM_0
100
AcDbLine
 10
676.0
 20
60.0
 30
0.0
 11
0.0000000000000044
 21
60.0
 31
0.0
  0
LINE
  5
42B
330
37F
100
AcDbEntity
  8
AM_0
100
AcDbLine
 10
30.0
 20
57.0
 30
0.0
 11
0.0000000000000046
 21
56.99999999999999
 31
0.0
  0
ENDBLK
  5
42C
330
37F
100
AcDbEntity
  8
0
100
AcDbBlockEnd
  0
BLOCK
  5
46F
330
46E
100
AcDbEntity
  8
0
100
AcDbBlockBegin
  2
*D19
 70
     1
 10
0.0
 20
0.0
 30
0.0
  3
*D19
  1

  0
LINE
  5
494
330
46E
100
AcDbEntity
  8
AM_5
 62
     0
370
    -2
100
AcDbLine
 10
280.1799764964026
 20
-70.75956821280387
 30
0.0
 11
280.1799764964026
 21
-88.25956821280387
 31
0.0
  0
LINE
  5
495
330
46E
100
AcDbEntity
  8
AM_5
 62
     0
370
    -2
100
AcDbLine
 10
956.1799764964026
 20
-70.75956821280387
 30
0.0
 11
956.1799764964026
 21
-88.25956821280387
 31
0.0
  0
LINE
  5
496
330
46E
100
AcDbEntity
  8
AM_5
 62
     0
370
    -2
100
AcDbLine
 10
284.3466431630692
 20
-88.25956821280387
 30
0.0
 11
952.0133098297359
 21
-88.25956821280387
 31
0.0
  0
SOLID
  5
497
330
46E
100
AcDbEntity
  8
AM_5
 62
     0
100
AcDbTrace
 10
284.3466431630692
 20
-87.56512376835943
 30
0.0
 11
284.3466431630692
 21
-88.95401265724831
 31
0.0
 12
280.1799764964026
 22
-88.25956821280387
 32
0.0
 13
280.1799764964026
 23
-88.25956821280387
 33
0.0
  0
SOLID
  5
498
330
46E
100
AcDbEntity
  8
AM_5
 62
     0
100
AcDbTrace
 10
952.0133098297359
 20
-87.56512376835943
 30
0.0
 11
952.0133098297359
 21
-88.95401265724831
 31
0.0
 12
956.1799764964026
 22
-88.25956821280387
 32
0.0
 13
956.1799764964026
 23
-88.25956821280387
 33
0.0
  0
MTEXT
  5
499
330
46E
100
AcDbEntity
  8
AM_5
 62
     0
100
AcDbMText
 10
618.1799764964026
 20
-84.25956821280387
 30
0.0
 40
5.0
 41
0.0
 46
0.0
 71
     5
 72
     1
  1
676
 73
     1
 44
1.0
  0
POINT
  5
49A
330
46E
100
AcDbEntity
  8
Defpoints
 62
     0
100
AcDbPoint
 10
280.1799764964026
 20
-70.75956821280387
 30
0.0
  0
POINT
  5
49B
330
46E
100
AcDbEntity
  8
Defpoints
 62
     0
100
AcDbPoint
 10
956.1799764964026
 20
-70.75956821280387
 30
0.0
  0
POINT
  5
49C
330
46E
100
AcDbEntity
  8
Defpoints
 62
     0
100
AcDbPoint
 10
956.1799764964026
 20
-88.25956821280387
 30
0.0
  0
ENDBLK
  5
470
330
46E
100
AcDbEntity
  8
0
100
AcDbBlockEnd
  0
BLOCK
  5
47B
330
47A
100
AcDbEntity
  8
0
100
AcDbBlockBegin
  2
*D20
 70
     1
 10
0.0
 20
0.0
 30
0.0
  3
*D20
  1

  0
LINE
  5
49D
330
47A
100
AcDbEntity
  8
AM_5
 62
     0
370
    -2
100
AcDbLine
 10
267.1799764964027
 20
-23.25956821280388
 30
0.0
 11
243.6799764964026
 21
-23.25956821280388
 31
0.0
  0
LINE
  5
49E
330
47A
100
AcDbEntity
  8
AM_5
 62
     0
370
    -2
100
AcDbLine
 10
267.1799764964027
 20
21.74043178719614
 30
0.0
 11
243.6799764964026
 21
21.74043178719613
 31
0.0
  0
LINE
  5
49F
330
47A
100
AcDbEntity
  8
AM_5
 62
     0
370
    -2
100
AcDbLine
 10
243.6799764964026
 20
-19.09290154613722
 30
0.0
 11
243.6799764964026
 21
-8.926234879470472
 31
0.0
  0
LINE
  5
4A0
330
47A
100
AcDbEntity
  8
AM_5
 62
     0
370
    -2
100
AcDbLine
 10
243.6799764964026
 20
17.57376512052946
 30
0.0
 11
243.6799764964026
 21
7.407098453862868
 31
0.0
  0
SOLID
  5
4A1
330
47A
100
AcDbEntity
  8
AM_5
 62
     0
100
AcDbTrace
 10
242.9855320519582
 20
-19.09290154613722
 30
0.0
 11
244.3744209408471
 21
-19.09290154613722
 31
0.0
 12
243.6799764964026
 22
-23.25956821280388
 32
0.0
 13
243.6799764964026
 23
-23.25956821280388
 33
0.0
  0
SOLID
  5
4A2
330
47A
100
AcDbEntity
  8
AM_5
 62
     0
100
AcDbTrace
 10
242.9855320519582
 20
17.57376512052946
 30
0.0
 11
244.3744209408471
 21
17.57376512052946
 31
0.0
 12
243.6799764964026
 22
21.74043178719613
 32
0.0
 13
243.6799764964026
 23
21.74043178719613
 33
0.0
  0
MTEXT
  5
4A3
330
47A
100
AcDbEntity
  8
AM_5
 62
     0
100
AcDbMText
 10
243.6799764964026
 20
-0.7595682128038703
 30
0.0
 40
5.0
 41
0.0
 46
0.0
 71
     5
 72
     1
  1
ø45
 11
6.123233995736766E-17
 21
1.0
 31
0.0
 73
     1
 44
1.0
  0
POINT
  5
4A4
330
47A
100
AcDbEntity
  8
Defpoints
 62
     0
100
AcDbPoint
 10
267.1799764964027
 20
-23.25956821280388
 30
0.0
  0
POINT
  5
4A5
330
47A
100
AcDbEntity
  8
Defpoints
 62
     0
100
AcDbPoint
 10
267.1799764964027
 20
21.74043178719614
 30
0.0
  0
POINT
  5
4A6
330
47A
100
AcDbEntity
  8
Defpoints
 62
     0
100
AcDbPoint
 10
243.6799764964026
 20
21.74043178719613
 30
0.0
  0
ENDBLK
  5
47C
330
47A
100
AcDbEntity
  8
0
100
AcDbBlockEnd
  0
BLOCK
  5
488
330
487
100
AcDbEntity
  8
0
100
AcDbBlockBegin
  2
*D21
 70
     1
 10
0.0
 20
0.0
 30
0.0
  3
*D21
  1

  0
LINE
  5
4A7
330
487
100
AcDbEntity
  8
AM_5
 62
     0
370
    -2
100
AcDbLine
 10
267.2624764964027
 20
11.65793178719614
 30
0.0
 11
240.0966431630693
 21
11.65793178719613
 31
0.0
  0
LINE
  5
4A8
330
487
100
AcDbEntity
  8
AM_5
 62
     0
370
    -2
100
AcDbLine
 10
266.1799764964027
 20
-14.25956821280388
 30
0.0
 11
240.0966431630693
 21
-14.25956821280388
 31
0.0
  0
LINE
  5
4A9
330
487
100
AcDbEntity
  8
AM_5
 62
     0
370
    -2
100
AcDbLine
 10
240.0966431630693
 20
-10.09290154613721
 30
0.0
 11
240.0966431630693
 21
7.491265120529467
 31
0.0
  0
LINE
  5
4AA
330
487
100
AcDbEntity
  8
AM_5
 62
     0
370
    -2
100
AcDbLine
 10
240.0966431630693
 20
11.65793178719613
 30
0.0
 11
240.0966431630693
 21
30.49126512052954
 31
0.0
  0
SOLID
  5
4AB
330
487
100
AcDbEntity
  8
AM_5
 62
     0
100
AcDbTrace
 10
239.4021987186248
 20
-10.09290154613721
 30
0.0
 11
240.7910876075137
 21
-10.09290154613721
 31
0.0
 12
240.0966431630693
 22
-14.25956821280388
 32
0.0
 13
240.0966431630693
 23
-14.25956821280388
 33
0.0
  0
SOLID
  5
4AC
330
487
100
AcDbEntity
  8
AM_5
 62
     0
100
AcDbTrace
 10
239.4021987186248
 20
7.491265120529467
 30
0.0
 11
240.7910876075137
 21
7.491265120529467
 31
0.0
 12
240.0966431630693
 22
11.65793178719613
 32
0.0
 13
240.0966431630693
 23
11.65793178719613
 33
0.0
  0
MTEXT
  5
4AD
330
487
100
AcDbEntity
  8
AM_5
 62
     0
100
AcDbMText
 10
256.1799764964026
 20
30.49126512052946
 30
0.0
 40
5.0
 41
0.0
 46
0.0
 71
     5
 72
     1
  1
M27X2.0
 11
6.123233995736766E-17
 21
1.0
 31
0.0
 73
     1
 44
1.0
  0
POINT
  5
4AE
330
487
100
AcDbEntity
  8
Defpoints
 62
     0
100
AcDbPoint
 10
267.2624764964027
 20
11.65793178719614
 30
0.0
  0
POINT
  5
4AF
330
487
100
AcDbEntity
  8
Defpoints
 62
     0
100
AcDbPoint
 10
266.1799764964027
 20
-14.25956821280388
 30
0.0
  0
POINT
  5
4B0
330
487
100
AcDbEntity
  8
Defpoints
 62
     0
100
AcDbPoint
 10
240.0966431630693
 20
-14.25956821280388
 30
0.0
  0
ENDBLK
  5
489
330
487
100
AcDbEntity
  8
0
100
AcDbBlockEnd
  0
ENDSEC
  0
SECTION
  2
ENTITIES
  0
ATTDEF
  5
5F
330
1F
100
AcDbEntity
  8
AM_6
100
AcDbText
 10
80.0
 20
66.5
 30
0.0
 40
0.5
  1
JECX-MF-160-INLA-80-550(0)
100
AcDbAttributeDefinition
  3

  2
NB
 70
     8
280
     0
 71
     1
 72
     0
 11
0.0
 21
0.0
 31
0.0
  0
ATTDEF
  5
60
330
1F
100
AcDbEntity
  8
AM_6
100
AcDbText
 10
80.0
 20
66.0
 30
0.0
 40
0.5
  1
JECX
100
AcDbAttributeDefinition
  3

  2
NN
 70
     8
280
     0
 71
     1
 72
     0
 11
0.0
 21
0.0
 31
0.0
  0
ATTDEF
  5
61
330
1F
100
AcDbEntity
  8
AM_6
100
AcDbText
 10
80.0
 20
65.5
 30
0.0
 40
0.5
  1
Europe compact cylinder
100
AcDbAttributeDefinition
  3

  2
NT
 70
     8
280
     0
 71
     1
 72
     0
 11
0.0
 21
0.0
 31
0.0
  0
ATTDEF
  5
62
330
1F
100
AcDbEntity
  8
AM_6
100
AcDbText
 10
80.0
 20
65.0
 30
0.0
 40
0.5
  1
$MODEL.-$TYPE.-$PRESSURE.$CT.-$THREAD.$IT.-$BORE.-$STROKE.$PM.($POS.)
100
AcDbAttributeDefinition
  3

  2
NBSYN
 70
     8
280
     0
 71
     1
 72
     0
 11
0.0
 21
0.0
 31
0.0
  0
ATTDEF
  5
63
330
1F
100
AcDbEntity
  8
AM_6
100
AcDbText
 10
80.0
 20
64.5
 30
0.0
 40
0.5
  1
JECX-MF-160-INLA-80-550(0)
100
AcDbAttributeDefinition
  3

  2
LINA
 70
     8
280
     0
 71
     1
 72
     0
 11
0.0
 21
0.0
 31
0.0
  0
ATTDEF
  5
64
330
1F
100
AcDbEntity
  8
AM_6
100
AcDbText
 10
80.0
 20
64.0
 30
0.0
 40
0.5
  1
JUFAN
100
AcDbAttributeDefinition
  3

  2
CATALOG
 70
     8
280
     0
 71
     1
 72
     0
 11
0.0
 21
0.0
 31
0.0
  0
ATTDEF
  5
65
330
1F
100
AcDbEntity
  8
AM_6
100
AcDbText
 10
80.0
 20
63.5
 30
0.0
 40
0.5
  1
JECX
100
AcDbAttributeDefinition
  3

  2
MODEL
 70
     8
280
     0
 71
     1
 72
     0
 11
0.0
 21
0.0
 31
0.0
  0
ATTDEF
  5
66
330
1F
100
AcDbEntity
  8
AM_6
100
AcDbText
 10
80.0
 20
63.0
 30
0.0
 40
0.5
  1
MF:Oil circuit board
100
AcDbAttributeDefinition
  3

  2
TYPE
 70
     8
280
     0
 71
     1
 72
     0
 11
0.0
 21
0.0
 31
0.0
  0
ATTDEF
  5
67
330
1F
100
AcDbEntity
  8
AM_6
100
AcDbText
 10
80.0
 20
62.5
 30
0.0
 40
0.5
  1
160:160kgf/cm²
100
AcDbAttributeDefinition
  3

  2
PRESSURE
 70
     8
280
     0
 71
     1
 72
     0
 11
0.0
 21
0.0
 31
0.0
  0
ATTDEF
  5
68
330
1F
100
AcDbEntity
  8
AM_6
100
AcDbText
 10
80.0
 20
62.0
 30
0.0
 40
0.5
  1
Blank:standard
100
AcDbAttributeDefinition
  3

  2
CT
 70
     8
280
     0
 71
     1
 72
     0
 11
0.0
 21
0.0
 31
0.0
  0
ATTDEF
  5
69
330
1F
100
AcDbEntity
  8
AM_6
100
AcDbText
 10
80.0
 20
61.5
 30
0.0
 40
0.5
  1
IN:InnerKK1
100
AcDbAttributeDefinition
  3

  2
THREAD
 70
     8
280
     0
 71
     1
 72
     0
 11
0.0
 21
0.0
 31
0.0
  0
ATTDEF
  5
6A
330
1F
100
AcDbEntity
  8
AM_6
100
AcDbText
 10
80.0
 20
61.0
 30
0.0
 40
0.5
  1
LA:Radial type
100
AcDbAttributeDefinition
  3

  2
IT
 70
     8
280
     0
 71
     1
 72
     0
 11
0.0
 21
0.0
 31
0.0
  0
ATTDEF
  5
6B
330
1F
100
AcDbEntity
  8
AM_6
100
AcDbText
 10
80.0
 20
60.5
 30
0.0
 40
0.5
  1
80
100
AcDbAttributeDefinition
  3

  2
BORE
 70
     8
280
     0
 71
     1
 72
     0
 11
0.0
 21
0.0
 31
0.0
  0
ATTDEF
  5
6C
330
1F
100
AcDbEntity
  8
AM_6
100
AcDbText
 10
80.0
 20
60.0
 30
0.0
 40
0.5
  1
550
100
AcDbAttributeDefinition
  3

  2
STROKE
 70
     8
280
     0
 71
     1
 72
     0
 11
0.0
 21
0.0
 31
0.0
  0
ATTDEF
  5
6D
330
1F
100
AcDbEntity
  8
AM_6
100
AcDbText
 10
80.0
 20
59.5
 30
0.0
 40
0.5
  1
1：(PU) (standard usage)
100
AcDbAttributeDefinition
  3

  2
PM
 70
     8
280
     0
 71
     1
 72
     0
 11
0.0
 21
0.0
 31
0.0
  0
ATTDEF
  5
6E
330
1F
100
AcDbEntity
  8
AM_6
100
AcDbText
 10
80.0
 20
59.0
 30
0.0
 40
0.5
  1
45
100
AcDbAttributeDefinition
  3

  2
MM
 70
     8
280
     0
 71
     1
 72
     0
 11
0.0
 21
0.0
 31
0.0
  0
ATTDEF
  5
6F
330
1F
100
AcDbEntity
  8
AM_6
100
AcDbText
 10
80.0
 20
58.5
 30
0.0
 40
0.5
  1
150
100
AcDbAttributeDefinition
  3

  2
EA
 70
     8
280
     0
 71
     1
 72
     0
 11
0.0
 21
0.0
 31
0.0
  0
ATTDEF
  5
70
330
1F
100
AcDbEntity
  8
AM_6
100
AcDbText
 10
80.0
 20
58.0
 30
0.0
 40
0.5
  1
16
100
AcDbAttributeDefinition
  3

  2
TW
 70
     8
280
     0
 71
     1
 72
     0
 11
0.0
 21
0.0
 31
0.0
  0
ATTDEF
  5
71
330
1F
100
AcDbEntity
  8
AM_6
100
AcDbText
 10
80.0
 20
57.5
 30
0.0
 40
0.5
  1
13.0
100
AcDbAttributeDefinition
  3

  2
FB
 70
     8
280
     0
 71
     1
 72
     0
 11
0.0
 21
0.0
 31
0.0
  0
ATTDEF
  5
72
330
1F
100
AcDbEntity
  8
AM_6
100
AcDbText
 10
80.0
 20
57.0
 30
0.0
 40
0.5
  1
20.0
100
AcDbAttributeDefinition
  3

  2
FG
 70
     8
280
     0
 71
     1
 72
     0
 11
0.0
 21
0.0
 31
0.0
  0
ATTDEF
  5
73
330
1F
100
AcDbEntity
  8
AM_6
100
AcDbText
 10
80.0
 20
56.5
 30
0.0
 40
0.5
  1
13.0
100
AcDbAttributeDefinition
  3

  2
BT
 70
     8
280
     0
 71
     1
 72
     0
 11
0.0
 21
0.0
 31
0.0
  0
ATTDEF
  5
74
330
1F
100
AcDbEntity
  8
AM_6
100
AcDbText
 10
80.0
 20
56.0
 30
0.0
 40
0.5
  1
126
100
AcDbAttributeDefinition
  3

  2
TS
 70
     8
280
     0
 71
     1
 72
     0
 11
0.0
 21
0.0
 31
0.0
  0
ATTDEF
  5
75
330
1F
100
AcDbEntity
  8
AM_6
100
AcDbText
 10
80.0
 20
55.5
 30
0.0
 40
0.5
  1
44
100
AcDbAttributeDefinition
  3

  2
F
 70
     8
280
     0
 71
     1
 72
     0
 11
0.0
 21
0.0
 31
0.0
  0
ATTDEF
  5
76
330
1F
100
AcDbEntity
  8
AM_6
100
AcDbText
 10
80.0
 20
55.0
 30
0.0
 40
0.5
  1
130
100
AcDbAttributeDefinition
  3

  2
EB
 70
     8
280
     0
 71
     1
 72
     0
 11
0.0
 21
0.0
 31
0.0
  0
ATTDEF
  5
77
330
1F
100
AcDbEntity
  8
AM_6
100
AcDbText
 10
80.0
 20
54.5
 30
0.0
 40
0.5
  1
70
100
AcDbAttributeDefinition
  3

  2
LH
 70
     8
280
     0
 71
     1
 72
     0
 11
0.0
 21
0.0
 31
0.0
  0
ATTDEF
  5
78
330
1F
100
AcDbEntity
  8
AM_6
100
AcDbText
 10
80.0
 20
54.0
 30
0.0
 40
0.5
  1
36
100
AcDbAttributeDefinition
  3

  2
K
 70
     8
280
     0
 71
     1
 72
     0
 11
0.0
 21
0.0
 31
0.0
  0
ATTDEF
  5
79
330
1F
100
AcDbEntity
  8
AM_6
100
AcDbText
 10
80.0
 20
53.5
 30
0.0
 40
0.5
  1
140
100
AcDbAttributeDefinition
  3

  2
ZJ
 70
     8
280
     0
 71
     1
 72
     0
 11
0.0
 21
0.0
 31
0.0
  0
ATTDEF
  5
7A
330
1F
100
AcDbEntity
  8
AM_6
100
AcDbText
 10
80.0
 20
53.0
 30
0.0
 40
0.5
  1
126
100
AcDbAttributeDefinition
  3

  2
LL
 70
     8
280
     0
 71
     1
 72
     0
 11
0.0
 21
0.0
 31
0.0
  0
ATTDEF
  5
7B
330
1F
100
AcDbEntity
  8
AM_6
100
AcDbText
 10
80.0
 20
52.5
 30
0.0
 40
0.5
  1
5
100
AcDbAttributeDefinition
  3

  2
PC
 70
     8
280
     0
 71
     1
 72
     0
 11
0.0
 21
0.0
 31
0.0
  0
ATTDEF
  5
7C
330
1F
100
AcDbEntity
  8
AM_6
100
AcDbText
 10
80.0
 20
52.0
 30
0.0
 40
0.5
  1
62
100
AcDbAttributeDefinition
  3

  2
TX
 70
     8
280
     0
 71
     1
 72
     0
 11
0.0
 21
0.0
 31
0.0
  0
ATTDEF
  5
7D
330
1F
100
AcDbEntity
  8
AM_6
100
AcDbText
 10
80.0
 20
51.5
 30
0.0
 40
0.5
  1
14
100
AcDbAttributeDefinition
  3

  2
WF
 70
     8
280
     0
 71
     1
 72
     0
 11
0.0
 21
0.0
 31
0.0
  0
ATTDEF
  5
7E
330
1F
100
AcDbEntity
  8
AM_6
100
AcDbText
 10
80.0
 20
51.0
 30
0.0
 40
0.5
  1
Φ22X1.8DP底孔Φ14
100
AcDbAttributeDefinition
  3

  2
EF
 70
     8
280
     0
 71
     1
 72
     0
 11
0.0
 21
0.0
 31
0.0
  0
ATTDEF
  5
7F
330
1F
100
AcDbEntity
  8
AM_6
100
AcDbText
 10
80.0
 20
50.5
 30
0.0
 40
0.5
  1
M27X2.0
100
AcDbAttributeDefinition
  3

  2
KK1
 70
     8
280
     0
 71
     1
 72
     0
 11
0.0
 21
0.0
 31
0.0
  0
ATTDEF
  5
80
330
1F
100
AcDbEntity
  8
AM_6
100
AcDbText
 10
80.0
 20
50.0
 30
0.0
 40
0.5
  1
M33X2.0
100
AcDbAttributeDefinition
  3

  2
KK2
 70
     8
280
     0
 71
     1
 72
     0
 11
0.0
 21
0.0
 31
0.0
  0
ATTDEF
  5
81
330
1F
100
AcDbEntity
  8
AM_6
100
AcDbText
 10
80.0
 20
49.5
 30
0.0
 40
0.5
  1
42
100
AcDbAttributeDefinition
  3

  2
NBB
 70
     8
280
     0
 71
     1
 72
     0
 11
0.0
 21
0.0
 31
0.0
  0
ATTDEF
  5
82
330
1F
100
AcDbEntity
  8
AM_6
100
AcDbText
 10
80.0
 20
49.0
 30
0.0
 40
0.5
  1
50
100
AcDbAttributeDefinition
  3

  2
A1
 70
     8
280
     0
 71
     1
 72
     0
 11
0.0
 21
0.0
 31
0.0
  0
ATTDEF
  5
83
330
1F
100
AcDbEntity
  8
AM_6
100
AcDbText
 10
80.0
 20
48.5
 30
0.0
 40
0.5
  1
30
100
AcDbAttributeDefinition
  3

  2
NC
 70
     8
280
     0
 71
     1
 72
     0
 11
0.0
 21
0.0
 31
0.0
  0
ATTDEF
  5
84
330
1F
100
AcDbEntity
  8
AM_6
100
AcDbText
 10
80.0
 20
48.0
 30
0.0
 40
0.5
  1
20
100
AcDbAttributeDefinition
  3

  2
ND
 70
     8
280
     0
 71
     1
 72
     0
 11
0.0
 21
0.0
 31
0.0
  0
ATTDEF
  5
85
330
1F
100
AcDbEntity
  8
AM_6
100
AcDbText
 10
80.0
 20
47.5
 30
0.0
 40
0.5
  1
20
100
AcDbAttributeDefinition
  3

  2
NE
 70
     8
280
     0
 71
     1
 72
     0
 11
0.0
 21
0.0
 31
0.0
  0
ATTDEF
  5
86
330
1F
100
AcDbEntity
  8
AM_6
100
AcDbText
 10
80.0
 20
47.0
 30
0.0
 40
0.5
  1
2.0
100
AcDbAttributeDefinition
  3

  2
N
 70
     8
280
     0
 71
     1
 72
     0
 11
0.0
 21
0.0
 31
0.0
  0
ATTDEF
  5
87
330
1F
100
AcDbEntity
  8
AM_6
100
AcDbText
 10
80.0
 20
46.5
 30
0.0
 40
0.5
  1
2
100
AcDbAttributeDefinition
  3

  2
R
 70
     8
280
     0
 71
     1
 72
     0
 11
0.0
 21
0.0
 31
0.0
  0
ATTDEF
  5
88
330
1F
100
AcDbEntity
  8
AM_6
100
AcDbText
 10
80.0
 20
46.0
 30
0.0
 40
0.5
  1
12
100
AcDbAttributeDefinition
  3

  2
S
 70
     8
280
     0
 71
     1
 72
     0
 11
0.0
 21
0.0
 31
0.0
  0
ATTDEF
  5
89
330
1F
100
AcDbEntity
  8
AM_6
100
AcDbText
 10
80.0
 20
45.5
 30
0.0
 40
0.5
  1
jufan
100
AcDbAttributeDefinition
  3

  2
COMPANY
 70
     8
280
     0
 71
     1
 72
     0
 11
0.0
 21
0.0
 31
0.0
  0
ATTDEF
  5
8A
330
1F
100
AcDbEntity
  8
AM_6
100
AcDbText
 10
80.0
 20
45.0
 30
0.0
 40
0.5
  1
{$CADENAS_DATA/23d-libs/jufan/oil_pressure_product/jecx/jecx_asmtab.prj},254 {VTYP=3D},{STYP=ASSTAB},{NB=JECX-MF-160-INLA-80-550(0)},{LINA=JECX-MF-160-INLA-80-550(0)},{NN=JECX},{DATE=05.09.2023 02:33:13},{GEOMDATE=02.11.2021 06:37:09},{VERSION=},{LINEID=6
100
AcDbAttributeDefinition
  3

  2
PSOL_0
 70
     9
280
     0
 71
     1
 72
     0
 11
0.0
 21
0.0
 31
0.0
  0
ATTDEF
  5
8B
330
1F
100
AcDbEntity
  8
AM_6
100
AcDbText
 10
80.0
 20
44.5
 30
0.0
 40
0.5
  1
0},{WBVAR=TYPE,PRESSURE,CT,THREAD,IT,STROKE,POS,PM},{WBNUMERIC=STROKE,POS}  {NB=JECX-MF-160-INLA-80-550(0)},{LINA=JECX-MF-160-INLA-80-550(0)},{KT=DUMMY},{MODEL=JECX},{TYPE=MF},{PRESSURE=160},{CT=},{THREAD=IN},{IT=LA},{BORE=80},{STROKE=550},{POS=0},{ST=[5:
100
AcDbAttributeDefinition
  3

  2
PSOL_1
 70
     9
280
     0
 71
     1
 72
     0
 11
0.0
 21
0.0
 31
0.0
  0
ATTDEF
  5
8C
330
1F
100
AcDbEntity
  8
AM_6
100
AcDbText
 10
80.0
 20
44.0
 30
0.0
 40
0.5
  1
700]},{PM=},{MM=45},{EA=150},{TW=16},{FB=13.0},{FG=20.0},{BT=13.0},{TS=126},{F=44},{EB=130},{LH=70},{K=36},{ZJ=140},{LL=126},{PC=5},{TX=62},{WF=14},{EF=Φ22X1.8DP底孔Φ14},{EF1=22.000},{DP=1.800},{EF2=14.000},{KK1=M27X2.0},{KK11=27.000},{KK12=2.000},{KK3=M27X
100
AcDbAttributeDefinition
  3

  2
PSOL_2
 70
     9
280
     0
 71
     1
 72
     0
 11
0.0
 21
0.0
 31
0.0
  0
ATTDEF
  5
8D
330
1F
100
AcDbEntity
  8
AM_6
100
AcDbText
 10
80.0
 20
43.5
 30
0.0
 40
0.5
  1
3.0},{KK2=M33X2.0},{KK21=33.000},{KK22=2.000},{NBB=42},{A1=50},{NC=30},{ND=20},{NE=20},{N=2.0},{R=2},{S=12},{PPATH=assemblies/jecx_asmtpl.prj},{DCC=CN,TW},{TEXT=5}
100
AcDbAttributeDefinition
  3

  2
PSOL_3
 70
     9
280
     0
 71
     1
 72
     0
 11
0.0
 21
0.0
 31
0.0
  0
INSERT
  5
8F
330
1F
100
AcDbEntity
  8
0
100
AcDbBlockReference
  2
1_JECX_MF_INLA_80_550_0_rod__0_in_JECX_MF_160_INLA_80_550_0__0
 10
0.0
 20
0.0
 30
0.0
  0
INSERT
  5
D9
330
1F
100
AcDbEntity
  8
0
100
AcDbBlockReference
  2
2_JECX_MF_EXLA_80_550_0_body__0_in_JECX_MF_160_INLA_80_550_0__0
 10
0.0
 20
0.0
 30
0.0
  0
DIMENSION
  5
153
330
1F
100
AcDbEntity
  8
AM_5
100
AcDbDimension
280
     0
  2
*D3
 10
63.0
 20
70.0
 30
0.0
 11
0.0
 21
70.0
 31
0.0
 70
   160
  1
126
 71
     5
 42
126.0
 73
     0
 74
     0
 75
     0
  3
ISO-25
100
AcDbAlignedDimension
 13
-63.0
 23
60.0
 33
0.0
 14
63.0
 24
60.0
 34
0.0
100
AcDbRotatedDimension
1001
ACAD
1000
DSTYLE
1002
{
1070
   147
1040
1.5
1070
    42
1040
0.0
1070
    44
1040
0.0
1070
    41
1040
4.166666666666667
1070
   140
1040
5.0
1002
}
  0
DIMENSION
  5
161
330
1F
100
AcDbEntity
  8
AM_5
100
AcDbDimension
280
     0
  2
*D4
 10
-100.0
 20
-70.0
 30
0.0
 11
-100.0
 21
-5.0
 31
0.0
 70
   160
  1
130
 71
     5
 42
130.0
 73
     0
 74
     0
 75
     0
 53
90.0
  3
ISO-25
100
AcDbAlignedDimension
 13
-72.0
 23
60.0
 33
0.0
 14
-75.0
 24
-70.0
 34
0.0
 50
90.0
100
AcDbRotatedDimension
1001
ACAD
1000
DSTYLE
1002
{
1070
   147
1040
1.5
1070
    42
1040
0.0
1070
    44
1040
0.0
1070
    41
1040
4.166666666666667
1070
   140
1040
5.0
1002
}
  0
DIMENSION
  5
16F
330
1F
100
AcDbEntity
  8
AM_5
100
AcDbDimension
280
     0
  2
*D5
 10
-92.5
 20
-70.0
 30
0.0
 11
-92.5
 21
-35.0
 31
0.0
 70
   160
  1
70
 71
     5
 42
70.0
 73
     0
 74
     0
 75
     0
 53
90.0
  3
ISO-25
100
AcDbAlignedDimension
 13
0.0
 23
0.0
 33
0.0
 14
-75.0
 24
-70.0
 34
0.0
 50
90.0
100
AcDbRotatedDimension
1001
ACAD
1000
DSTYLE
1002
{
1070
   147
1040
1.5
1070
    42
1040
0.0
1070
    44
1040
0.0
1070
    41
1040
4.166666666666667
1070
   140
1040
5.0
1002
}
  0
POINT
  5
17E
330
1F
100
AcDbEntity
  8
2d ConnectionPoints
100
AcDbPoint
 10
0.0
 20
0.0
 30
0.0
  0
INSERT
  5
2EF
330
1F
100
AcDbEntity
  8
0
100
AcDbBlockReference
  2
1_JECX_MF_INLA_80_550_0_rod__0_in_JECX_MF_160_INLA_80_550_0__4
 10
-12.91502411778765
 20
-913.9006215520678
 30
0.0
  0
INSERT
  5
2F0
330
1F
100
AcDbEntity
  8
0
100
AcDbBlockReference
  2
2_JECX_MF_EXLA_80_550_0_body__0_in_JECX_MF_160_INLA_80_550_0__4
 10
-12.91502411778765
 20
-913.9006215520678
 30
0.0
  0
DIMENSION
  5
2F1
330
1F
100
AcDbEntity
  8
AM_5
100
AcDbDimension
280
     0
  2
*D11
 10
-105.4150241177874
 20
-829.9006215520683
 30
0.0
 11
-105.4150241177877
 21
-851.9006215520678
 31
0.0
 70
   160
  1
44
 71
     5
 42
44.0
 73
     0
 74
     0
 75
     0
 53
90.0
  3
ISO-25
100
AcDbAlignedDimension
 13
-75.91502411778765
 23
-873.9006215520678
 33
0.0
 14
-75.91502411778765
 24
-829.9006215520678
 34
0.0
 50
90.0
100
AcDbRotatedDimension
1001
ACAD
1000
DSTYLE
1002
{
1070
   147
1040
1.5
1070
    42
1040
0.0
1070
    44
1040
0.0
1070
    41
1040
4.166666666666667
1070
   140
1040
5.0
1002
}
  0
DIMENSION
  5
2F2
330
1F
100
AcDbEntity
  8
AM_5
100
AcDbDimension
280
     0
  2
*D12
 10
-105.4150241177874
 20
-913.9006215520683
 30
0.0
 11
-105.4150241177877
 21
-893.9006215520678
 31
0.0
 70
   160
  1
40
 71
     5
 42
40.0
 73
     0
 74
     0
 75
     0
 53
90.0
  3
ISO-25
100
AcDbAlignedDimension
 13
-75.91502411778765
 23
-873.9006215520678
 33
0.0
 14
-87.91502411778765
 24
-913.9006215520678
 34
0.0
 50
90.0
100
AcDbRotatedDimension
1001
ACAD
1000
DSTYLE
1002
{
1070
   147
1040
1.5
1070
    42
1040
0.0
1070
    44
1040
0.0
1070
    41
1040
4.166666666666667
1070
   140
1040
5.0
1002
}
  0
POINT
  5
2F3
330
1F
100
AcDbEntity
  8
2d ConnectionPoints
100
AcDbPoint
 10
-12.91502411778765
 20
-913.9006215520678
 30
0.0
  0
INSERT
  5
462
330
1F
100
AcDbEntity
  8
0
100
AcDbBlockReference
  2
1_JECX_MF_INLA_80_550_0_rod__0_in_JECX_MF_160_INLA_80_550_0__2
 10
280.1799764964026
 20
-0.7595682128038703
 30
0.0
  0
INSERT
  5
463
330
1F
100
AcDbEntity
  8
0
100
AcDbBlockReference
  2
2_JECX_MF_EXLA_80_550_0_body__0_in_JECX_MF_160_INLA_80_550_0__2
 10
280.1799764964026
 20
-0.7595682128038703
 30
0.0
  0
DIMENSION
  5
464
330
1F
100
AcDbEntity
  8
AM_5
100
AcDbDimension
280
     0
  2
*D19
 10
956.1799764964026
 20
-88.25956821280387
 30
0.0
 11
618.1799764964026
 21
-88.25956821280387
 31
0.0
 70
   160
  1
676
 71
     5
 42
676.0
 73
     0
 74
     0
 75
     0
  3
ISO-25
100
AcDbAlignedDimension
 13
280.1799764964026
 23
-70.75956821280387
 33
0.0
 14
956.1799764964026
 24
-70.75956821280387
 34
0.0
100
AcDbRotatedDimension
1001
ACAD
1000
DSTYLE
1002
{
1070
   147
1040
1.5
1070
    42
1040
0.0
1070
    44
1040
0.0
1070
    41
1040
4.166666666666667
1070
   140
1040
5.0
1002
}
  0
DIMENSION
  5
465
330
1F
100
AcDbEntity
  8
AM_5
100
AcDbDimension
280
     0
  2
*D20
 10
243.6799764964026
 20
21.74043178719613
 30
0.0
 11
243.6799764964026
 21
-0.7595682128038703
 31
0.0
 70
   160
  1
ø45
 71
     5
 42
45.00000000000001
 73
     0
 74
     0
 75
     0
 53
90.0
  3
ISO-25
100
AcDbAlignedDimension
 13
267.1799764964026
 23
-23.25956821280387
 33
0.0
 14
267.1799764964026
 24
21.74043178719613
 34
0.0
 50
90.0
100
AcDbRotatedDimension
1001
ACAD
1000
DSTYLE
1002
{
1070
   147
1040
1.5
1070
    42
1040
0.0
1070
    44
1040
0.0
1070
    41
1040
4.166666666666667
1070
   140
1040
5.0
1002
}
  0
LWPOLYLINE
  5
466
330
1F
100
AcDbEntity
  8
AM_5
100
AcDbPolyline
 90
        4
 70
     0
 43
0.0
 10
272.1799764964026
 20
-0.7595682128038703
 10
270.3000349837827
 20
-4.570260468114455
 10
268.9789950019417
 20
-3.554075866698298
 10
272.1799764964026
 20
-0.7595682128038703
  0
LINE
  5
467
330
1F
100
AcDbEntity
  8
AM_5
100
AcDbLine
 10
239.1799764964026
 20
-33.25956821280387
 30
0.0
 11
247.1799764964026
 21
-33.25956821280387
 31
0.0
  0
LINE
  5
468
330
1F
100
AcDbEntity
  8
AM_5
100
AcDbLine
 10
247.1799764964026
 20
-33.25956821280387
 30
0.0
 11
272.1799764964026
 21
-0.7595682128038703
 31
0.0
  0
LWPOLYLINE
  5
469
330
1F
100
AcDbEntity
  8
AM_5
100
AcDbPolyline
 90
      111
 70
     0
 43
0.0
 10
240.1127264964026
 20
-30.45306821280387
 10
240.1127264964026
 20
-30.45306821280387
 10
240.1182514964025
 20
-30.56330821280388
 10
240.1472577464025
 20
-30.71794321280387
 10
240.1472577464025
 20
-30.71794321280387
 10
240.2011264964025
 20
-30.85970821280387
 10
240.2508514964026
 20
-30.94706821280387
 10
240.2508514964026
 20
-30.94706821280387
 10
240.3098064964025
 20
-31.02766821280387
 10
240.4121327464026
 20
-31.13394321280387
 10
240.4121327464026
 20
-31.13394321280387
 10
240.5311314964026
 20
-31.22266821280387
 10
240.6197264964026
 20
-31.27206821280387
 10
240.6197264964026
 20
-31.27206821280387
 10
240.7133264964025
 20
-31.31301821280388
 10
240.8586014964026
 20
-31.35738071280387
 10
240.8586014964026
 20
-31.35738071280387
 10
241.0097264964025
 20
-31.38126821280387
 10
241.1137264964026
 20
-31.38581821280387
 10
241.1137264964026
 20
-31.38581821280387
 10
241.2240964964026
 20
-31.38120321280388
 10
241.3842889964026
 20
-31.35697446280387
 10
241.3842889964026
 20
-31.35697446280387
 10
241.5380464964026
 20
-31.31197821280387
 10
241.6369764964026
 20
-31.27044321280387
 10
241.6369764964026
 20
-31.27044321280387
 10
241.7305764964025
 20
-31.22039321280388
 10
241.8563514964026
 20
-31.13069321280387
 10
241.8563514964026
 20
-31.13069321280387
 10
241.9645764964026
 20
-31.02344321280388
 10
242.0269764964026
 20
-30.94219321280387
 10
242.0269764964026
 20
-30.94219321280387
 10
242.0796264964025
 20
-30.85450821280388
 10
242.1366639964025
 20
-30.71347446280387
 10
242.1366639964025
 20
-30.71347446280387
 10
242.1673764964026
 20
-30.56103321280388
 10
242.1732264964025
 20
-30.45306821280387
 10
242.1732264964025
 20
-30.45306821280387
 10
242.1650364964025
 20
-30.29934321280388
 10
242.1220389964026
 20
-30.08703696280387
 10
242.1220389964026
 20
-30.08703696280387
 10
242.0421864964026
 20
-29.89666821280387
 10
241.9684764964026
 20
-29.78194321280387
 10
241.9684764964026
 20
-29.78194321280387
 10
241.8805314964025
 20
-29.67755321280388
 10
241.7259452464025
 20
-29.54144321280387
 10
241.7259452464025
 20
-29.54144321280387
 10
241.5441564964025
 20
-29.42990321280387
 10
241.4078514964025
 20
-29.36919321280387
 10
241.4078514964025
 20
-29.36919321280387
 10
241.2616664964025
 20
-29.31946821280388
 10
241.0280077464026
 20
-29.26559946280387
 10
241.0280077464026
 20
-29.26559946280387
 10
240.7770914964026
 20
-29.23659321280388
 10
240.6002264964026
 20
-29.23106821280387
 10
240.6002264964026
 20
-28.77606821280387
 10
241.9197264964026
 20
-27.48256821280387
 10
239.7162264964026
 20
-27.48256821280387
 10
239.7162264964026
 20
-27.04706821280387
 10
242.5372264964026
 20
-27.04706821280387
 10
242.5372264964026
 20
-27.50206821280387
 10
241.1884764964026
 20
-28.83456821280387
 10
241.1884764964026
 20
-28.83456821280387
 10
241.4827314964026
 20
-28.90249321280388
 10
241.8575702464026
 20
-29.04947446280387
 10
241.8575702464026
 20
-29.04947446280387
 10
242.1525564964026
 20
-29.25056821280387
 10
242.3048514964026
 20
-29.41469321280387
 10
242.3048514964026
 20
-29.41469321280387
 10
242.4259464964026
 20
-29.59714821280387
 10
242.5571327464026
 20
-29.89447446280387
 10
242.5571327464026
 20
-29.89447446280387
 10
242.6277714964025
 20
-30.22017321280387
 10
242.6412264964026
 20
-30.45306821280387
 10
242.6412264964026
 20
-30.45306821280387
 10
242.6321264964025
 20
-30.62122321280388
 10
242.5843514964026
 20
-30.85566196280387
 10
242.5843514964026
 20
-30.85566196280387
 10
242.4956264964026
 20
-31.06874821280387
 10
242.4137264964025
 20
-31.19894321280387
 10
242.4137264964025
 20
-31.19894321280387
 10
242.3174614964025
 20
-31.31821821280388
 10
242.1533202464026
 20
-31.47397446280387
 10
242.1533202464026
 20
-31.47397446280387
 10
241.9654864964025
 20
-31.60194321280387
 10
241.8271014964026
 20
-31.67181821280387
 10
241.8271014964026
 20
-31.67181821280387
 10
241.6820864964025
 20
-31.72914821280388
 10
241.4594452464026
 20
-31.79125571280387
 10
241.4594452464026
 20
-31.79125571280387
 10
241.2306614964025
 20
-31.82469821280387
 10
241.0747264964025
 20
-31.83106821280387
 10
241.0747264964025
 20
-31.83106821280387
 10
240.9233414964025
 20
-31.82476321280388
 10
240.7038202464026
 20
-31.79166196280387
 10
240.7038202464026
 20
-31.79166196280387
 10
240.4933664964026
 20
-31.73018821280387
 10
240.3581014964026
 20
-31.67344321280387
 10
240.3581014964026
 20
-31.67344321280387
 10
240.2300514964026
 20
-31.60421821280388
 10
240.0574764964026
 20
-31.47722446280387
 10
240.0574764964026
 20
-31.47722446280387
 10
239.9083014964025
 20
-31.32244321280388
 10
239.8218514964026
 20
-31.20381821280387
 10
239.8218514964026
 20
-31.20381821280387
 10
239.7487264964026
 20
-31.07394821280387
 10
239.6695077464026
 20
-30.86013071280387
 10
239.6695077464026
 20
-30.86013071280387
 10
239.6268514964025
 20
-30.62349821280387
 10
239.6187264964026
 20
-30.45306821280387
 10
240.1127264964026
 20
-30.45306821280387
  0
LWPOLYLINE
  5
46A
330
1F
100
AcDbEntity
  8
AM_5
100
AcDbPolyline
 90
      122
 70
     0
 43
0.0
 10
245.1462264964026
 20
-31.79856821280387
 10
245.1462264964026
 20
-31.79856821280387
 10
244.9260714964026
 20
-31.78836321280387
 10
244.6331327464026
 20
-31.73478696280387
 10
244.6331327464026
 20
-31.73478696280387
 10
244.3849464964026
 20
-31.63528821280387
 10
244.2443514964025
 20
-31.54344321280387
 10
244.2443514964025
 20
-31.54344321280387
 10
244.1216964964025
 20
-31.43398321280388
 10
243.9676952464026
 20
-31.24200571280387
 10
243.9676952464026
 20
-31.24200571280387
 10
243.8496714964026
 20
-31.01668321280387
 10
243.7909764964025
 20
-30.84794321280387
 10
243.7909764964025
 20
-30.84794321280387
 10
243.7453464964025
 20
-30.66444821280388
 10
243.6959139964026
 20
-30.36166196280387
 10
243.6959139964026
 20
-30.36166196280387
 10
243.6692964964026
 20
-30.02582321280387
 10
243.6642264964026
 20
-29.78356821280387
 10
243.6642264964026
 20
-29.78356821280387
 10
243.6798914964025
 20
-29.28592821280388
 10
243.7621327464026
 20
-28.62331821280387
 10
243.7621327464026
 20
-28.62331821280387
 10
243.9148664964026
 20
-28.06132821280387
 10
244.0558514964026
 20
-27.74256821280387
 10
244.0558514964026
 20
-27.74256821280387
 10
244.2305064964025
 20
-27.47580821280388
 10
244.5600077464026
 20
-27.18681821280387
 10
244.5600077464026
 20
-27.18681821280387
 10
244.9705314964025
 20
-27.03120821280388
 10
245.2892264964026
 20
-27.00156821280387
 10
245.2892264964026
 20
-27.00156821280387
 10
245.4424964964026
 20
-27.00611821280388
 10
245.6524139964026
 20
-27.03000571280387
 10
245.6524139964026
 20
-27.03000571280387
 10
245.8383464964026
 20
-27.07436821280388
 10
245.9489764964026
 20
-27.11531821280387
 10
245.9489764964026
 20
-27.11531821280387
 10
246.0515464964026
 20
-27.16380821280388
 10
246.1951639964026
 20
-27.24775571280387
 10
246.1951639964026
 20
-27.24775571280387
 10
246.3264964964026
 20
-27.34515821280387
 10
246.4072264964026
 20
-27.41756821280387
 10
246.0497264964026
 20
-27.71006821280387
 10
246.0497264964026
 20
-27.71006821280387
 10
246.0033814964025
 20
-27.65644321280388
 10
245.9209452464026
 20
-27.58453696280387
 10
245.9209452464026
 20
-27.58453696280387
 10
245.8230064964026
 20
-27.52286821280387
 10
245.7491014964025
 20
-27.48744321280387
 10
245.7491014964025
 20
-27.48744321280387
 10
245.6688264964025
 20
-27.45760821280388
 10
245.5374452464026
 20
-27.42528696280387
 10
245.5374452464026
 20
-27.42528696280387
 10
245.3929014964025
 20
-27.40788321280387
 10
245.2892264964026
 20
-27.40456821280387
 10
245.2892264964026
 20
-27.40456821280387
 10
245.1251014964026
 20
-27.41730821280387
 10
244.9069452464026
 20
-27.48419321280387
 10
244.9069452464026
 20
-27.48419321280387
 10
244.7224264964026
 20
-27.60840821280387
 10
244.6181014964026
 20
-27.72306821280387
 10
244.6181014964026
 20
-27.72306821280387
 10
244.5272964964026
 20
-27.85469321280387
 10
244.4137577464026
 20
-28.06797446280387
 10
244.4137577464026
 20
-28.06797446280387
 10
244.3274214964026
 20
-28.30026821280387
 10
244.2849764964026
 20
-28.46569321280387
 10
244.2849764964026
 20
-28.46569321280387
 10
244.2507864964026
 20
-28.63878821280387
 10
244.2077889964025
 20
-28.91134946280387
 10
244.2077889964025
 20
-28.91134946280387
 10
244.1747364964025
 20
-29.19941321280388
 10
244.1582264964026
 20
-29.40006821280387
 10
244.1582264964026
 20
-29.40006821280387
 10
244.2308314964025
 20
-29.26025321280388
 10
244.3536327464026
 20
-29.07709946280387
 10
244.3536327464026
 20
-29.07709946280387
 10
244.4931064964026
 20
-28.92582821280387
 10
244.5953514964025
 20
-28.84269321280387
 10
244.5953514964025
 20
-28.84269321280387
 10
244.7047464964025
 20
-28.77424821280388
 10
244.8817577464026
 20
-28.70009946280387
 10
244.8817577464026
 20
-28.70009946280387
 10
245.0742714964026
 20
-28.66017321280388
 10
245.2112264964026
 20
-28.65256821280387
 10
245.2112264964026
 20
-28.65256821280387
 10
245.3724264964025
 20
-28.66160321280388
 10
245.5996014964026
 20
-28.70903696280387
 10
245.5996014964026
 20
-28.70903696280387
 10
245.8092264964026
 20
-28.79712821280387
 10
245.9392264964026
 20
-28.87844321280387
 10
245.9392264964026
 20
-28.87844321280387
 10
246.0595414964026
 20
-28.97470821280388
 10
246.2183202464026
 20
-29.14128696280387
 10
246.2183202464026
 20
-29.14128696280387
 10
246.3510664964026
 20
-29.33448321280387
 10
246.4251014964026
 20
-29.47806821280387
 10
246.4251014964026
 20
-29.47806821280387
 10
246.4865264964025
 20
-29.62964821280387
 10
246.5530702464026
 20
-29.86481821280387
 10
246.5530702464026
 20
-29.86481821280387
 10
246.5889014964026
 20
-30.10934821280387
 10
246.5957264964026
 20
-30.27756821280387
 10
246.5957264964026
 20
-30.27756821280387
 10
246.5882514964026
 20
-30.45287321280388
 10
246.5490077464026
 20
-30.70047446280387
 10
246.5490077464026
 20
-30.70047446280387
 10
246.4761264964026
 20
-30.92964821280387
 10
246.4088514964026
 20
-31.07219321280387
 10
246.4088514964026
 20
-31.07219321280387
 10
246.3283164964026
 20
-31.20440321280388
 10
246.1858202464026
 20
-31.37931821280387
 10
246.1858202464026
 20
-31.37931821280387
 10
246.0172914964025
 20
-31.52615321280388
 10
245.8904764964026
 20
-31.60844321280387
 10
245.8904764964026
 20
-31.60844321280387
 10
245.7546264964026
 20
-31.67688821280387
 10
245.5386639964026
 20
-31.75103696280387
 10
245.5386639964026
 20
-31.75103696280387
 10
245.3080764964025
 20
-31.79096321280387
 10
245.1462264964026
 20
-31.79856821280387
  0
LWPOLYLINE
  5
46B
330
1F
100
AcDbEntity
  8
AM_5
100
AcDbPolyline
 90
       73
 70
     0
 43
0.0
 10
245.1527264964026
 20
-31.38906821280387
 10
245.1527264964026
 20
-31.38906821280387
 10
245.2699214964026
 20
-31.38334821280388
 10
245.4318202464026
 20
-31.35331821280387
 10
245.4318202464026
 20
-31.35331821280387
 10
245.5770464964025
 20
-31.29754821280387
 10
245.6646014964026
 20
-31.24606821280387
 10
245.6646014964026
 20
-31.24606821280387
 10
245.7443564964026
 20
-31.18438321280388
 10
245.8486327464026
 20
-31.07503696280387
 10
245.8486327464026
 20
-31.07503696280387
 10
245.9344814964026
 20
-30.94550821280387
 10
245.9814764964026
 20
-30.84794321280387
 10
245.9814764964026
 20
-30.84794321280387
 10
246.0200864964025
 20
-30.74270821280388
 10
246.0619139964026
 20
-30.57291196280387
 10
246.0619139964026
 20
-30.57291196280387
 10
246.0844364964026
 20
-30.38878321280387
 10
246.0887264964026
 20
-30.25806821280387
 10
246.0887264964026
 20
-30.25806821280387
 10
246.0846964964026
 20
-30.13573821280388
 10
246.0635389964025
 20
-29.96150571280387
 10
246.0635389964025
 20
-29.96150571280387
 10
246.0242464964026
 20
-29.79838821280387
 10
245.9879764964026
 20
-29.69581821280387
 10
245.9879764964026
 20
-29.69581821280387
 10
245.9436464964026
 20
-29.59987821280389
 10
245.8620389964026
 20
-29.47156821280387
 10
245.8620389964026
 20
-29.47156821280387
 10
245.7622964964025
 20
-29.36197821280388
 10
245.6857264964026
 20
-29.29931821280387
 10
245.6857264964026
 20
-29.29931821280387
 10
245.6014864964025
 20
-29.24666821280388
 10
245.4614764964026
 20
-29.18963071280387
 10
245.4614764964026
 20
-29.18963071280387
 10
245.3050864964026
 20
-29.15891821280388
 10
245.1917264964026
 20
-29.15306821280387
 10
245.1917264964026
 20
-29.15306821280387
 10
245.0740114964025
 20
-29.15930821280388
 10
244.9093827464026
 20
-29.19206821280387
 10
244.9093827464026
 20
-29.19206821280387
 10
244.7590864964025
 20
-29.25290821280387
 10
244.6668514964026
 20
-29.30906821280387
 10
244.6668514964026
 20
-29.30906821280387
 10
244.5818964964025
 20
-29.37595321280388
 10
244.4698202464025
 20
-29.49309946280387
 10
244.4698202464025
 20
-29.49309946280387
 10
244.3761714964025
 20
-29.63042821280388
 10
244.3239764964026
 20
-29.73319321280387
 10
244.3239764964026
 20
-29.73319321280387
 10
244.2806864964026
 20
-29.84310821280388
 10
244.2337889964026
 20
-30.01797446280387
 10
244.2337889964026
 20
-30.01797446280387
 10
244.2085364964026
 20
-30.20483321280388
 10
244.2037264964026
 20
-30.33606821280387
 10
244.2037264964026
 20
-30.33606821280387
 10
244.2081464964025
 20
-30.45560321280388
 10
244.2313514964026
 20
-30.62491196280387
 10
244.2313514964026
 20
-30.62491196280387
 10
244.2744464964026
 20
-30.78222821280387
 10
244.3142264964026
 20
-30.88044321280387
 10
244.3142264964026
 20
-30.88044321280387
 10
244.3625214964026
 20
-30.97183321280388
 10
244.4503202464026
 20
-31.09331821280387
 10
244.4503202464026
 20
-31.09331821280387
 10
244.5565464964026
 20
-31.19608321280387
 10
244.6376014964026
 20
-31.25419321280387
 10
244.6376014964026
 20
-31.25419321280387
 10
244.7263264964025
 20
-31.30274821280388
 10
244.8728202464026
 20
-31.35534946280387
 10
244.8728202464026
 20
-31.35534946280387
 10
245.0354014964026
 20
-31.38367321280387
 10
245.1527264964026
 20
-31.38906821280387
  0
DIMENSION
  5
46C
330
1F
100
AcDbEntity
  8
AM_5
100
AcDbDimension
280
     0
  2
*D21
 10
240.0966431630693
 20
-14.25956821280388
 30
0.0
 11
256.1799764964026
 21
30.49126512052946
 31
0.0
 70
   160
  1
M27X2.0
 71
     5
 42
25.91750000000001
 73
     0
 74
     0
 75
     0
 53
90.0
  3
ISO-25
100
AcDbAlignedDimension
 13
267.2624764964025
 23
11.65793178719613
 33
0.0
 14
266.1799764964026
 24
-14.25956821280387
 34
0.0
 50
90.0
100
AcDbRotatedDimension
1001
ACAD
1000
DSTYLE
1002
{
1070
   147
1040
1.5
1070
    42
1040
0.0
1070
    44
1040
0.0
1070
    41
1040
4.166666666666667
1070
   140
1040
5.0
1002
}
  0
POINT
  5
46D
330
1F
100
AcDbEntity
  8
2d ConnectionPoints
100
AcDbPoint
 10
280.1799764964026
 20
-0.7595682128038703
 30
0.0
  0
ENDSEC
  0
SECTION
  2
OBJECTS
  0
DICTIONARY
  5
C
330
0
100
AcDbDictionary
281
     1
  3
ACAD_CIP_PREVIOUS_PRODUCT_INFO
350
1DD
  3
ACAD_COLOR
350
1D7
  3
ACAD_DETAILVIEWSTYLE
350
1D2
  3
ACAD_GROUP
350
D
  3
ACAD_LAST_SAVED_VERSION_INFO
350
4B1
  3
ACAD_LAYOUT
350
1A
  3
ACAD_MATERIAL
350
43
  3
ACAD_MLEADERSTYLE
350
5B
  3
ACAD_MLINESTYLE
350
17
  3
ACAD_PLOTSETTINGS
350
19
  3
ACAD_PLOTSTYLENAME
350
E
  3
ACAD_SCALELIST
350
47
  3
ACAD_SECTIONVIEWSTYLE
350
1D3
  3
ACAD_TABLESTYLE
350
59
  3
ACAD_VISUALSTYLE
350
2A
  3
ACDB_RECOMPOSE_DATA
350
513
  3
AcDbVariableDictionary
350
18F
  0
SUN
  5
5D
330
29
100
AcDbSun
 90
        1
290
     0
 63
     7
 40
1.0
291
     1
 91
  2455826
 92
 54000000
292
     0
 70
     2
 71
   256
280
     1
  0
DICTIONARY
  5
4B2
330
10
100
AcDbDictionary
280
     1
281
     1
  3
ADSK_XREC_LAYER_RECONCILED
360
4B3
  0
DICTIONARY
  5
4B4
330
5E
100
AcDbDictionary
280
     1
281
     1
  3
ADSK_XREC_LAYER_RECONCILED
360
4B5
  0
DICTIONARY
  5
4B6
330
CC
100
AcDbDictionary
280
     1
281
     1
  3
ADSK_XREC_LAYER_RECONCILED
360
4B7
  0
DICTIONARY
  5
4B8
330
D6
100
AcDbDictionary
280
     1
281
     1
  3
ADSK_XREC_LAYER_RECONCILED
360
4B9
  0
DICTIONARY
  5
4BA
330
115
100
AcDbDictionary
280
     1
281
     1
  3
ADSK_XREC_LAYER_RECONCILED
360
4BB
  0
DICTIONARY
  5
4BC
330
140
100
AcDbDictionary
280
     1
281
     1
  3
ADSK_XREC_LAYER_RECONCILED
360
4BD
  0
DICTIONARY
  5
4BE
330
17D
100
AcDbDictionary
280
     1
281
     1
  3
ADSK_XREC_LAYER_RECONCILED
360
4BF
  0
XRECORD
  5
1DD
102
{ACAD_REACTORS
330
C
102
}
330
C
100
AcDbXrecord
280
     1
300
ACD
300
2024
300

  0
DICTIONARY
  5
1D7
102
{ACAD_REACTORS
330
C
102
}
330
C
100
AcDbDictionary
281
     1
  0
DICTIONARY
  5
1D2
102
{ACAD_REACTORS
330
C
102
}
330
C
100
AcDbDictionary
281
     1
  3
Metric50
350
1D9
  0
DICTIONARY
  5
D
102
{ACAD_REACTORS
330
C
102
}
330
C
100
AcDbDictionary
281
     1
  0
XRECORD
  5
4B1
102
{ACAD_REACTORS
330
C
102
}
330
C
100
AcDbXrecord
280
     1
300
{DAE2E928-4C4E-2949-835F-E97E17BDD63B}
301
{108585E7-1AB5-9F43-A2A7-64AA7D492BC6}
302
{DAE2E928-4C4E-2949-835F-E97E17BDD63B}
303
C:\Users\LiuJie\Desktop\PARTcommunityBriefcase_oMalM6wTlU4rj7vsJTr7GzCi-CVw@wechat.partcommunity.com\JECK-MF-160-INLA-80-550_0_\JECK-MF-160-INLA-80-550(0)_front.dwg
  0
DICTIONARY
  5
1A
102
{ACAD_REACTORS
330
C
102
}
330
C
100
AcDbDictionary
281
     1
  3
Layout1
350
1E
  3
Layout2
350
26
  3
Model
350
22
  0
DICTIONARY
  5
43
102
{ACAD_REACTORS
330
C
102
}
330
C
100
AcDbDictionary
281
     1
  3
ByBlock
350
45
  3
ByLayer
350
44
  3
Global
350
46
  0
DICTIONARY
  5
5B
102
{ACAD_REACTORS
330
C
102
}
330
C
100
AcDbDictionary
281
     1
  3
Standard
350
5C
  0
DICTIONARY
  5
17
102
{ACAD_REACTORS
330
C
102
}
330
C
100
AcDbDictionary
281
     1
  3
Standard
350
18
  0
DICTIONARY
  5
19
102
{ACAD_REACTORS
330
C
102
}
330
C
100
AcDbDictionary
281
     1
  0
ACDBDICTIONARYWDFLT
  5
E
102
{ACAD_REACTORS
330
C
102
}
330
C
100
AcDbDictionary
281
     1
  3
Normal
350
F
100
AcDbDictionaryWithDefault
340
F
  0
DICTIONARY
  5
47
102
{ACAD_REACTORS
330
C
102
}
330
C
100
AcDbDictionary
281
     1
  3
A0
350
48
  3
A1
350
49
  3
A2
350
4A
  3
A3
350
4B
  3
A4
350
4C
  3
A5
350
4D
  3
A6
350
4E
  3
A7
350
4F
  3
A8
350
50
  3
A9
350
51
  3
B0
350
52
  3
B1
350
53
  3
B2
350
54
  3
B3
350
55
  3
B4
350
56
  3
B5
350
57
  3
B6
350
58
  0
DICTIONARY
  5
1D3
102
{ACAD_REACTORS
330
C
102
}
330
C
100
AcDbDictionary
281
     1
  3
Metric50
350
1D8
  0
DICTIONARY
  5
59
102
{ACAD_REACTORS
330
C
102
}
330
C
100
AcDbDictionary
281
     1
  3
Standard
350
5A
  0
DICTIONARY
  5
2A
102
{ACAD_REACTORS
330
C
102
}
330
C
100
AcDbDictionary
281
     1
  3
2dWireframe
350
2F
  3
Basic
350
32
  3
Brighten
350
36
  3
ColorChange
350
3A
  3
Conceptual
350
34
  3
Dim
350
35
  3
EdgeColorOff
350
3D
  3
Facepattern
350
39
  3
Flat
350
2B
  3
FlatWithEdges
350
2C
  3
Gouraud
350
2D
  3
GouraudWithEdges
350
2E
  3
Hidden
350
31
  3
JitterOff
350
3B
  3
Linepattern
350
38
  3
OverhangOff
350
3C
  3
Realistic
350
33
  3
Shaded
350
42
  3
Shaded with edges
350
41
  3
Shades of Gray
350
3E
  3
Sketchy
350
3F
  3
Thicken
350
37
  3
Wireframe
350
30
  3
X-Ray
350
40
  0
XRECORD
  5
513
102
{ACAD_REACTORS
330
C
102
}
330
C
100
AcDbXrecord
280
     1
 90
        1
330
5A
  0
DICTIONARY
  5
18F
102
{ACAD_REACTORS
330
C
102
}
330
C
100
AcDbDictionary
281
     1
  3
CANNOSCALE
350
510
  3
CENTEREXE
350
1D4
  3
CENTERLTYPEFILE
350
1D5
  3
CMLEADERSTYLE
350
1D1
  3
CTABLESTYLE
350
1D0
  3
CVIEWDETAILSTYLE
350
509
  3
CVIEWSECTIONSTYLE
350
50A
  3
DIMASSOC
350
50E
  3
HIDETEXT
350
50D
  3
INDEXCTL
350
50C
  3
MSLTSCALE
350
191
  3
SORTENTS
350
50B
  3
XCLIPFRAME
350
50F
  0
XRECORD
  5
4B3
102
{ACAD_REACTORS
330
4B2
102
}
330
4B2
100
AcDbXrecord
280
     1
290
     1
  0
XRECORD
  5
4B5
102
{ACAD_REACTORS
330
4B4
102
}
330
4B4
100
AcDbXrecord
280
     1
290
     1
  0
XRECORD
  5
4B7
102
{ACAD_REACTORS
330
4B6
102
}
330
4B6
100
AcDbXrecord
280
     1
290
     1
  0
XRECORD
  5
4B9
102
{ACAD_REACTORS
330
4B8
102
}
330
4B8
100
AcDbXrecord
280
     1
290
     1
  0
XRECORD
  5
4BB
102
{ACAD_REACTORS
330
4BA
102
}
330
4BA
100
AcDbXrecord
280
     1
290
     1
  0
XRECORD
  5
4BD
102
{ACAD_REACTORS
330
4BC
102
}
330
4BC
100
AcDbXrecord
280
     1
290
     1
  0
XRECORD
  5
4BF
102
{ACAD_REACTORS
330
4BE
102
}
330
4BE
100
AcDbXrecord
280
     1
290
     1
  0
ACDBDETAILVIEWSTYLE
  5
1D9
102
{ACAD_REACTORS
330
1D2
102
}
102
{ACAD_XDICTIONARY
360
503
102
}
330
1D2
100
AcDbModelDocViewStyle
 70
     0
  3
Metric50
290
     0
300
Metric50
 90
        0
100
AcDbDetailViewStyle
 70
     0
 71
     0
 90
        3
 71
     1
340
11
 62
   256
 40
5.0
340
0
 62
   256
 40
5.0
300

 40
0.0
280
     1
 71
     2
340
16
 90
       25
 62
   256
 71
     3
340
11
 62
   256
 40
5.0
 90
        0
 40
15.0
 90
        1
300
%<\AcVar ViewDetailId>% (%<\AcVar ViewScale \f "%sn">%)
 71
     4
340
16
 90
       25
 62
   256
340
16
 90
       25
 62
   256
280
     0
  0
LAYOUT
  5
1E
102
{ACAD_REACTORS
330
1A
102
}
330
1A
100
AcDbPlotSettings
  1

  2
none_device
  4

  6

 40
0.0
 41
0.0
 42
0.0
 43
0.0
 44
0.0
 45
0.0
 46
0.0
 47
0.0
 48
0.0
 49
0.0
140
0.0
141
0.0
142
1.0
143
1.0
 70
   688
 72
     1
 73
     0
 74
     5
  7

 75
    16
 76
     0
 77
     2
 78
   300
147
1.0
148
0.0
149
0.0
100
AcDbLayout
  1
Layout1
 70
     1
 71
     1
 10
0.0
 20
0.0
 11
420.0
 21
297.0
 12
0.0
 22
0.0
 32
0.0
 14
1.000000000000000E+20
 24
1.000000000000000E+20
 34
1.000000000000000E+20
 15
-1.000000000000000E+20
 25
-1.000000000000000E+20
 35
-1.000000000000000E+20
146
0.0
 13
0.0
 23
0.0
 33
0.0
 16
1.0
 26
0.0
 36
0.0
 17
0.0
 27
1.0
 37
0.0
 76
     0
330
1B
  0
LAYOUT
  5
26
102
{ACAD_REACTORS
330
1A
102
}
330
1A
100
AcDbPlotSettings
  1

  2
none_device
  4

  6

 40
0.0
 41
0.0
 42
0.0
 43
0.0
 44
0.0
 45
0.0
 46
0.0
 47
0.0
 48
0.0
 49
0.0
140
0.0
141
0.0
142
1.0
143
1.0
 70
   688
 72
     1
 73
     0
 74
     5
  7

 75
    16
 76
     0
 77
     2
 78
   300
147
1.0
148
0.0
149
0.0
100
AcDbLayout
  1
Layout2
 70
     1
 71
     2
 10
0.0
 20
0.0
 11
0.0
 21
0.0
 12
0.0
 22
0.0
 32
0.0
 14
0.0
 24
0.0
 34
0.0
 15
0.0
 25
0.0
 35
0.0
146
0.0
 13
0.0
 23
0.0
 33
0.0
 16
1.0
 26
0.0
 36
0.0
 17
0.0
 27
1.0
 37
0.0
 76
     0
330
23
  0
LAYOUT
  5
22
102
{ACAD_REACTORS
330
1A
102
}
330
1A
100
AcDbPlotSettings
  1

  2
none_device
  4
Letter_(8.50_x_11.00_Inches)
  6

 40
6.35
 41
6.35
 42
6.35000508
 43
6.35000508
 44
215.9
 45
279.4
 46
0.0
 47
0.0
 48
0.0
 49
0.0
140
0.0
141
0.0
142
1.0
143
1.0
 70
  1712
 72
     1
 73
     0
 74
     0
  7

 75
     0
 76
     0
 77
     2
 78
   300
147
1.0
148
0.0
149
0.0
100
AcDbLayout
  1
Model
 70
     1
 71
     0
 10
0.0
 20
0.0
 11
420.0
 21
297.0
 12
0.0
 22
0.0
 32
0.0
 14
-102.5525423728814
 24
-76.5
 34
0.0
 15
83.91661016949152
 25
76.60508474576272
 35
0.0
146
0.0
 13
0.0
 23
0.0
 33
0.0
 16
1.0
 26
0.0
 36
0.0
 17
0.0
 27
1.0
 37
0.0
 76
     0
330
1F
331
29
  0
MATERIAL
  5
45
102
{ACAD_REACTORS
330
43
102
}
330
43
100
AcDbMaterial
  1
ByBlock
 72
     1
 94
      127
  0
MATERIAL
  5
44
102
{ACAD_REACTORS
330
43
102
}
330
43
100
AcDbMaterial
  1
ByLayer
 72
     1
 94
      127
  0
MATERIAL
  5
46
102
{ACAD_REACTORS
330
43
102
}
330
43
100
AcDbMaterial
  1
Global
 72
     1
 94
      127
  0
MLEADERSTYLE
  5
5C
102
{ACAD_REACTORS
330
5B
102
}
330
5B
100
AcDbMLeaderStyle
179
     2
170
     2
171
     1
172
     0
 90
        2
 40
0.0
 41
0.0
173
     1
 91
-1056964608
340
14
 92
       -2
290
     1
 42
2.0
291
     1
 43
8.0
  3
Standard
341
0
 44
4.0
300

342
11
174
     1
178
     6
175
     1
176
     0
 93
-1056964608
 45
4.0
292
     0
297
     0
 46
4.0
343
0
 94
-1056964608
 47
1.0
 49
1.0
140
1.0
293
     1
141
0.0
294
     1
177
     0
142
1.0
295
     0
296
     0
143
3.75
271
     0
272
     9
273
     9
298
     0
  0
MLINESTYLE
  5
18
102
{ACAD_REACTORS
330
17
102
}
330
17
100
AcDbMlineStyle
  2
STANDARD
 70
     0
  3

 62
   256
 51
90.0
 52
90.0
 71
     2
 49
0.5
 62
   256
  6
BYLAYER
 49
-0.5
 62
   256
  6
BYLAYER
  0
ACDBPLACEHOLDER
  5
F
102
{ACAD_REACTORS
330
E
102
}
330
E
  0
SCALE
  5
48
102
{ACAD_REACTORS
330
47
102
}
330
47
100
AcDbScale
 70
     0
300
1:1
140
1.0
141
1.0
290
     1
  0
SCALE
  5
49
102
{ACAD_REACTORS
330
47
102
}
330
47
100
AcDbScale
 70
     0
300
1:2
140
1.0
141
2.0
290
     0
  0
SCALE
  5
4A
102
{ACAD_REACTORS
330
47
102
}
330
47
100
AcDbScale
 70
     0
300
1:4
140
1.0
141
4.0
290
     0
  0
SCALE
  5
4B
102
{ACAD_REACTORS
330
47
102
}
330
47
100
AcDbScale
 70
     0
300
1:5
140
1.0
141
5.0
290
     0
  0
SCALE
  5
4C
102
{ACAD_REACTORS
330
47
102
}
330
47
100
AcDbScale
 70
     0
300
1:8
140
1.0
141
8.0
290
     0
  0
SCALE
  5
4D
102
{ACAD_REACTORS
330
47
102
}
330
47
100
AcDbScale
 70
     0
300
1:10
140
1.0
141
10.0
290
     0
  0
SCALE
  5
4E
102
{ACAD_REACTORS
330
47
102
}
330
47
100
AcDbScale
 70
     0
300
1:16
140
1.0
141
16.0
290
     0
  0
SCALE
  5
4F
102
{ACAD_REACTORS
330
47
102
}
330
47
100
AcDbScale
 70
     0
300
1:20
140
1.0
141
20.0
290
     0
  0
SCALE
  5
50
102
{ACAD_REACTORS
330
47
102
}
330
47
100
AcDbScale
 70
     0
300
1:30
140
1.0
141
30.0
290
     0
  0
SCALE
  5
51
102
{ACAD_REACTORS
330
47
102
}
330
47
100
AcDbScale
 70
     0
300
1:40
140
1.0
141
40.0
290
     0
  0
SCALE
  5
52
102
{ACAD_REACTORS
330
47
102
}
330
47
100
AcDbScale
 70
     0
300
1:50
140
1.0
141
50.0
290
     0
  0
SCALE
  5
53
102
{ACAD_REACTORS
330
47
102
}
330
47
100
AcDbScale
 70
     0
300
1:100
140
1.0
141
100.0
290
     0
  0
SCALE
  5
54
102
{ACAD_REACTORS
330
47
102
}
330
47
100
AcDbScale
 70
     0
300
2:1
140
2.0
141
1.0
290
     0
  0
SCALE
  5
55
102
{ACAD_REACTORS
330
47
102
}
330
47
100
AcDbScale
 70
     0
300
4:1
140
4.0
141
1.0
290
     0
  0
SCALE
  5
56
102
{ACAD_REACTORS
330
47
102
}
330
47
100
AcDbScale
 70
     0
300
8:1
140
8.0
141
1.0
290
     0
  0
SCALE
  5
57
102
{ACAD_REACTORS
330
47
102
}
330
47
100
AcDbScale
 70
     0
300
10:1
140
10.0
141
1.0
290
     0
  0
SCALE
  5
58
102
{ACAD_REACTORS
330
47
102
}
330
47
100
AcDbScale
 70
     0
300
100:1
140
100.0
141
1.0
290
     0
  0
ACDBSECTIONVIEWSTYLE
  5
1D8
102
{ACAD_REACTORS
330
1D3
102
}
102
{ACAD_XDICTIONARY
360
501
102
}
330
1D3
100
AcDbModelDocViewStyle
 70
     0
  3
Metric50
290
     0
300
Metric50
 90
        0
100
AcDbSectionViewStyle
 70
     0
 71
     0
 90
      102
 71
     1
340
11
 62
   256
 40
5.0
340
0
340
0
 62
   256
 40
5.0
300
I, O, Q, S, X, Z
 40
10.0
 90
        0
 40
2.5
 90
        0
 71
     2
340
16
 90
       25
 62
   256
340
16
 90
       50
 62
   256
 40
5.0
 40
2.5
 40
5.0
 71
     3
340
11
 62
   256
 40
5.0
 90
        0
 40
15.0
 90
        1
300
%<\AcVar ViewSectionStartId>%-%<\AcVar ViewSectionEndId>% (%<\AcVar ViewScale \f "%sn">%)
 71
     4
 62
   256
 62
   257
300
ANSI31
 40
1.0
 90
        0
290
     0
290
     0
 90
        6
 40
0.0
 40
1.570796326794897
 40
0.2617993877991494
 40
1.308996938995747
 40
-0.2617993877991494
 40
1.832595714594046
  0
TABLESTYLE
  5
5A
102
{ACAD_REACTORS
330
59
102
}
102
{ACAD_XDICTIONARY
360
511
102
}
330
59
100
AcDbTableStyle
  3
Standard
 70
     0
 71
     0
 40
1.5
 41
1.5
280
     0
281
     0
  7
Standard
140
4.5
170
     2
 62
     0
 63
   257
283
     0
 90
        4
 91
        0
  1

274
    -2
284
     1
 64
     0
275
    -2
285
     1
 65
     0
276
    -2
286
     1
 66
     0
277
    -2
287
     1
 67
     0
278
    -2
288
     1
 68
     0
279
    -2
289
     1
 69
     0
  7
Standard
140
6.0
170
     5
 62
     0
 63
   257
283
     0
 90
        4
 91
        0
  1

274
    -2
284
     1
 64
     0
275
    -2
285
     1
 65
     0
276
    -2
286
     1
 66
     0
277
    -2
287
     1
 67
     0
278
    -2
288
     1
 68
     0
279
    -2
289
     1
 69
     0
  7
Standard
140
4.5
170
     5
 62
     0
 63
   257
283
     0
 90
        4
 91
        0
  1

274
    -2
284
     1
 64
     0
275
    -2
285
     1
 65
     0
276
    -2
286
     1
 66
     0
277
    -2
287
     1
 67
     0
278
    -2
288
     1
 68
     0
279
    -2
289
     1
 69
     0
  0
VISUALSTYLE
  5
2F
102
{ACAD_REACTORS
330
2A
102
}
330
2A
100
AcDbVisualStyle
  2
2dWireframe
 70
     4
177
     3
291
     0
 70
    58
 90
        0
176
     1
 90
        2
176
     1
 90
        0
176
     1
 90
        0
176
     1
 40
-0.6
176
     1
 40
-30.0
176
     1
 62
     7
176
     1
 90
        1
176
     1
 90
        4
176
     1
 62
     7
176
     1
 62
   257
176
     1
 90
        1
176
     1
 90
        1
176
     1
 40
1.0
176
     1
 90
        0
176
     1
 62
   257
176
     1
 40
1.0
176
     1
 90
        1
176
     1
 90
        6
176
     1
 90
        2
176
     1
 62
     7
176
     1
 90
        5
176
     1
 90
        0
176
     1
 90
        0
176
     1
290
     0
176
     1
 90
        1
176
     1
 40
0.0
176
     1
 90
        0
176
     1
290
     1
176
     1
290
     1
176
     1
290
     0
176
     1
290
     0
176
     1
290
     0
176
     1
290
     0
176
     1
290
     0
176
     1
290
     0
176
     1
290
     0
176
     1
 90
       50
176
     1
 40
0.0
176
     1
 40
1.0
176
     1
 90
        0
176
     1
 62
    18
420
        0
176
     1
 90
       50
176
     1
 90
        3
176
     1
 62
     5
420
      255
176
     1
290
     0
176
     1
 90
       50
176
     1
 90
       50
176
     1
 90
       50
176
     1
290
     0
176
     1
 90
       50
176
     1
 62
   256
176
     0
 40
1.0
176
     0
 90
        2
176
     1
  1
strokes_ogs.tif
176
     1
290
     0
176
     1
 40
1.0
176
     1
 40
1.0
176
     1
  0
VISUALSTYLE
  5
32
102
{ACAD_REACTORS
330
2A
102
}
330
2A
100
AcDbVisualStyle
  2
Basic
 70
     7
177
     3
291
     1
 70
    58
 90
        1
176
     1
 90
        0
176
     1
 90
        1
176
     1
 90
        0
176
     1
 40
-0.6
176
     1
 40
-30.0
176
     1
 62
     7
176
     1
 90
        0
176
     1
 90
        4
176
     1
 62
     7
176
     1
 62
   257
176
     1
 90
        1
176
     1
 90
        1
176
     1
 40
1.0
176
     1
 90
        8
176
     1
 62
     7
176
     1
 40
1.0
176
     1
 90
        1
176
     1
 90
        6
176
     1
 90
        2
176
     1
 62
     7
176
     1
 90
        5
176
     1
 90
        0
176
     1
 90
        0
176
     1
290
     0
176
     1
 90
        1
176
     1
 40
0.0
176
     1
 90
        0
176
     1
290
     0
176
     1
290
     1
176
     1
290
     1
176
     1
290
     0
176
     1
290
     0
176
     1
290
     0
176
     1
290
     0
176
     1
290
     0
176
     1
290
     0
176
     1
 90
       50
176
     1
 40
0.0
176
     1
 40
1.0
176
     1
 90
        0
176
     1
 62
    18
420
        0
176
     1
 90
       50
176
     1
 90
        3
176
     1
 62
     5
420
      255
176
     1
290
     0
176
     1
 90
       50
176
     1
 90
       50
176
     1
 90
       50
176
     1
290
     0
176
     1
 90
       50
176
     1
 62
   256
176
     0
 40
1.0
176
     0
 90
        2
176
     1
  1
strokes_ogs.tif
176
     1
290
     0
176
     1
 40
1.0
176
     1
 40
1.0
176
     1
  0
VISUALSTYLE
  5
36
102
{ACAD_REACTORS
330
2A
102
}
330
2A
100
AcDbVisualStyle
  2
Brighten
 70
    12
177
     3
291
     1
 70
    58
 90
        2
176
     1
 90
        2
176
     1
 90
        0
176
     1
 90
        0
176
     1
 40
-0.6
176
     1
 40
-30.0
176
     1
 62
     7
176
     1
 90
        1
176
     1
 90
        4
176
     1
 62
     7
176
     1
 62
   257
176
     1
 90
        1
176
     1
 90
        1
176
     1
 40
1.0
176
     1
 90
        8
176
     1
 62
     7
176
     1
 40
1.0
176
     1
 90
        1
176
     1
 90
        6
176
     1
 90
        2
176
     1
 62
     7
176
     1
 90
        5
176
     1
 90
        0
176
     1
 90
        0
176
     1
290
     0
176
     1
 90
        1
176
     1
 40
50.0
176
     1
 90
        0
176
     1
290
     0
176
     1
290
     1
176
     1
290
     1
176
     1
290
     0
176
     1
290
     0
176
     1
290
     0
176
     1
290
     0
176
     1
290
     0
176
     1
290
     0
176
     1
 90
       50
176
     1
 40
0.0
176
     1
 40
1.0
176
     1
 90
        0
176
     1
 62
    18
420
        0
176
     1
 90
       50
176
     1
 90
        3
176
     1
 62
     5
420
      255
176
     1
290
     0
176
     1
 90
       50
176
     1
 90
       50
176
     1
 90
       50
176
     1
290
     0
176
     1
 90
       50
176
     1
 62
   256
176
     0
 40
1.0
176
     0
 90
        2
176
     1
  1
strokes_ogs.tif
176
     1
290
     0
176
     1
 40
1.0
176
     1
 40
1.0
176
     1
  0
VISUALSTYLE
  5
3A
102
{ACAD_REACTORS
330
2A
102
}
330
2A
100
AcDbVisualStyle
  2
ColorChange
 70
    16
177
     3
291
     1
 70
    58
 90
        2
176
     1
 90
        2
176
     1
 90
        3
176
     1
 90
        0
176
     1
 40
-0.6
176
     1
 40
-30.0
176
     1
 62
     8
176
     1
 90
        1
176
     1
 90
        4
176
     1
 62
     7
176
     1
 62
   257
176
     1
 90
        1
176
     1
 90
        1
176
     1
 40
1.0
176
     1
 90
        8
176
     1
 62
     8
176
     1
 40
1.0
176
     1
 90
        1
176
     1
 90
        6
176
     1
 90
        2
176
     1
 62
     7
176
     1
 90
        5
176
     1
 90
        0
176
     1
 90
        0
176
     1
290
     0
176
     1
 90
        1
176
     1
 40
0.0
176
     1
 90
        0
176
     1
290
     0
176
     1
290
     1
176
     1
290
     1
176
     1
290
     0
176
     1
290
     0
176
     1
290
     0
176
     1
290
     0
176
     1
290
     0
176
     1
290
     0
176
     1
 90
       50
176
     1
 40
0.0
176
     1
 40
1.0
176
     1
 90
        0
176
     1
 62
    18
420
        0
176
     1
 90
       50
176
     1
 90
        3
176
     1
 62
     5
420
      255
176
     1
290
     0
176
     1
 90
       50
176
     1
 90
       50
176
     1
 90
       50
176
     1
290
     0
176
     1
 90
       50
176
     1
 62
   256
176
     0
 40
1.0
176
     0
 90
        2
176
     1
  1
strokes_ogs.tif
176
     1
290
     0
176
     1
 40
1.0
176
     1
 40
1.0
176
     1
  0
VISUALSTYLE
  5
34
102
{ACAD_REACTORS
330
2A
102
}
330
2A
100
AcDbVisualStyle
  2
Conceptual
 70
     9
177
     3
291
     0
 70
    58
 90
        3
176
     1
 90
        2
176
     1
 90
        0
176
     1
 90
        0
176
     1
 40
-0.6
176
     1
 40
-30.0
176
     1
 62
     7
176
     1
 90
        2
176
     1
 90
        2
176
     1
 62
     7
176
     1
 62
   257
176
     1
 90
        1
176
     1
 90
        1
176
     1
 40
179.0
176
     1
 90
        8
176
     1
 62
     7
176
     1
 40
1.0
176
     1
 90
        1
176
     1
 90
        6
176
     1
 90
        2
176
     1
 62
     7
176
     1
 90
        3
176
     1
 90
        0
176
     1
 90
        0
176
     1
290
     0
176
     1
 90
        1
176
     1
 40
0.0
176
     1
 90
        0
176
     1
290
     0
176
     1
290
     1
176
     1
290
     1
176
     1
290
     0
176
     1
290
     0
176
     1
290
     0
176
     1
290
     0
176
     1
290
     0
176
     1
290
     0
176
     1
 90
       50
176
     1
 40
0.0
176
     1
 40
1.0
176
     1
 90
        0
176
     1
 62
    18
420
        0
176
     1
 90
       50
176
     1
 90
        3
176
     1
 62
     5
420
      255
176
     1
290
     0
176
     1
 90
       50
176
     1
 90
       50
176
     1
 90
       50
176
     1
290
     0
176
     1
 90
       50
176
     1
 62
   256
176
     0
 40
1.0
176
     0
 90
        2
176
     1
  1
strokes_ogs.tif
176
     1
290
     0
176
     1
 40
1.0
176
     1
 40
1.0
176
     1
  0
VISUALSTYLE
  5
35
102
{ACAD_REACTORS
330
2A
102
}
330
2A
100
AcDbVisualStyle
  2
Dim
 70
    11
177
     3
291
     1
 70
    58
 90
        2
176
     1
 90
        2
176
     1
 90
        0
176
     1
 90
        0
176
     1
 40
-0.6
176
     1
 40
-30.0
176
     1
 62
     7
176
     1
 90
        1
176
     1
 90
        4
176
     1
 62
     7
176
     1
 62
   257
176
     1
 90
        1
176
     1
 90
        1
176
     1
 40
1.0
176
     1
 90
        8
176
     1
 62
     7
176
     1
 40
1.0
176
     1
 90
        1
176
     1
 90
        6
176
     1
 90
        2
176
     1
 62
     7
176
     1
 90
        5
176
     1
 90
        0
176
     1
 90
        0
176
     1
290
     0
176
     1
 90
        1
176
     1
 40
-50.0
176
     1
 90
        0
176
     1
290
     0
176
     1
290
     1
176
     1
290
     1
176
     1
290
     0
176
     1
290
     0
176
     1
290
     0
176
     1
290
     0
176
     1
290
     0
176
     1
290
     0
176
     1
 90
       50
176
     1
 40
0.0
176
     1
 40
1.0
176
     1
 90
        0
176
     1
 62
    18
420
        0
176
     1
 90
       50
176
     1
 90
        3
176
     1
 62
     5
420
      255
176
     1
290
     0
176
     1
 90
       50
176
     1
 90
       50
176
     1
 90
       50
176
     1
290
     0
176
     1
 90
       50
176
     1
 62
   256
176
     0
 40
1.0
176
     0
 90
        2
176
     1
  1
strokes_ogs.tif
176
     1
290
     0
176
     1
 40
1.0
176
     1
 40
1.0
176
     1
  0
VISUALSTYLE
  5
3D
102
{ACAD_REACTORS
330
2A
102
}
330
2A
100
AcDbVisualStyle
  2
EdgeColorOff
 70
    22
177
     3
291
     1
 70
    58
 90
        2
176
     0
 90
        2
176
     0
 90
        0
176
     0
 90
        0
176
     0
 40
-0.6
176
     0
 40
-30.0
176
     0
 62
     7
176
     0
 90
        1
176
     0
 90
        4
176
     0
 62
     7
176
     0
 62
   257
176
     0
 90
        1
176
     0
 90
        1
176
     0
 40
1.0
176
     0
 90
        8
176
     2
 62
     7
176
     0
 40
1.0
176
     0
 90
        1
176
     0
 90
        6
176
     0
 90
        2
176
     0
 62
     7
176
     0
 90
        5
176
     0
 90
        0
176
     0
 90
        0
176
     0
290
     0
176
     0
 90
        1
176
     0
 40
0.0
176
     0
 90
        0
176
     0
290
     0
176
     0
290
     1
176
     0
290
     1
176
     0
290
     0
176
     0
290
     0
176
     0
290
     0
176
     0
290
     0
176
     0
290
     0
176
     0
290
     0
176
     0
 90
       50
176
     0
 40
0.0
176
     0
 40
1.0
176
     0
 90
        0
176
     0
 62
    18
420
        0
176
     0
 90
       50
176
     0
 90
        3
176
     0
 62
     5
420
      255
176
     0
290
     0
176
     0
 90
       50
176
     0
 90
       50
176
     0
 90
       50
176
     0
290
     0
176
     0
 90
       50
176
     0
 62
   256
176
     0
 40
1.0
176
     0
 90
        2
176
     0
  1
strokes_ogs.tif
176
     0
290
     0
176
     0
 40
1.0
176
     0
 40
1.0
176
     0
  0
VISUALSTYLE
  5
39
102
{ACAD_REACTORS
330
2A
102
}
330
2A
100
AcDbVisualStyle
  2
Facepattern
 70
    15
177
     3
291
     1
 70
    58
 90
        2
176
     1
 90
        2
176
     1
 90
        0
176
     1
 90
        0
176
     1
 40
-0.6
176
     1
 40
-30.0
176
     1
 62
     7
176
     1
 90
        1
176
     1
 90
        4
176
     1
 62
     7
176
     1
 62
   257
176
     1
 90
        1
176
     1
 90
        1
176
     1
 40
1.0
176
     1
 90
        8
176
     1
 62
     7
176
     1
 40
1.0
176
     1
 90
        1
176
     1
 90
        6
176
     1
 90
        2
176
     1
 62
     7
176
     1
 90
        5
176
     1
 90
        0
176
     1
 90
        0
176
     1
290
     0
176
     1
 90
        1
176
     1
 40
0.0
176
     1
 90
        0
176
     1
290
     0
176
     1
290
     1
176
     1
290
     1
176
     1
290
     0
176
     1
290
     0
176
     1
290
     0
176
     1
290
     0
176
     1
290
     0
176
     1
290
     0
176
     1
 90
       50
176
     1
 40
0.0
176
     1
 40
1.0
176
     1
 90
        0
176
     1
 62
    18
420
        0
176
     1
 90
       50
176
     1
 90
        3
176
     1
 62
     5
420
      255
176
     1
290
     0
176
     1
 90
       50
176
     1
 90
       50
176
     1
 90
       50
176
     1
290
     0
176
     1
 90
       50
176
     1
 62
   256
176
     0
 40
1.0
176
     0
 90
        2
176
     1
  1
strokes_ogs.tif
176
     1
290
     0
176
     1
 40
1.0
176
     1
 40
1.0
176
     1
  0
VISUALSTYLE
  5
2B
102
{ACAD_REACTORS
330
2A
102
}
330
2A
100
AcDbVisualStyle
  2
Flat
 70
     0
177
     3
291
     1
 70
    58
 90
        2
176
     1
 90
        1
176
     1
 90
        1
176
     1
 90
        2
176
     1
 40
-0.6
176
     1
 40
30.0
176
     1
 62
     7
176
     1
 90
        0
176
     1
 90
        0
176
     1
 62
     7
176
     1
 62
   257
176
     1
 90
        1
176
     1
 90
        1
176
     1
 40
1.0
176
     1
 90
        8
176
     1
 62
     7
176
     1
 40
1.0
176
     1
 90
        1
176
     1
 90
        6
176
     1
 90
        2
176
     1
 62
     7
176
     1
 90
        5
176
     1
 90
        0
176
     1
 90
        0
176
     1
290
     0
176
     1
 90
       13
176
     1
 40
0.0
176
     1
 90
        0
176
     1
290
     0
176
     1
290
     1
176
     1
290
     1
176
     1
290
     0
176
     1
290
     0
176
     1
290
     0
176
     1
290
     0
176
     1
290
     0
176
     1
290
     0
176
     1
 90
       50
176
     1
 40
0.0
176
     1
 40
1.0
176
     1
 90
        0
176
     1
 62
    18
420
        0
176
     1
 90
       50
176
     1
 90
        3
176
     1
 62
     5
420
      255
176
     1
290
     0
176
     1
 90
       50
176
     1
 90
       50
176
     1
 90
       50
176
     1
290
     0
176
     1
 90
       50
176
     1
 62
   256
176
     0
 40
1.0
176
     0
 90
        2
176
     1
  1
strokes_ogs.tif
176
     1
290
     0
176
     1
 40
1.0
176
     1
 40
1.0
176
     1
  0
VISUALSTYLE
  5
2C
102
{ACAD_REACTORS
330
2A
102
}
330
2A
100
AcDbVisualStyle
  2
FlatWithEdges
 70
     1
177
     3
291
     1
 70
    58
 90
        2
176
     1
 90
        1
176
     1
 90
        1
176
     1
 90
        2
176
     1
 40
-0.6
176
     1
 40
30.0
176
     1
 62
     7
176
     1
 90
        1
176
     1
 90
        0
176
     1
 62
     7
176
     1
 62
   257
176
     1
 90
        1
176
     1
 90
        1
176
     1
 40
1.0
176
     1
 90
        0
176
     1
 62
   257
176
     1
 40
1.0
176
     1
 90
        1
176
     1
 90
        6
176
     1
 90
        2
176
     1
 62
     7
176
     1
 90
        5
176
     1
 90
        0
176
     1
 90
        0
176
     1
290
     0
176
     1
 90
       13
176
     1
 40
0.0
176
     1
 90
        0
176
     1
290
     0
176
     1
290
     1
176
     1
290
     1
176
     1
290
     0
176
     1
290
     0
176
     1
290
     0
176
     1
290
     0
176
     1
290
     0
176
     1
290
     0
176
     1
 90
       50
176
     1
 40
0.0
176
     1
 40
1.0
176
     1
 90
        0
176
     1
 62
    18
420
        0
176
     1
 90
       50
176
     1
 90
        3
176
     1
 62
     5
420
      255
176
     1
290
     0
176
     1
 90
       50
176
     1
 90
       50
176
     1
 90
       50
176
     1
290
     0
176
     1
 90
       50
176
     1
 62
   256
176
     0
 40
1.0
176
     0
 90
        2
176
     1
  1
strokes_ogs.tif
176
     1
290
     0
176
     1
 40
1.0
176
     1
 40
1.0
176
     1
  0
VISUALSTYLE
  5
2D
102
{ACAD_REACTORS
330
2A
102
}
330
2A
100
AcDbVisualStyle
  2
Gouraud
 70
     2
177
     3
291
     1
 70
    58
 90
        2
176
     1
 90
        2
176
     1
 90
        1
176
     1
 90
        2
176
     1
 40
-0.6
176
     1
 40
30.0
176
     1
 62
     7
176
     1
 90
        0
176
     1
 90
        0
176
     1
 62
     7
176
     1
 62
   257
176
     1
 90
        1
176
     1
 90
        1
176
     1
 40
1.0
176
     1
 90
        0
176
     1
 62
     7
176
     1
 40
1.0
176
     1
 90
        1
176
     1
 90
        6
176
     1
 90
        2
176
     1
 62
     7
176
     1
 90
        5
176
     1
 90
        0
176
     1
 90
        0
176
     1
290
     0
176
     1
 90
       13
176
     1
 40
0.0
176
     1
 90
        0
176
     1
290
     0
176
     1
290
     1
176
     1
290
     1
176
     1
290
     0
176
     1
290
     0
176
     1
290
     0
176
     1
290
     0
176
     1
290
     0
176
     1
290
     0
176
     1
 90
       50
176
     1
 40
0.0
176
     1
 40
1.0
176
     1
 90
        0
176
     1
 62
    18
420
        0
176
     1
 90
       50
176
     1
 90
        3
176
     1
 62
     5
420
      255
176
     1
290
     0
176
     1
 90
       50
176
     1
 90
       50
176
     1
 90
       50
176
     1
290
     0
176
     1
 90
       50
176
     1
 62
   256
176
     0
 40
1.0
176
     0
 90
        2
176
     1
  1
strokes_ogs.tif
176
     1
290
     0
176
     1
 40
1.0
176
     1
 40
1.0
176
     1
  0
VISUALSTYLE
  5
2E
102
{ACAD_REACTORS
330
2A
102
}
330
2A
100
AcDbVisualStyle
  2
GouraudWithEdges
 70
     3
177
     3
291
     1
 70
    58
 90
        2
176
     1
 90
        2
176
     1
 90
        1
176
     1
 90
        2
176
     1
 40
-0.6
176
     1
 40
30.0
176
     1
 62
     7
176
     1
 90
        1
176
     1
 90
        0
176
     1
 62
     7
176
     1
 62
   257
176
     1
 90
        1
176
     1
 90
        1
176
     1
 40
1.0
176
     1
 90
        0
176
     1
 62
   257
176
     1
 40
1.0
176
     1
 90
        1
176
     1
 90
        6
176
     1
 90
        2
176
     1
 62
     7
176
     1
 90
        5
176
     1
 90
        0
176
     1
 90
        0
176
     1
290
     0
176
     1
 90
       13
176
     1
 40
0.0
176
     1
 90
        0
176
     1
290
     0
176
     1
290
     1
176
     1
290
     1
176
     1
290
     0
176
     1
290
     0
176
     1
290
     0
176
     1
290
     0
176
     1
290
     0
176
     1
290
     0
176
     1
 90
       50
176
     1
 40
0.0
176
     1
 40
1.0
176
     1
 90
        0
176
     1
 62
    18
420
        0
176
     1
 90
       50
176
     1
 90
        3
176
     1
 62
     5
420
      255
176
     1
290
     0
176
     1
 90
       50
176
     1
 90
       50
176
     1
 90
       50
176
     1
290
     0
176
     1
 90
       50
176
     1
 62
   256
176
     0
 40
1.0
176
     0
 90
        2
176
     1
  1
strokes_ogs.tif
176
     1
290
     0
176
     1
 40
1.0
176
     1
 40
1.0
176
     1
  0
VISUALSTYLE
  5
31
102
{ACAD_REACTORS
330
2A
102
}
330
2A
100
AcDbVisualStyle
  2
Hidden
 70
     6
177
     3
291
     0
 70
    58
 90
        1
176
     1
 90
        2
176
     1
 90
        2
176
     1
 90
        0
176
     1
 40
-0.6
176
     1
 40
-30.0
176
     1
 62
     7
176
     1
 90
        2
176
     1
 90
        2
176
     1
 62
     7
176
     1
 62
   257
176
     1
 90
        2
176
     1
 90
        1
176
     1
 40
40.0
176
     1
 90
        0
176
     1
 62
   257
176
     1
 40
1.0
176
     1
 90
        1
176
     1
 90
        6
176
     1
 90
        2
176
     1
 62
     7
176
     1
 90
        3
176
     1
 90
        0
176
     1
 90
        0
176
     1
290
     0
176
     1
 90
        1
176
     1
 40
0.0
176
     1
 90
        0
176
     1
290
     0
176
     1
290
     1
176
     1
290
     1
176
     1
290
     0
176
     1
290
     0
176
     1
290
     0
176
     1
290
     0
176
     1
290
     0
176
     1
290
     0
176
     1
 90
       50
176
     1
 40
0.0
176
     1
 40
1.0
176
     1
 90
        0
176
     1
 62
    18
420
        0
176
     1
 90
       50
176
     1
 90
        3
176
     1
 62
     5
420
      255
176
     1
290
     0
176
     1
 90
       50
176
     1
 90
       50
176
     1
 90
       50
176
     1
290
     0
176
     1
 90
       50
176
     1
 62
   256
176
     0
 40
1.0
176
     0
 90
        2
176
     1
  1
strokes_ogs.tif
176
     1
290
     0
176
     1
 40
1.0
176
     1
 40
1.0
176
     1
  0
VISUALSTYLE
  5
3B
102
{ACAD_REACTORS
330
2A
102
}
330
2A
100
AcDbVisualStyle
  2
JitterOff
 70
    20
177
     3
291
     1
 70
    58
 90
        2
176
     0
 90
        2
176
     0
 90
        0
176
     0
 90
        0
176
     0
 40
-0.6
176
     0
 40
-30.0
176
     0
 62
     7
176
     0
 90
        1
176
     0
 90
        4
176
     0
 62
     7
176
     0
 62
   257
176
     0
 90
        1
176
     0
 90
        1
176
     0
 40
1.0
176
     0
 90
       10
176
     2
 62
     7
176
     0
 40
1.0
176
     0
 90
        1
176
     0
 90
        6
176
     0
 90
        2
176
     0
 62
     7
176
     0
 90
        5
176
     0
 90
        0
176
     0
 90
        0
176
     0
290
     0
176
     0
 90
        1
176
     0
 40
0.0
176
     0
 90
        0
176
     0
290
     0
176
     0
290
     1
176
     0
290
     1
176
     0
290
     0
176
     0
290
     0
176
     0
290
     0
176
     0
290
     0
176
     0
290
     0
176
     0
290
     0
176
     0
 90
       50
176
     0
 40
0.0
176
     0
 40
1.0
176
     0
 90
        0
176
     0
 62
    18
420
        0
176
     0
 90
       50
176
     0
 90
        3
176
     0
 62
     5
420
      255
176
     0
290
     0
176
     0
 90
       50
176
     0
 90
       50
176
     0
 90
       50
176
     0
290
     0
176
     0
 90
       50
176
     0
 62
   256
176
     0
 40
1.0
176
     0
 90
        2
176
     0
  1
strokes_ogs.tif
176
     0
290
     0
176
     0
 40
1.0
176
     0
 40
1.0
176
     0
  0
VISUALSTYLE
  5
38
102
{ACAD_REACTORS
330
2A
102
}
330
2A
100
AcDbVisualStyle
  2
Linepattern
 70
    14
177
     3
291
     1
 70
    58
 90
        2
176
     1
 90
        2
176
     1
 90
        0
176
     1
 90
        0
176
     1
 40
-0.6
176
     1
 40
-30.0
176
     1
 62
     7
176
     1
 90
        1
176
     1
 90
        4
176
     1
 62
     7
176
     1
 62
   257
176
     1
 90
        7
176
     1
 90
        7
176
     1
 40
1.0
176
     1
 90
        8
176
     1
 62
     7
176
     1
 40
1.0
176
     1
 90
        1
176
     1
 90
        6
176
     1
 90
        2
176
     1
 62
     7
176
     1
 90
        5
176
     1
 90
        0
176
     1
 90
        0
176
     1
290
     0
176
     1
 90
        1
176
     1
 40
0.0
176
     1
 90
        0
176
     1
290
     0
176
     1
290
     1
176
     1
290
     1
176
     1
290
     0
176
     1
290
     0
176
     1
290
     0
176
     1
290
     0
176
     1
290
     0
176
     1
290
     0
176
     1
 90
       50
176
     1
 40
0.0
176
     1
 40
1.0
176
     1
 90
        0
176
     1
 62
    18
420
        0
176
     1
 90
       50
176
     1
 90
        3
176
     1
 62
     5
420
      255
176
     1
290
     0
176
     1
 90
       50
176
     1
 90
       50
176
     1
 90
       50
176
     1
290
     0
176
     1
 90
       50
176
     1
 62
   256
176
     0
 40
1.0
176
     0
 90
        2
176
     1
  1
strokes_ogs.tif
176
     1
290
     0
176
     1
 40
1.0
176
     1
 40
1.0
176
     1
  0
VISUALSTYLE
  5
3C
102
{ACAD_REACTORS
330
2A
102
}
330
2A
100
AcDbVisualStyle
  2
OverhangOff
 70
    21
177
     3
291
     1
 70
    58
 90
        2
176
     0
 90
        2
176
     0
 90
        0
176
     0
 90
        0
176
     0
 40
-0.6
176
     0
 40
-30.0
176
     0
 62
     7
176
     0
 90
        1
176
     0
 90
        4
176
     0
 62
     7
176
     0
 62
   257
176
     0
 90
        1
176
     0
 90
        1
176
     0
 40
1.0
176
     0
 90
        9
176
     2
 62
     7
176
     0
 40
1.0
176
     0
 90
        1
176
     0
 90
        6
176
     0
 90
        2
176
     0
 62
     7
176
     0
 90
        5
176
     0
 90
        0
176
     0
 90
        0
176
     0
290
     0
176
     0
 90
        1
176
     0
 40
0.0
176
     0
 90
        0
176
     0
290
     0
176
     0
290
     1
176
     0
290
     1
176
     0
290
     0
176
     0
290
     0
176
     0
290
     0
176
     0
290
     0
176
     0
290
     0
176
     0
290
     0
176
     0
 90
       50
176
     0
 40
0.0
176
     0
 40
1.0
176
     0
 90
        0
176
     0
 62
    18
420
        0
176
     0
 90
       50
176
     0
 90
        3
176
     0
 62
     5
420
      255
176
     0
290
     0
176
     0
 90
       50
176
     0
 90
       50
176
     0
 90
       50
176
     0
290
     0
176
     0
 90
       50
176
     0
 62
   256
176
     0
 40
1.0
176
     0
 90
        2
176
     0
  1
strokes_ogs.tif
176
     0
290
     0
176
     0
 40
1.0
176
     0
 40
1.0
176
     0
  0
VISUALSTYLE
  5
33
102
{ACAD_REACTORS
330
2A
102
}
330
2A
100
AcDbVisualStyle
  2
Realistic
 70
     8
177
     3
291
     0
 70
    58
 90
        2
176
     1
 90
        2
176
     1
 90
        0
176
     1
 90
        2
176
     1
 40
-0.6
176
     1
 40
30.0
176
     1
 62
     7
176
     1
 90
        0
176
     1
 90
        0
176
     1
 62
     7
176
     1
 62
   257
176
     1
 90
        1
176
     1
 90
        1
176
     1
 40
1.0
176
     1
 90
        8
176
     1
 62
   257
176
     1
 40
1.0
176
     1
 90
        1
176
     1
 90
        6
176
     1
 90
        2
176
     1
 62
     7
176
     1
 90
        3
176
     1
 90
        0
176
     1
 90
        0
176
     1
290
     0
176
     1
 90
       13
176
     1
 40
0.0
176
     1
 90
        0
176
     1
290
     0
176
     1
290
     1
176
     1
290
     1
176
     1
290
     0
176
     1
290
     0
176
     1
290
     0
176
     1
290
     0
176
     1
290
     0
176
     1
290
     0
176
     1
 90
       50
176
     1
 40
0.0
176
     1
 40
1.0
176
     1
 90
        0
176
     1
 62
    18
420
        0
176
     1
 90
       50
176
     1
 90
        3
176
     1
 62
     5
420
      255
176
     1
290
     0
176
     1
 90
       50
176
     1
 90
       50
176
     1
 90
       50
176
     1
290
     0
176
     1
 90
       50
176
     1
 62
   256
176
     0
 40
1.0
176
     0
 90
        2
176
     1
  1
strokes_ogs.tif
176
     1
290
     0
176
     1
 40
1.0
176
     1
 40
1.0
176
     1
  0
VISUALSTYLE
  5
42
102
{ACAD_REACTORS
330
2A
102
}
330
2A
100
AcDbVisualStyle
  2
Shaded
 70
    27
177
     3
291
     0
 70
    58
 90
        2
176
     1
 90
        2
176
     1
 90
        1
176
     1
 90
        2
176
     1
 40
-0.6
176
     1
 40
30.0
176
     1
 62
     7
176
     1
 90
        0
176
     1
 90
        4
176
     1
 62
     7
176
     1
 62
   257
176
     1
 90
        1
176
     1
 90
        1
176
     1
 40
1.0
176
     1
 90
        8
176
     1
 62
   257
176
     1
 40
1.0
176
     1
 90
        1
176
     1
 90
        6
176
     1
 90
        2
176
     1
 62
     8
176
     1
 90
        3
176
     1
 90
        0
176
     1
 90
        0
176
     1
290
     0
176
     1
 90
        5
176
     1
 40
0.0
176
     1
 90
        0
176
     1
290
     0
176
     1
290
     1
176
     1
290
     1
176
     1
290
     0
176
     1
290
     0
176
     1
290
     0
176
     1
290
     0
176
     1
290
     0
176
     1
290
     0
176
     1
 90
       50
176
     1
 40
0.0
176
     1
 40
1.0
176
     1
 90
        0
176
     1
 62
    18
420
        0
176
     1
 90
       50
176
     1
 90
        3
176
     1
 62
     5
420
      255
176
     1
290
     0
176
     1
 90
       50
176
     1
 90
       50
176
     1
 90
       50
176
     1
290
     0
176
     1
 90
       50
176
     1
 62
   256
176
     0
 40
1.0
176
     0
 90
        2
176
     1
  1
strokes_ogs.tif
176
     1
290
     0
176
     1
 40
1.0
176
     1
 40
1.0
176
     1
  0
VISUALSTYLE
  5
41
102
{ACAD_REACTORS
330
2A
102
}
330
2A
100
AcDbVisualStyle
  2
Shaded with edges
 70
    26
177
     3
291
     0
 70
    58
 90
        2
176
     1
 90
        2
176
     1
 90
        1
176
     1
 90
        2
176
     1
 40
-0.6
176
     1
 40
30.0
176
     1
 62
     7
176
     1
 90
        1
176
     1
 90
        2
176
     1
 62
     7
176
     1
 62
   257
176
     1
 90
        2
176
     1
 90
        1
176
     1
 40
1.0
176
     1
 90
        8
176
     1
 62
   257
176
     1
 40
1.0
176
     1
 90
        1
176
     1
 90
        6
176
     1
 90
        2
176
     1
 62
     7
176
     1
 90
        3
176
     1
 90
        0
176
     1
 90
        0
176
     1
290
     0
176
     1
 90
        5
176
     1
 40
0.0
176
     1
 90
        0
176
     1
290
     0
176
     1
290
     1
176
     1
290
     1
176
     1
290
     0
176
     1
290
     0
176
     1
290
     0
176
     1
290
     0
176
     1
290
     0
176
     1
290
     0
176
     1
 90
       50
176
     1
 40
0.0
176
     1
 40
1.0
176
     1
 90
        0
176
     1
 62
    18
420
        0
176
     1
 90
       50
176
     1
 90
        3
176
     1
 62
     5
420
      255
176
     1
290
     0
176
     1
 90
       50
176
     1
 90
       50
176
     1
 90
       50
176
     1
290
     0
176
     1
 90
       50
176
     1
 62
   256
176
     0
 40
1.0
176
     0
 90
        2
176
     1
  1
strokes_ogs.tif
176
     1
290
     0
176
     1
 40
1.0
176
     1
 40
1.0
176
     1
  0
VISUALSTYLE
  5
3E
102
{ACAD_REACTORS
330
2A
102
}
330
2A
100
AcDbVisualStyle
  2
Shades of Gray
 70
    23
177
     3
291
     0
 70
    58
 90
        2
176
     1
 90
        2
176
     1
 90
        3
176
     1
 90
        0
176
     1
 40
-0.6
176
     1
 40
-30.0
176
     1
 62
     7
176
     1
 90
        2
176
     1
 90
        2
176
     1
 62
     7
176
     1
 62
     7
176
     1
 90
        1
176
     1
 90
        1
176
     1
 40
40.0
176
     1
 90
        8
176
     1
 62
     7
176
     1
 40
1.0
176
     1
 90
        1
176
     1
 90
        6
176
     1
 90
        2
176
     1
 62
     7
176
     1
 90
        3
176
     1
 90
        0
176
     1
 90
        0
176
     1
290
     0
176
     1
 90
        1
176
     1
 40
0.0
176
     1
 90
        0
176
     1
290
     0
176
     1
290
     1
176
     1
290
     1
176
     1
290
     0
176
     1
290
     0
176
     1
290
     0
176
     1
290
     0
176
     1
290
     0
176
     1
290
     0
176
     1
 90
       50
176
     1
 40
0.0
176
     1
 40
1.0
176
     1
 90
        0
176
     1
 62
    18
420
        0
176
     1
 90
       50
176
     1
 90
        3
176
     1
 62
     5
420
      255
176
     1
290
     0
176
     1
 90
       50
176
     1
 90
       50
176
     1
 90
       50
176
     1
290
     0
176
     1
 90
       50
176
     1
 62
   256
176
     0
 40
1.0
176
     0
 90
        2
176
     1
  1
strokes_ogs.tif
176
     1
290
     0
176
     1
 40
1.0
176
     1
 40
1.0
176
     1
  0
VISUALSTYLE
  5
3F
102
{ACAD_REACTORS
330
2A
102
}
330
2A
100
AcDbVisualStyle
  2
Sketchy
 70
    24
177
     3
291
     0
 70
    58
 90
        1
176
     1
 90
        2
176
     1
 90
        2
176
     1
 90
        0
176
     1
 40
-0.6
176
     1
 40
-30.0
176
     1
 62
     7
176
     1
 90
        2
176
     1
 90
        2
176
     1
 62
     7
176
     1
 62
     7
176
     1
 90
        1
176
     1
 90
        1
176
     1
 40
40.0
176
     1
 90
       11
176
     1
 62
     7
176
     1
 40
1.0
176
     1
 90
        1
176
     1
 90
        6
176
     1
 90
        2
176
     1
 62
     7
176
     1
 90
        6
176
     1
 90
        0
176
     1
 90
        0
176
     1
290
     0
176
     1
 90
        1
176
     1
 40
0.0
176
     1
 90
        0
176
     1
290
     0
176
     1
290
     1
176
     1
290
     1
176
     1
290
     0
176
     1
290
     0
176
     1
290
     0
176
     1
290
     0
176
     1
290
     0
176
     1
290
     0
176
     1
 90
       50
176
     1
 40
0.0
176
     1
 40
1.0
176
     1
 90
        0
176
     1
 62
    18
420
        0
176
     1
 90
       50
176
     1
 90
        3
176
     1
 62
     5
420
      255
176
     1
290
     0
176
     1
 90
       50
176
     1
 90
       50
176
     1
 90
       50
176
     1
290
     0
176
     1
 90
       50
176
     1
 62
   256
176
     0
 40
1.0
176
     0
 90
        2
176
     1
  1
strokes_ogs.tif
176
     1
290
     0
176
     1
 40
1.0
176
     1
 40
1.0
176
     1
  0
VISUALSTYLE
  5
37
102
{ACAD_REACTORS
330
2A
102
}
330
2A
100
AcDbVisualStyle
  2
Thicken
 70
    13
177
     3
291
     1
 70
    58
 90
        2
176
     1
 90
        2
176
     1
 90
        0
176
     1
 90
        0
176
     1
 40
-0.6
176
     1
 40
-30.0
176
     1
 62
     7
176
     1
 90
        1
176
     1
 90
        4
176
     1
 62
     7
176
     1
 62
   257
176
     1
 90
        1
176
     1
 90
        1
176
     1
 40
1.0
176
     1
 90
       12
176
     1
 62
     7
176
     1
 40
1.0
176
     1
 90
        1
176
     1
 90
        6
176
     1
 90
        2
176
     1
 62
     7
176
     1
 90
        5
176
     1
 90
        0
176
     1
 90
        0
176
     1
290
     0
176
     1
 90
        1
176
     1
 40
0.0
176
     1
 90
        0
176
     1
290
     0
176
     1
290
     1
176
     1
290
     1
176
     1
290
     0
176
     1
290
     0
176
     1
290
     0
176
     1
290
     0
176
     1
290
     0
176
     1
290
     0
176
     1
 90
       50
176
     1
 40
0.0
176
     1
 40
1.0
176
     1
 90
        0
176
     1
 62
    18
420
        0
176
     1
 90
       50
176
     1
 90
        3
176
     1
 62
     5
420
      255
176
     1
290
     0
176
     1
 90
       50
176
     1
 90
       50
176
     1
 90
       50
176
     1
290
     0
176
     1
 90
       50
176
     1
 62
   256
176
     0
 40
1.0
176
     0
 90
        2
176
     1
  1
strokes_ogs.tif
176
     1
290
     0
176
     1
 40
1.0
176
     1
 40
1.0
176
     1
  0
VISUALSTYLE
  5
30
102
{ACAD_REACTORS
330
2A
102
}
330
2A
100
AcDbVisualStyle
  2
Wireframe
 70
     5
177
     3
291
     0
 70
    58
 90
        0
176
     1
 90
        2
176
     1
 90
        0
176
     1
 90
        0
176
     1
 40
-0.6
176
     1
 40
-30.0
176
     1
 62
     7
176
     1
 90
        1
176
     1
 90
        4
176
     1
 62
     7
176
     1
 62
   257
176
     1
 90
        1
176
     1
 90
        1
176
     1
 40
1.0
176
     1
 90
        0
176
     1
 62
   257
176
     1
 40
1.0
176
     1
 90
        1
176
     1
 90
        6
176
     1
 90
        2
176
     1
 62
     7
176
     1
 90
        3
176
     1
 90
        0
176
     1
 90
        0
176
     1
290
     0
176
     1
 90
        1
176
     1
 40
0.0
176
     1
 90
        0
176
     1
290
     0
176
     1
290
     1
176
     1
290
     1
176
     1
290
     0
176
     1
290
     0
176
     1
290
     0
176
     1
290
     0
176
     1
290
     0
176
     1
290
     0
176
     1
 90
       50
176
     1
 40
0.0
176
     1
 40
1.0
176
     1
 90
        0
176
     1
 62
    18
420
        0
176
     1
 90
       50
176
     1
 90
        3
176
     1
 62
     5
420
      255
176
     1
290
     0
176
     1
 90
       50
176
     1
 90
       50
176
     1
 90
       50
176
     1
290
     0
176
     1
 90
       50
176
     1
 62
   256
176
     0
 40
1.0
176
     0
 90
        2
176
     1
  1
strokes_ogs.tif
176
     1
290
     0
176
     1
 40
1.0
176
     1
 40
1.0
176
     1
  0
VISUALSTYLE
  5
40
102
{ACAD_REACTORS
330
2A
102
}
330
2A
100
AcDbVisualStyle
  2
X-Ray
 70
    25
177
     3
291
     0
 70
    58
 90
        2
176
     1
 90
        2
176
     1
 90
        1
176
     1
 90
        1
176
     1
 40
0.5
176
     1
 40
-30.0
176
     1
 62
     7
176
     1
 90
        1
176
     1
 90
        0
176
     1
 62
     7
176
     1
 62
   257
176
     1
 90
        1
176
     1
 90
        1
176
     1
 40
1.0
176
     1
 90
        8
176
     1
 62
     7
176
     1
 40
1.0
176
     1
 90
        1
176
     1
 90
        6
176
     1
 90
        2
176
     1
 62
     7
176
     1
 90
        3
176
     1
 90
        0
176
     1
 90
        0
176
     1
290
     0
176
     1
 90
       13
176
     1
 40
0.0
176
     1
 90
        0
176
     1
290
     0
176
     1
290
     1
176
     1
290
     1
176
     1
290
     0
176
     1
290
     0
176
     1
290
     0
176
     1
290
     0
176
     1
290
     0
176
     1
290
     0
176
     1
 90
       50
176
     1
 40
0.0
176
     1
 40
1.0
176
     1
 90
        0
176
     1
 62
    18
420
        0
176
     1
 90
       50
176
     1
 90
        3
176
     1
 62
     5
420
      255
176
     1
290
     0
176
     1
 90
       50
176
     1
 90
       50
176
     1
 90
       50
176
     1
290
     0
176
     1
 90
       50
176
     1
 62
   256
176
     0
 40
1.0
176
     0
 90
        2
176
     1
  1
strokes_ogs.tif
176
     1
290
     0
176
     1
 40
1.0
176
     1
 40
1.0
176
     1
  0
DICTIONARYVAR
  5
510
102
{ACAD_REACTORS
330
18F
102
}
330
18F
100
DictionaryVariables
280
     0
  1
1:1
  0
DICTIONARYVAR
  5
1D4
102
{ACAD_REACTORS
330
18F
102
}
330
18F
100
DictionaryVariables
280
     0
  1
3.500000
  0
DICTIONARYVAR
  5
1D5
102
{ACAD_REACTORS
330
18F
102
}
330
18F
100
DictionaryVariables
280
     0
  1
acadiso.lin
  0
DICTIONARYVAR
  5
1D1
102
{ACAD_REACTORS
330
18F
102
}
330
18F
100
DictionaryVariables
280
     0
  1
Standard
  0
DICTIONARYVAR
  5
1D0
102
{ACAD_REACTORS
330
18F
102
}
330
18F
100
DictionaryVariables
280
     0
  1
Standard
  0
DICTIONARYVAR
  5
509
102
{ACAD_REACTORS
330
18F
102
}
330
18F
100
DictionaryVariables
280
     0
  1
Metric50
  0
DICTIONARYVAR
  5
50A
102
{ACAD_REACTORS
330
18F
102
}
330
18F
100
DictionaryVariables
280
     0
  1
Metric50
  0
DICTIONARYVAR
  5
50E
102
{ACAD_REACTORS
330
18F
102
}
330
18F
100
DictionaryVariables
280
     0
  1
2
  0
DICTIONARYVAR
  5
50D
102
{ACAD_REACTORS
330
18F
102
}
330
18F
100
DictionaryVariables
280
     0
  1
1
  0
DICTIONARYVAR
  5
50C
102
{ACAD_REACTORS
330
18F
102
}
330
18F
100
DictionaryVariables
280
     0
  1
0
  0
DICTIONARYVAR
  5
191
102
{ACAD_REACTORS
330
18F
102
}
330
18F
100
DictionaryVariables
280
     0
  1
1
  0
DICTIONARYVAR
  5
50B
102
{ACAD_REACTORS
330
18F
102
}
330
18F
100
DictionaryVariables
280
     0
  1
127
  0
DICTIONARYVAR
  5
50F
102
{ACAD_REACTORS
330
18F
102
}
330
18F
100
DictionaryVariables
280
     0
  1
2
  0
DICTIONARY
  5
503
330
1D9
100
AcDbDictionary
280
     1
281
     1
  0
DICTIONARY
  5
501
330
1D8
100
AcDbDictionary
280
     1
281
     1
  0
DICTIONARY
  5
511
330
5A
100
AcDbDictionary
280
     1
281
     1
  3
ACAD_ROUNDTRIP_2008_TABLESTYLE_CELLSTYLEMAP
360
512
  0
CELLSTYLEMAP
  5
512
102
{ACAD_REACTORS
330
511
102
}
330
511
100
AcDbCellStyleMap
 90
        3
300
CELLSTYLE
  1
TABLEFORMAT_BEGIN
 90
        5
170
     1
 91
        0
 92
    32768
 62
   257
 93
        1
300
CONTENTFORMAT
  1
CONTENTFORMAT_BEGIN
 90
        0
 91
        0
 92
        4
 93
        0
300

 40
0.0
140
1.0
 94
        5
 62
     0
340
11
144
6.0
309
CONTENTFORMAT_END
171
     1
301
MARGIN
  1
CELLMARGIN_BEGIN
 40
1.5
 40
1.5
 40
1.5
 40
1.5
 40
1.5
 40
1.5
309
CELLMARGIN_END
 94
        6
 95
        1
302
GRIDFORMAT
  1
GRIDFORMAT_BEGIN
 90
        0
 91
        1
 62
     0
 92
       -2
340
14
 93
        0
 40
0.045
309
GRIDFORMAT_END
 95
        2
302
GRIDFORMAT
  1
GRIDFORMAT_BEGIN
 90
        0
 91
        1
 62
     0
 92
       -2
340
14
 93
        0
 40
0.045
309
GRIDFORMAT_END
 95
        4
302
GRIDFORMAT
  1
GRIDFORMAT_BEGIN
 90
        0
 91
        1
 62
     0
 92
       -2
340
14
 93
        0
 40
0.045
309
GRIDFORMAT_END
 95
        8
302
GRIDFORMAT
  1
GRIDFORMAT_BEGIN
 90
        0
 91
        1
 62
     0
 92
       -2
340
14
 93
        0
 40
0.045
309
GRIDFORMAT_END
 95
       16
302
GRIDFORMAT
  1
GRIDFORMAT_BEGIN
 90
        0
 91
        1
 62
     0
 92
       -2
340
14
 93
        0
 40
0.045
309
GRIDFORMAT_END
 95
       32
302
GRIDFORMAT
  1
GRIDFORMAT_BEGIN
 90
        0
 91
        1
 62
     0
 92
       -2
340
14
 93
        0
 40
0.045
309
GRIDFORMAT_END
309
TABLEFORMAT_END
  1
CELLSTYLE_BEGIN
 90
        1
 91
        1
300
_TITLE
309
CELLSTYLE_END
300
CELLSTYLE
  1
TABLEFORMAT_BEGIN
 90
        5
170
     1
 91
        0
 92
        0
 62
   257
 93
        1
300
CONTENTFORMAT
  1
CONTENTFORMAT_BEGIN
 90
        0
 91
        0
 92
        4
 93
        0
300

 40
0.0
140
1.0
 94
        5
 62
     0
340
11
144
4.5
309
CONTENTFORMAT_END
171
     1
301
MARGIN
  1
CELLMARGIN_BEGIN
 40
1.5
 40
1.5
 40
1.5
 40
1.5
 40
1.5
 40
1.5
309
CELLMARGIN_END
 94
        6
 95
        1
302
GRIDFORMAT
  1
GRIDFORMAT_BEGIN
 90
        0
 91
        1
 62
     0
 92
       -2
340
14
 93
        0
 40
0.045
309
GRIDFORMAT_END
 95
        2
302
GRIDFORMAT
  1
GRIDFORMAT_BEGIN
 90
        0
 91
        1
 62
     0
 92
       -2
340
14
 93
        0
 40
0.045
309
GRIDFORMAT_END
 95
        4
302
GRIDFORMAT
  1
GRIDFORMAT_BEGIN
 90
        0
 91
        1
 62
     0
 92
       -2
340
14
 93
        0
 40
0.045
309
GRIDFORMAT_END
 95
        8
302
GRIDFORMAT
  1
GRIDFORMAT_BEGIN
 90
        0
 91
        1
 62
     0
 92
       -2
340
14
 93
        0
 40
0.045
309
GRIDFORMAT_END
 95
       16
302
GRIDFORMAT
  1
GRIDFORMAT_BEGIN
 90
        0
 91
        1
 62
     0
 92
       -2
340
14
 93
        0
 40
0.045
309
GRIDFORMAT_END
 95
       32
302
GRIDFORMAT
  1
GRIDFORMAT_BEGIN
 90
        0
 91
        1
 62
     0
 92
       -2
340
14
 93
        0
 40
0.045
309
GRIDFORMAT_END
309
TABLEFORMAT_END
  1
CELLSTYLE_BEGIN
 90
        2
 91
        1
300
_HEADER
309
CELLSTYLE_END
300
CELLSTYLE
  1
TABLEFORMAT_BEGIN
 90
        5
170
     1
 91
        0
 92
        0
 62
   257
 93
        1
300
CONTENTFORMAT
  1
CONTENTFORMAT_BEGIN
 90
        0
 91
        0
 92
        4
 93
        0
300

 40
0.0
140
1.0
 94
        2
 62
     0
340
11
144
4.5
309
CONTENTFORMAT_END
171
     1
301
MARGIN
  1
CELLMARGIN_BEGIN
 40
1.5
 40
1.5
 40
1.5
 40
1.5
 40
1.5
 40
1.5
309
CELLMARGIN_END
 94
        6
 95
        1
302
GRIDFORMAT
  1
GRIDFORMAT_BEGIN
 90
        0
 91
        1
 62
     0
 92
       -2
340
14
 93
        0
 40
0.045
309
GRIDFORMAT_END
 95
        2
302
GRIDFORMAT
  1
GRIDFORMAT_BEGIN
 90
        0
 91
        1
 62
     0
 92
       -2
340
14
 93
        0
 40
0.045
309
GRIDFORMAT_END
 95
        4
302
GRIDFORMAT
  1
GRIDFORMAT_BEGIN
 90
        0
 91
        1
 62
     0
 92
       -2
340
14
 93
        0
 40
0.045
309
GRIDFORMAT_END
 95
        8
302
GRIDFORMAT
  1
GRIDFORMAT_BEGIN
 90
        0
 91
        1
 62
     0
 92
       -2
340
14
 93
        0
 40
0.045
309
GRIDFORMAT_END
 95
       16
302
GRIDFORMAT
  1
GRIDFORMAT_BEGIN
 90
        0
 91
        1
 62
     0
 92
       -2
340
14
 93
        0
 40
0.045
309
GRIDFORMAT_END
 95
       32
302
GRIDFORMAT
  1
GRIDFORMAT_BEGIN
 90
        0
 91
        1
 62
     0
 92
       -2
340
14
 93
        0
 40
0.045
309
GRIDFORMAT_END
309
TABLEFORMAT_END
  1
CELLSTYLE_BEGIN
 90
        3
 91
        2
300
_DATA
309
CELLSTYLE_END
  0
ENDSEC
  0
SECTION
  2
THUMBNAILIMAGE
 90
    16520
310
28000000B8000000540000000100080000000000603C00000100000001000000000100000000000030282100FFFFFF52302821FF000000FF000000FF000000FF000000FF000000FF000000FF000000FF000000FF330000FF660000FF990000FFCC0000FFFF0000FF003300FF333300FF663300FF993300FFCC3300FFFF3300
310
FF006600FF336600FF666600FF996600FFCC6600FFFF6600FF009900FF339900FF669900FF999900FFCC9900FFFF9900FF00CC00FF33CC00FF66CC00FF99CC00FFCCCC00FFFFCC00FF00FF00FF33FF00FF66FF00FF99FF00FFCCFF00FFFFFF00FF000033FF330033FF660033FF990033FFCC0033FFFF0033FF003333FF3333
310
33FF663333FF993333FFCC3333FFFF3333FF006633FF336633FF666633FF996633FFCC6633FFFF6633FF009933FF339933FF669933FF999933FFCC9933FFFF9933FF00CC33FF33CC33FF66CC33FF99CC33FFCCCC33FFFFCC33FF00FF33FF33FF33FF66FF33FF99FF33FFCCFF33FFFFFF33FF000066FF330066FF660066FF99
310
0066FFCC0066FFFF0066FF003366FF333366FF663366FF993366FFCC3366FFFF3366FF006666FF336666FF666666FF996666FFCC6666FFFF6666FF009966FF339966FF669966FF999966FFCC9966FFFF9966FF00CC66FF33CC66FF66CC66FF99CC66FFCCCC66FFFFCC66FF00FF66FF33FF66FF66FF66FF99FF66FFCCFF66FF
310
FFFF66FF000099FF330099FF660099FF990099FFCC0099FFFF0099FF003399FF333399FF663399FF993399FFCC3399FFFF3399FF006699FF336699FF666699FF996699FFCC6699FFFF6699FF009999FF339999FF669999FF999999FFCC9999FFFF9999FF00CC99FF33CC99FF66CC99FF99CC99FFCCCC99FFFFCC99FF00FF99
310
FF33FF99FF66FF99FF99FF99FFCCFF99FFFFFF99FF0000CCFF3300CCFF6600CCFF9900CCFFCC00CCFFFF00CCFF0033CCFF3333CCFF6633CCFF9933CCFFCC33CCFFFF33CCFF0066CCFF3366CCFF6666CCFF9966CCFFCC66CCFFFF66CCFF0099CCFF3399CCFF6699CCFF9999CCFFCC99CCFFFF99CCFF00CCCCFF33CCCCFF66CC
310
CCFF99CCCCFFCCCCCCFFFFCCCCFF00FFCCFF33FFCCFF66FFCCFF99FFCCFFCCFFCCFFFFFFCCFF0000FFFF3300FFFF6600FFFF9900FFFFCC00FFFFFF00FFFF0033FFFF3333FFFF6633FFFF9933FFFFCC33FFFFFF33FFFF0066FFFF3366FFFF6666FFFF9966FFFFCC66FFFFFF66FFFF0099FFFF3399FFFF6699FFFF9999FFFFCC
310
99FFFFFF99FFFF00CCFFFF33CCFFFF66CCFFFF99CCFFFFCCCCFFFFFFCCFFFF00FFFFFF33FFFFFF66FFFFFF99FFFFFFCCFFFFFFFFFFFFFF000000FF0D0D0DFF1A1A1AFF282828FF353535FF434343FF505050FF5D5D5DFF6B6B6BFF787878FF868686FF939393FFA1A1A1FFAEAEAEFFBBBBBBFFC9C9C9FFD6D6D6FFE4E4E4FF
310
F1F1F1FFFFFFFFFF000000FF000000FF000000FF000000FF000000FF000000FF000000FF000000FF000000FF000000FF00000000000000000000000000000000000000000000000000000000000000000000000000000000000000000000000000000000000000000000000000000000000000000000000000000000000000
310
00000000000000000000000000000000000000000000000000000000000000000000000000000000000000000000000000000000000000000000000000000000000000000000000000000000000000000000000000000000000000000000000000000000000000000000000000000000000000000000000000000000000000
310
00000000000000000000000000000000000000000000000000000000000000000000000000000000000000000000000000000000000000000000000000000000000000000000000000000000000000000000000000000000000000000000000000000000000000000000000000000000000000000000000000000000000000
310
00000000000000000000000000000000000000000000000000000000000000000000000000000000000000000000000000000000000000000000000000000000000000000000000000000000000000000000000000000000000000000000000000000000000000000000000000000000000000000000000000000000000000
310
00000000000000000000000000000000000000000000000000000000000000000000000000000000000000000000000000000000000000000000000000000000000000000000000000000000000000000000000000000000000000000000000000000000000000000000000000000000000000000000000000000000000000
310
00000000000000000000000000000000000000000000000000000000000000000000000000000000000000000000000000000000000000000000000000000000000000000000000000000000000000000000000000000000000000000000000000000000000000000000000000000000000000000000000000000000000000
310
00000000000000000000000000000000000000000000000000000000000000000000000000000000000000000000000000000000000000000000000000000000000000000000000000000000000000000000000000000000000000000000000000000000000000000000000000000000000000000000000000000000000000
310
00000000000000000000000000000000000000000000000000000000000000000000000000000000000000000000000000000000000000000000000000000000000000000000000000000000000000000000000000000000000000000000000000000000000000000000000000000000000000000000000000000000000000
310
00000000000000000000000000000000000000000000000000000000000000000000000000000000000000000000000000000000000000000000000000000000000000000000000000000000000000000000000000000000000000000000000000000000000000000000000000000000000000000000000000000000000000
310
00000000000000000000000000000000000000000000000000000000000000000000000000000000000000000000000000000000000000000000000000000000000000000000000000000000000000000000000000000000000000000000000000000000000000000000000000000000000000000000000000000000000000
310
00000000000000000000000000000000000000000000000000000000000000000000000000000000000000000000000000000000000000000000000000000000000000000000000000000000000000000000000000000000000000000000000000000000000000000000000000000000000000000000000000000000000000
310
00000000000000000000000000000000000000000000000000000000000000000000000000000000000000000000000000000000000000000000000000000000000000000000000000000000000000000000000000000000000000000000000000000000000000000000000000000000000000000000000000000000000000
310
00000000000000000000000000000000000000000000000000000000000000000000000000000000000000000000000000000000000000000000000000000000000000000000000000000000000000000000000000000000000000000000000000000000000000000000000000000000000000000000000000000000000000
310
00000000000000000000000000000000000000000000000000000000000000000000000000000000000000000000000000000000000000000000000000000000000000000000000000000000000000000000000000000000000000000000000000000000000000000000000000000000000000000000000000000000000000
310
00000000000000000000000000000000000000000000000000000000000000000000000000000000000000000000000000000000000000000000000000000000000000000000000000000000000000000000000000000000000000000000000000000000000000000000000000000000000000000000000000000000000000
310
00000000000000000000000000000000000000000000000000000000000000000000000000000000000000000000000000000000000000000000000000000000000000000000000000000000000000000000000000000000000000000000000000000000000000000000000000000000000000000000000000000000000000
310
00000000000000000000000000000000000000000000000000000000000000000000000000000000000000000000000000000000000000000000000000000000000000000000000000000000000000000000000000000000000000000000000000000000000000000000000000000000000000000000000000000000000000
310
00000000000000000000000000000000000000000000000000000000000000000000000000000000000000000000000000000000000000000000000000000000000000000000000000000000000000000000000000000000000000000000000000000000000000000000000000000000000000000000000000000000000000
310
00000000000000000000000000000000000000000000000000000000000000000000000000000000000000000000000000000000000000000000000000000000000000000000000000000000000000000000000000000000000000000000000000000000000000000000000000000000000000000000000000000000000000
310
00000000000000000000000000000000000000000000000000000000000000000000000000000000000000000000000000000000000000000000000000000000000000000000000000000000000000000000000000000000000000000000000000000000000000000000000000000000000000000000000000000000000000
310
00000000000000000000000000000000000000000000000000000000000000000000000000000000000000000000000000000000000000000000000000000000000000000000000000000000000000000000000000000000000000000000000000000000000000000000000000000000000000000000000000000000000000
310
00000000000000000000000000000000000000000000000000000000000000000000000000000000000000000000000000000000000000000000000000000000000000000000000000000000000000000000000000000000000000000000000000000000000000000000000000000000000000000000000000000000000000
310
00000000000000000000000000000000000000000000000000000000000000000000000000000000000000000000000000000000000000000000000000000000000000000000000000000000000000000000000000000000000000000000000000000000000000000000000000000000000000000000000000000000000000
310
00000000000000000000000000000000000000000000000000000000000000000000000000000000000000000000000000000000000000000000000000000000000000000000000000000000000000000000000000000000000000000000000000000000000000000000000000000000000000000000000000000000000000
310
00000000000000000000000000000000000000000000000000000000000000000000000000000000000000000000000000000000000000000000000000000000000000000000000000000000000000000000000000000000000000000000000000000000000000000000000000000000000000000000000000000000000000
310
00000000000000000000000000000000000000000000000000000000000000000000000000000000000000000000000000000000000000000000000000000000000000000000000000000000000000000000000000000000000000000000000000000000000000000000000000000000000000000000000000000000000000
310
00000000000000000000000000000000000000000000000000000000000000000000000000000000000000000000000000000000000000000000000000000000000000000000000000000000000000000000000000000000000000000000000000000000000000000000000000000000000000000000000000000000000000
310
00000000000000000000000000000000000000000000000000000000000000000000000000000000000000000000000000000000000000000000000000000000000000000000000000000000000000000000000000000000000000000000000000000000000000000000000000000000000000000000000000000000000000
310
00000000000000000000000000000000000000000000000000000000000000000000000000000000000000000000000000000000000000000000000000000000000000000000000000000000000000000000000000000000000000000000000000000000000000000000000000000000000000000000000000000000000000
310
00000000000000000000000000000000000000000000000000000000000000000000000000000000000000000000000000000000000000000000000000000000000000000000000000000000000000000000000000000000000000000000000000000000000000000000000000000000000000000000000000000000000000
310
00000000000000000000000000000000000000000000000000000000000000000000000000000000000000000000000000000000000000000000000000000000000000000000000000000000000000000000000000000000000000000000000000000000000000000000000000000000000000000000000000000000000000
310
00000000000000000000000000000000000000000000000000000000000000000000000000000000000000000000000000000000000000000000000000000000000000000000000000000000000000000000000000000000000000000000000000000000000000000000000000000000000000000000000000000000000000
310
00000000000000000000000000000000000000000000000000000000000000000000000000000000000000000000000000000000000000000000000000000000000000000000000000000000000000000000000000000000000000000000000000000000000000000000000000000000000000000000000000000000000000
310
00000000000000000000000000000000000000000000000000000000000000000000000000000000000000000000000000000000000000000000000000000000000000000000000000000000000000000000000000000000000000000000000000000000000000000000000000000000000000000000000000000000000000
310
00000000000000000000000000000000000000000000000000000000000000000000000000000000000000000000000000000000000000000000000000000000000000000000000000000000000000000000000000000000000000000000000000000000000000000000000000000000000000000000000000000000000000
310
00000000000000000000000000000000000000000000000000000000000000000000000000000000000000000000000000000000000000000000000000000000000000000000000000000000000000000000000000000000000000000000000000000000000000000000000000000000000000000000000000000000000000
310
00000000000000000000000000000000000000000000000000000000000000000000000000000000000000000000000000000000000000000000000000000000000000000000000000000000000000000000000000000000000000000000000000000000000000000000000000000000000000000000000000000000000000
310
00000000000000000000000000000000000000000000000000000000000000000000000000000000000000000000000000000000000000000000000000000000000000000000000000000000000000000000000000000000000000000000000000000000000000000000000000000000000000000000000000000000000000
310
00000000000000000000000000000000000000000000000000000000000000000000000000000000000000000000000000000000000000000000000000000000000000000000000000000000000000000000000000000000000000000000000000000000000000000000000000000000000000000000000000000000000000
310
00000000000000000000000000000000000000000000000000000000000000000000000000000000000000000000000000000000000000000000000000000000000000000000000000000000000000000000000000000000000000000000000000000000000000000000000000000000000000000000000000000000000000
310
0000000000000000000000000000000000000000000000F500000000000000000000000000000000000000000000000000000000000000000000000000000000000000000000000000000000000000000000000000000000000000000000000000000000000000000000000000000000000000000000000000000000000000
310
00000000000000000000000000000000000000000000000000000000000000000000000000000000000000000000000000000000000000000000000000000000000000000000000000000000000000F5F5F5000000000000000000000000000000000000000000000000000000000000000000000000000000000000000000
310
00000000000000000000000000000000000000000000000000000000000000000000000000000000000000000000000000000000000000000000000000000000000000000000000000000000000000000000000000000000000000000000000000000000000000000000000000000000000000000000000000000000000000
310
000000000000002828F5F5F5F5F50000000000000000000000000000000000000000000000000000000000000000000000000000000000000000000000000000000000000000000000000000000000000000000000000000000000000000000000000000000000000000000000000000000000000000000000000000000000
310
000000000000000000000000000000000000000000000000000000000000000000000000000000000000000000000000000000000000000000000000000000002828F5F5F5F5F50000000000000000000000000000000000000000000000000000000000000000000000000000000000000000000000000000000000000000
310
0000000000000000000000000000000000000000000000000000000000000000000000000000000000000000000000000000000000000000000000000000000000000000000000000000000000000000000000000000000000000000000000000000000000000000000000000000000000000000000000000028F5C3C3C3F5
310
F5000000000000000000000000000000000000000000000000000000000000000000000000000000000000000000000000000000000000000000000000000000000000000000000000000000000000000000000000000000000000000000000000000000000000000000000000000000000000000000000000000000000000
310
0000000000000000000000000000000000000000000000000000000000000000000000000000000000000000000000000000002828F5F5F5F5F5000000000000000000000000000000000000000000000000000000000000000000000000000000000000000000000000000000000000000000000000000000000000000000
310
00000000000000000000000000000000000000000000000000000000000000000000000000000000000000000000000000000000000000000000000000000000000000000000000000000000000000000000000000000000000000000000000000000000000000000000000000F5C3C3C3F5F5000000000000000000000000
310
00000000000000000000000000000000000000000000000000000000000000000000000000000000000000000000000000000000000000000000000000000000000000000000000000000000000000000000000000000000000000000000000000000000000000000000000000000000000000000000000000000000000000
310
000000000000000000000000000000000000000000000000000000000000000000000000000000F5C3F5C3F5F500000000000000000000000000000000000000000000000000000000000000000000000000000000000000000000000000000000000000000000000000000000000000000000000000000000000000000000
310
000000000000000000000000000000000000000000000000000000000000000000000000000000000000000000000000000000000000000000000000000000000000000000000000000000000000000000000000000000000000000000000000F5C3F5C3F5F500000000000000000000000000000000000000000000000000
310
00000000000000000000000000000000000000000000000000000000000000000000000000000000000000000000000000000000000000000000000000000000000000000000000000000000000000000000000000000000000000000000000000000000000000000000000000000000000000000000000000000000000000
310
0000000000000000000000000000000000000000000000000000F5C3F5C3F5F50000000000000000000000000000000000000000000000000000000000000000000000000000000000000000000000000000000000000000000000000000000000000000000000000000000000000000000000000000000000000000000000
310
0000000000000000000000000000000000000000000000000000000000000000000000000000000000000000000000000000000000000000000000000000000000000000000000000000000000000000000000F5C3F5C3F5F50000000000000000000000000000000000000000000000000000000000000000000000000000
310
00000000000000000000000000000000000000000000000000000000000000000000000000000000000000000000000000000000000000000000000000000000000000000000000000000000000000000000000000000000000000000000000000000000000000000000000000000000000000000000000000000000000000
310
00000000000000000000000000F5C3F5C3F5F5000000000000000000000000000000000000000000000000000000000000000000000000000000000000000000000000000000000000000000000000000000000000000000000000000000000000000000000000000000000000000000000000000000000000000000000000
310
00000000000000000000000000000000000000000000000000000000000000000000000000000000000000000000000000000000000000000000000000000000000000000000F5C3F5C3F5F5000000000000000000000000000000000000000000000000000000000000000000000000000000000000000000000000000000
310
00000000000000000000000000000000000000000000000000000000000000000000000000000000000000000000000000000000000000000000000000000000000000000000000000000000000000000000000000000000000000000000000000000000000000000000000000000000000000000000000000000000000000
310
F5C3F5C3F5F500000000000000000000000000000000000000000000000000000000000000000000000000000000000000000000000000000000000000000000000000000000000000000000000000000000000000000000000000000000000000000000000000000000000000000000000000000000000000000000000000
310
000000000000000000000000000000000000000000000000000000000000000000000000000000000000000000000000000000000000000000F5C3F5C3F5F500000000000000000000000000000000000000000000000000000000000000000000000000000000000000000000000000000000000000000000000000000000
310
000000000000000000000000000000000000000000000000000000000000000000000000000000000000000000000000000000000000000000000000000000000000000000000000000000000000000000000000000000000000000000000000000000000000000000000000000000000000F5C3F5C3F5F500000000000000
310
00000000000000000000000000000000000000000000000000000000000000000000000000000000000000000000000000000000000000000000000000000000000000000000000000000000000000000000000000000000000000000000000000000000000000000000000000000000000000000000000000000000000000
310
0000000000000000000000000000000000000000000000000000000000000000000000000000000000000000F5C3F5C3F5F50000000000000000000000000000000000000000000000000000000000000000000000000000000000000000000000000000000000000000000000000000000000000000000000000000000000
310
0000000000000000000000000000000000000000000000000000000000000000000000000000000000000000000000000000000000000000000000000000000000000000000000000000000000000000000000000000000000000000000000000000000000F5C3F5C3F5F50000000000000000000000000000000000000000
310
00000000000000000000000000000000000000000000000000000000000000000000000000000000000000000000000000000000000000000000000000000000000000000000000000000000000000000000000000000000000000000000000000000000000000000000000000000000000000000000000000000000000000
310
00000000000000000000000000000000000000000000000000000000000000F5C3F5C3F5F5000000000000000000000000000000000000000000000000000000000000000000000000000000000000000000000000000000000000000000000000000000000000000000000000000000000000000000000000000000000000
310
00000000000000000000000000000000000000000000000000000000000000000000000000000000000000000000000000000000000000000000000000000000000000000000000000000000000000000000000000000000F5C3F5C3F5F5000000000000000000000000000000000000000000000000000000000000000000
310
00000000000000000000000000000000000000000000000000000000000000000000000000000000000000000000000000000000000000000000000000000000000000000000000000000000000000000000000000000000000000000000000000000000000000000000000000000000000000000000000000000000000000
310
000000000000000000000000000000000000F5C3F5C3F5F500000000000000000000000000000000000000000000000000000000000000000000000000000000000000000000000000000000000000000000000000000000000000000000000000000000000000000000000000000000000000000000000000000000000000
310
000000000000000000000000000000000000000000000000000000000000000000000000000000000000000000000000000000000000000000000000000000000000000000000000000000F5C3F5C3F5F500000000000000000000000000000000000000000000000000000000000000000000000000000000000000000000
310
00000000000000000000000000000000000000000000000000000000000000000000000000000000000000000000000000000000000000000000000000000000000000000000000000000000000000000000000000000000000000000000000000000000000000000000000000000000000000000000000000000000000000
310
0000000000F5C3F5C3F5F50000000000000000000000000000000000000000000000000000000000000000000000000000000000000000000000000000000000000000000000000000000000000000000000000000000000000000000000000000000000000000000000000000000000000000000000000000000000000000
310
0000000000000000000000000000000000000000000000000000000000000000000000000000000000000000000000000000000000000000000000000000F5C3F5C3F5F50000000000000000000000000000000000000000000000000000000000000000000000000000000000000000000000000000000000000000000000
310
0000000000000000000000000000000000000000000000000000000000000000000000000000000000000000000000000000000000000000000000000000000000000000000000000000000000000000000000000000000000000000000000000000000000000000000000000000000000000000000000F5F528F5F5F50000
310
00000000000000000000000000000000000000000000000000000000000000000000000000000000000000000000000000000000000000000000000000000000000000000000000000000000000000000000000000000000000000000000000000000000000000000000000000000000000000000000000000000000000000
310
000000000000000000000000000000000000000000000000000000000000000000000000000000000000000000000000000000F5000000000000000000000000000000000000000000000000000000000000000000000000000000000000000000000000000000000000000000000000000000000000000000000000000000
310
00000000000000000000000000000000000000000000000000000000000000000000000000000000000000000000000000000000000000000000000000000000000000000000000000000000000000000000000000000000000000000000000000000000000000000000000000000000000000000000000000000000000000
310
00000000000000000000000000000000000000000000000000000000000000000000000000000000000000000000000000000000000000000000000000000000000000000000000000000000000000000000000000000000000000000000000000000000000000000000000000000000000000000000000000000000000000
310
00000000000000000000000000000000000000000000000000000000000000000000000000000000000000000000000000000000000000000000000000000000000000000000000000000000000000000000000000000000000000000000000000000000000000000000000000000000000000000000000000000000000000
310
00000000000000000000000000000000000000000000000000000000000000000000000000000000000000000000000000000000000000000000000000000000000000000000000000000000000000000000000000000000000000000000000000000000000000000000000000000000000000000000000000000000000000
310
00000000000000000000000000000000000000000000000000000000000000000000000000000000000000000000000000000000000000000000000000000000000000000000000000000000000000000000000000000000000000000000000000000000000000000000000000000000000000000000000000000000000000
310
0000000000000000000000000000000000000000000000F500000000F50000000000002828282828282828282828282828282828282828282828000000000000000000000000000000000000000000000000000000000000000000000000000000000000000000000000000000000000000000000000000000000000000000
310
000000000000000000000000000000000000000000000000000000000000000000000000000000000000000000000000000000000000000000000000000000000000000000000000000000000000002828F5F5F5F5F5000000000000F5F5F5F5C3C3C3C3C3C3C3C3C3C3C3C3C3C3C3C3C3C3F5000000000000000000000000
310
00000000000000000000000000000000000000000000000000000000000000000000000000000000000000000000000000000000000000000000000000000000000000000000000000000000000000000000000000000000000000000000000000000000000000000000000000000000000000000000000000000000000000
310
00000000000000000028F5C3F5F5C3F5000000002828F5F5C3F5C3C3C3C3C3C3C3C3C3C3C3C3C3C3C3C3C3C3F500000000000000000000000000000000000000000000000000000000000000000000000000000000000000000000000000000000000000000000000000000000000000000000000000000000000000000000
310
000000000000000000000000000000000000000000000000000000000000000000000000000000000000000000000000000000000000000000000000000000000000282828F5F5F5F5000000002828F5F5C3F5F5F5F5F5F5F5F5F5F5F5F5F5F5F5F5F5F5F5F5F5000000000000000000000000000000000000000000000000
310
00000000000000000000000000000000000000000000000000000000000000000000000000000000000000000000000000000000000000000000000000000000000000000000000000000000000000000000000000000000000000000000000000000000000000000000000000000000000000000000000000000028F5C3F5
310
F5C3F5000000002828F5F5F5F5C3C3C3C3C3C3C3C3C3C3C3C3C3C3C3C3C3C3F50000000000000000000000000000000000000000000000000000000000000000000000000000000000000000000000000000000000000000000000000000000000000000000000000000000000000000000000000000000000000000000000
310
000000000000000000000000000000000000000000000000000000000000000000000000000000000000000000000000000000000028282828282828000000000000F5F5F5F5F5F5F5F5F5F5F5F5F5F5F5F5F5F5F5F5F5F5F50000000000000000000000000000000000000000000000000000000000000000000000000000
310
00000000000000000000000000000000000000000000000000000000000000000000000000000000000000000000000000000000000000000000000000000000000000000000000000000000000000000000000000000000000000000000000000000000000000000000000000000000000000000000000000000000000000
310
00000000000000000000000000000000000000000000000000000000000000000000000000000000000000000000000000000000000000000000000000000000000000000000000000000000000000000000000000000000000000000000000000000000000000000000000000000000000000000000000000000000000000
310
00000000000000000000000000000000000000000000000000000000000000000000000000000000000000000000000000000000000000000000000000000000000000000000000000000000000000000000000000000000000000000000000000000000000000000000000000000000000000000000000000000000000000
310
00000000000000000000000000000000000000000000000000000000000000000000000000000000000000000000000000000000000000000000000000000000000000000000000000000000000000000000000000000000000000000000000000000000000000000000000000000000000000000000000000000000000000
310
00000000000000000000000000000000000000000000000000000000000000000000000000000000000000000000000000000000000000000000000000000000000000000000000000000000000000000000000000000000000000000000000000000000000000000000000000000000000000000000000000000000000000
310
00000000000000000000000000000000000000000000000000000000000000000000000000000000000000000000000000000000000000000000000000000000000000000000000000000000000000000000000000000000000000000000000000000000000000000000000000000000000000000000000000000000000000
310
00000000000000000000000000000000000000000000000000000000000000000000000000000000000000000000000000000000000000000000000000000000000000000000000000000000000000000000000000000000000000000000000000000000000000000000000000000000000000000000000000000000000000
310
00000000000000000000000000000000000000000000000000000000000000000000000000000000000000000000000000000000000000000000000000000000000000000000000000000000000000000000000000000000000000000000000000000000000000000000000000000000000000000000000000000000000000
310
00000000000000000000000000000000000000000000000000000000000000000000000000000000000000000000000000000000000000000000000000000000000000000000000000000000000000000000000000000000000000000000000000000000000000000000000000000000000000000000000000000000000000
310
00000000000000000000000000000000000000000000000000000000000000000000000000000000000000000000000000000000000000000000000000000000000000000000000000000000000000000000000000000000000000000000000000000000000000000000000000000000000000000000000000000000000000
310
00000000000000000000000000000000000000000000000000000000000000000000000000000000000000000000000000000000000000000000000000000000000000000000000000000000000000000000000000000000000000000000000000000000000000000000000000000000000000000000000000000000000000
310
00000000000000000000000000000000000000000000000000000000000000000000000000000000000000000000000000000000000000000000000000000000000000000000000000000000000000000000000000000000000000000000000000000000000000000000000000000000000000000000000000000000000000
310
00000000000000000000000000000000000000000000000000000000000000000000000000000000000000000000000000000000000000000000000000000000000000000000000000000000000000000000000000000000000000000000000000000000000000000000000000000000000000000000000000000000000000
310
00000000000000000000000000000000000000000000000000000000000000000000000000000000000000000000000000000000000000000000000000000000000000000000000000000000000000000000000000000000000000000000000000000000000000000000000000000000000000000000000000000000000000
310
00000000000000000000000000000000000000000000000000000000000000000000000000000000000000000000000000000000000000000000000000000000000000000000000000000000000000000000000000000000000000000000000000000000000000000000000000000000000000000000000000000000000000
310
00000000000000000000000000000000000000000000000000000000000000000000000000000000000000000000000000000000000000000000000000000000000000000000000000000000000000000000000000000000000000000000000000000000000000000000000000000000000000000000000000000000000000
310
00000000000000000000000000000000000000000000000000000000000000000000000000000000000000000000000000000000000000000000000000000000000000000000000000000000000000000000000000000000000000000000000000000000000000000000000000000000000000000000000000000000000000
310
00000000000000000000000000000000000000000000000000000000000000000000000000000000000000000000000000000000000000000000000000000000000000000000000000000000000000000000000000000000000000000000000000000000000000000000000000000000000000000000000000000000000000
310
00000000000000000000000000000000000000000000000000000000000000000000000000000000000000000000000000000000000000000000000000000000000000000000000000000000000000000000000000000000000000000000000000000000000000000000000000000000000000000000000000000000000000
310
00000000000000000000000000000000000000000000000000000000000000000000000000000000000000000000000000000000000000000000000000000000000000000000000000000000000000000000000000000000000000000000000000000000000000000000000000000000000000000000000000000000000000
310
00000000000000000000000000000000000000000000000000000000000000000000000000000000000000000000000000000000000000000000000000000000000000000000000000000000000000000000000000000000000000000000000000000000000000000000000000000000000000000000000000000000000000
310
00000000000000000000000000000000000000000000000000000000000000000000000000000000000000000000000000000000000000000000000000000000000000000000000000000000000000000000000000000000000000000000000000000000000000000000000000000000000000000000000000000000000000
310
00000000000000000000000000000000000000000000000000000000000000000000000000000000000000000000000000000000000000000000000000000000000000000000000000000000000000000000000000000000000000000000000000000000000000000000000000000000000000000000000000000000000000
310
00000000000000000000000000000000000000000000000000000000000000000000000000000000000000000000000000000000000000000000000000000000000000000000000000000000000000000000000000000000000000000000000000000000000000000000000000000000000000000000000000000000000000
310
00000000000000000000000000000000000000000000000000000000000000000000000000000000000000000000000000000000000000000000000000000000000000000000000000000000000000000000000000000000000000000000000000000000000000000000000000000000000000000000000000000000000000
310
00000000000000000000000000000000000000000000000000000000000000000000000000000000000000000000000000000000000000000000000000000000000000000000000000000000000000000000000000000000000000000000000000000000000000000000000000000000000000000000000000000000000000
310
00000000000000000000000000000000000000000000000000000000000000000000000000000000000000000000000000000000000000000000000000000000000000000000000000000000000000000000000000000000000000000000000000000000000000000000000000000000000000000000000000000000000000
310
00000000000000000000000000000000000000000000000000000000000000000000000000000000000000000000000000000000000000000000000000000000000000000000000000000000000000000000000000000000000000000000000000000000000000000000000000000000000000000000000000000000000000
310
00000000000000000000000000000000000000000000000000000000000000000000000000000000000000000000000000000000000000000000000000000000000000000000000000000000000000000000000000000000000000000000000000000000000000000000000000000000000000000000000000000000000000
310
00000000000000000000000000000000000000000000000000000000000000000000000000000000000000000000000000000000000000000000000000000000000000000000000000000000000000000000000000000000000000000000000000000000000000000000000000000000000000000000000000000000000000
310
00000000000000000000000000000000000000000000000000000000000000000000000000000000000000000000000000000000000000000000000000000000000000000000000000000000000000000000000000000000000000000000000000000000000000000000000000000000000000000000000000000000000000
310
00000000000000000000000000000000000000000000000000000000000000000000000000000000000000000000000000000000000000000000000000000000000000000000000000000000000000000000000000000000000000000000000000000000000000000000000000000000000000000000000000000000000000
310
00000000000000000000
  0
ENDSEC
  0
EOF
