ISO-10303-21;
HEADER;
/* Generated by software containing ST-Developer
 * from STEP Tools, Inc. (www.steptools.com) 
 */
/* OPTION: using custom renumber hook */

FILE_DESCRIPTION(
/* description */ ('STEP AP214'),
/* implementation_level */ '2;1');

FILE_NAME(
/* name */ 'JECX-MF-160-J-EXLA-63-160(0)',
/* time_stamp */ '2026-07-09T03:19:02+02:00',
/* author */ ('License CC BY-ND 4.0'),
/* organization */ ('CADENAS'),
/* preprocessor_version */ 'ST-DEVELOPER v20',
/* originating_system */ 'PARTsolutions',
/* authorisation */ '  ');

FILE_SCHEMA (('AUTOMOTIVE_DESIGN {1 0 10303 214 3 1 1}'));
ENDSEC;

DATA;
#10=PROPERTY_DEFINITION_REPRESENTATION(#14,#12);
#11=PROPERTY_DEFINITION_REPRESENTATION(#15,#13);
#12=REPRESENTATION('',(#16),#4161);
#13=REPRESENTATION('',(#17),#4161);
#14=PROPERTY_DEFINITION('pmi validation property','',#4170);
#15=PROPERTY_DEFINITION('pmi validation property','',#4170);
#16=VALUE_REPRESENTATION_ITEM('number of annotations',COUNT_MEASURE(0.));
#17=VALUE_REPRESENTATION_ITEM('number of views',COUNT_MEASURE(0.));
#18=ELLIPSE('',#2881,18.9263200362888,18.);
#19=ELLIPSE('',#2882,18.9263200362888,18.);
#20=B_SPLINE_CURVE_WITH_KNOTS('',3,(#3948,#3949,#3950,#3951),
 .UNSPECIFIED.,.F.,.F.,(4,4),(9.37819327727572E-7,0.00136430246809482),
 .UNSPECIFIED.);
#21=B_SPLINE_CURVE_WITH_KNOTS('',3,(#3955,#3956,#3957,#3958),
 .UNSPECIFIED.,.F.,.F.,(4,4),(0.022412124470602,0.0237703523665322),
 .UNSPECIFIED.);
#22=B_SPLINE_CURVE_WITH_KNOTS('',3,(#3960,#3961,#3962,#3963),
 .UNSPECIFIED.,.F.,.F.,(4,4),(0.022412124470602,0.0237703523665322),
 .UNSPECIFIED.);
#23=B_SPLINE_CURVE_WITH_KNOTS('',3,(#3965,#3966,#3967,#3968),
 .UNSPECIFIED.,.F.,.F.,(4,4),(9.37819327727572E-7,0.00136430246809482),
 .UNSPECIFIED.);
#24=B_SPLINE_CURVE_WITH_KNOTS('',3,(#3998,#3999,#4000,#4001),
 .UNSPECIFIED.,.F.,.F.,(4,4),(2.38072800016395E-7,0.0119760078484176),
 .UNSPECIFIED.);
#25=B_SPLINE_CURVE_WITH_KNOTS('',3,(#4003,#4004,#4005,#4006),
 .UNSPECIFIED.,.F.,.F.,(4,4),(0.0379851892701688,0.050021442536759),
 .UNSPECIFIED.);
#26=B_SPLINE_CURVE_WITH_KNOTS('',3,(#4008,#4009,#4010,#4011),
 .UNSPECIFIED.,.F.,.F.,(4,4),(2.38072800016462E-7,0.0119760078484176),
 .UNSPECIFIED.);
#27=B_SPLINE_CURVE_WITH_KNOTS('',3,(#4013,#4014,#4015,#4016,#4017),
 .UNSPECIFIED.,.F.,.F.,(4,1,4),(0.0119760078484176,0.0179415003570326,0.0239069928656477),
 .UNSPECIFIED.);
#28=B_SPLINE_CURVE_WITH_KNOTS('',3,(#4019,#4020,#4021,#4022,#4023),
 .UNSPECIFIED.,.F.,.F.,(4,1,4),(0.0119760078484176,0.0179415003570326,0.0239069928656477),
 .UNSPECIFIED.);
#29=B_SPLINE_CURVE_WITH_KNOTS('',3,(#4025,#4026,#4027,#4028),
 .UNSPECIFIED.,.F.,.F.,(4,4),(0.0259445734354715,0.0379851892701688),
 .UNSPECIFIED.);
#30=B_SPLINE_CURVE_WITH_KNOTS('',3,(#4030,#4031,#4032,#4033),
 .UNSPECIFIED.,.F.,.F.,(4,4),(2.38072800016395E-7,0.0119760078484176),
 .UNSPECIFIED.);
#31=B_SPLINE_CURVE_WITH_KNOTS('',3,(#4035,#4036,#4037,#4038),
 .UNSPECIFIED.,.F.,.F.,(4,4),(0.0379851892701688,0.050021442536759),
 .UNSPECIFIED.);
#32=B_SPLINE_CURVE_WITH_KNOTS('',3,(#4040,#4041,#4042,#4043),
 .UNSPECIFIED.,.F.,.F.,(4,4),(2.38072800016462E-7,0.0119760078484176),
 .UNSPECIFIED.);
#33=B_SPLINE_CURVE_WITH_KNOTS('',3,(#4045,#4046,#4047,#4048,#4049),
 .UNSPECIFIED.,.F.,.F.,(4,1,4),(0.0119760078484176,0.0179415003570326,0.0239069928656477),
 .UNSPECIFIED.);
#34=B_SPLINE_CURVE_WITH_KNOTS('',3,(#4051,#4052,#4053,#4054),
 .UNSPECIFIED.,.F.,.F.,(4,4),(0.0259445734354715,0.0379851892701688),
 .UNSPECIFIED.);
#35=B_SPLINE_CURVE_WITH_KNOTS('',3,(#4056,#4057,#4058,#4059,#4060),
 .UNSPECIFIED.,.F.,.F.,(4,1,4),(0.0119760078484176,0.0179415003570326,0.0239069928656477),
 .UNSPECIFIED.);
#36=B_SPLINE_CURVE_WITH_KNOTS('',3,(#4064,#4065,#4066,#4067),
 .UNSPECIFIED.,.F.,.F.,(4,4),(2.38072800015537E-7,0.0119760078484176),
 .UNSPECIFIED.);
#37=B_SPLINE_CURVE_WITH_KNOTS('',3,(#4069,#4070,#4071,#4072,#4073),
 .UNSPECIFIED.,.F.,.F.,(4,1,4),(0.0119760078484176,0.0179415003570326,0.0239069928656477),
 .UNSPECIFIED.);
#38=B_SPLINE_CURVE_WITH_KNOTS('',3,(#4077,#4078,#4079,#4080),
 .UNSPECIFIED.,.F.,.F.,(4,4),(2.38072800014264E-7,0.0119760078484175),
 .UNSPECIFIED.);
#39=B_SPLINE_CURVE_WITH_KNOTS('',3,(#4082,#4083,#4084,#4085,#4086),
 .UNSPECIFIED.,.F.,.F.,(4,1,4),(0.0119760078484175,0.0179415003570326,0.0239069928656477),
 .UNSPECIFIED.);
#40=B_SPLINE_CURVE_WITH_KNOTS('',3,(#4090,#4091,#4092,#4093),
 .UNSPECIFIED.,.F.,.F.,(4,4),(0.0259445734354715,0.0379851892701688),
 .UNSPECIFIED.);
#41=B_SPLINE_CURVE_WITH_KNOTS('',3,(#4095,#4096,#4097,#4098),
 .UNSPECIFIED.,.F.,.F.,(4,4),(0.0379851892701688,0.050021442536759),
 .UNSPECIFIED.);
#42=B_SPLINE_CURVE_WITH_KNOTS('',3,(#4102,#4103,#4104,#4105),
 .UNSPECIFIED.,.F.,.F.,(4,4),(2.38072800015537E-7,0.0119760078484176),
 .UNSPECIFIED.);
#43=B_SPLINE_CURVE_WITH_KNOTS('',3,(#4107,#4108,#4109,#4110,#4111),
 .UNSPECIFIED.,.F.,.F.,(4,1,4),(0.0119760078484176,0.0179415003570326,0.0239069928656477),
 .UNSPECIFIED.);
#44=B_SPLINE_CURVE_WITH_KNOTS('',3,(#4115,#4116,#4117,#4118),
 .UNSPECIFIED.,.F.,.F.,(4,4),(2.38072800013965E-7,0.0119760078484175),
 .UNSPECIFIED.);
#45=B_SPLINE_CURVE_WITH_KNOTS('',3,(#4120,#4121,#4122,#4123,#4124),
 .UNSPECIFIED.,.F.,.F.,(4,1,4),(0.0119760078484175,0.0179415003570326,0.0239069928656477),
 .UNSPECIFIED.);
#46=B_SPLINE_CURVE_WITH_KNOTS('',3,(#4128,#4129,#4130,#4131),
 .UNSPECIFIED.,.F.,.F.,(4,4),(0.0259445734354715,0.0379851892701688),
 .UNSPECIFIED.);
#47=B_SPLINE_CURVE_WITH_KNOTS('',3,(#4133,#4134,#4135,#4136),
 .UNSPECIFIED.,.F.,.F.,(4,4),(0.0379851892701688,0.050021442536759),
 .UNSPECIFIED.);
#48=CONTEXT_DEPENDENT_SHAPE_REPRESENTATION(#52,#4172);
#49=CONTEXT_DEPENDENT_SHAPE_REPRESENTATION(#53,#4174);
#50=NEXT_ASSEMBLY_USAGE_OCCURRENCE('NAUO1',
'JECX-MF-EXLA-63-160(0_body)','JECX-MF-EXLA-63-160(0_body)',#4175,#4176,
'');
#51=NEXT_ASSEMBLY_USAGE_OCCURRENCE('NAUO2','JECX-MF-EXLA-63-160(0_rod)',
'JECX-MF-EXLA-63-160(0_rod)',#4175,#4177,'');
#52=(
REPRESENTATION_RELATIONSHIP(' ',' ',#2700,#2699)
REPRESENTATION_RELATIONSHIP_WITH_TRANSFORMATION(#54)
SHAPE_REPRESENTATION_RELATIONSHIP()
);
#53=(
REPRESENTATION_RELATIONSHIP(' ',' ',#2701,#2699)
REPRESENTATION_RELATIONSHIP_WITH_TRANSFORMATION(#55)
SHAPE_REPRESENTATION_RELATIONSHIP()
);
#54=ITEM_DEFINED_TRANSFORMATION(' ',' ',#2702,#2861);
#55=ITEM_DEFINED_TRANSFORMATION(' ',' ',#2702,#2923);
#56=SHAPE_REPRESENTATION_RELATIONSHIP('','',#2700,#58);
#57=SHAPE_REPRESENTATION_RELATIONSHIP('','',#2701,#59);
#58=ADVANCED_BREP_SHAPE_REPRESENTATION('',(#2694),#4162);
#59=ADVANCED_BREP_SHAPE_REPRESENTATION('',(#2695),#4163);
#60=VERTEX_LOOP('',#1047);
#61=VERTEX_LOOP('',#1067);
#62=VERTEX_LOOP('',#1092);
#63=VERTEX_LOOP('',#1094);
#64=CONICAL_SURFACE('',#2802,3.,1.0471975511966);
#65=CONICAL_SURFACE('',#2806,2.99999999999999,0.785398163397461);
#66=CONICAL_SURFACE('',#2810,2.72950000000001,0.785398163397448);
#67=CONICAL_SURFACE('',#2813,2.4,0.785398163397447);
#68=CONICAL_SURFACE('',#2825,3.,1.0471975511966);
#69=CONICAL_SURFACE('',#2829,3.,0.785398163397423);
#70=CONICAL_SURFACE('',#2833,2.7295,0.78539816339741);
#71=CONICAL_SURFACE('',#2836,2.39999999999996,0.785398163397448);
#72=CONICAL_SURFACE('',#2855,0.,1.0471975511966);
#73=CONICAL_SURFACE('',#2858,0.,1.0471975511966);
#74=CONICAL_SURFACE('',#2870,13.5,0.785398163397445);
#75=CONICAL_SURFACE('',#2875,17.5,0.463647609000806);
#76=CONICAL_SURFACE('',#2877,17.5,0.463647609000806);
#77=CONICAL_SURFACE('',#2892,20.5,1.0471975511966);
#78=CONICAL_SURFACE('',#2893,20.5,1.0471975511966);
#79=CONICAL_SURFACE('',#2894,20.5,1.0471975511966);
#80=CONICAL_SURFACE('',#2895,20.5,1.0471975511966);
#81=CONICAL_SURFACE('',#2896,20.5,1.0471975511966);
#82=CONICAL_SURFACE('',#2897,20.5,1.0471975511966);
#83=CONICAL_SURFACE('',#2904,26.,1.0471975511966);
#84=CONICAL_SURFACE('',#2906,26.,1.0471975511966);
#85=CONICAL_SURFACE('',#2908,26.,1.0471975511966);
#86=CONICAL_SURFACE('',#2910,26.,1.0471975511966);
#87=CONICAL_SURFACE('',#2912,26.,1.0471975511966);
#88=CONICAL_SURFACE('',#2914,26.,1.0471975511966);
#89=CONICAL_SURFACE('',#2918,12.273,0.785398163397446);
#90=COLOUR_RGB('',0.67500001192093,0.71399998664856,0.41600000858307);
#91=COLOUR_RGB('',0.689999997615814,0.689999997615814,0.689999997615814);
#92=CYLINDRICAL_SURFACE('',#2712,6.5);
#93=CYLINDRICAL_SURFACE('',#2715,6.5);
#94=CYLINDRICAL_SURFACE('',#2718,6.5);
#95=CYLINDRICAL_SURFACE('',#2721,6.5);
#96=CYLINDRICAL_SURFACE('',#2745,10.);
#97=CYLINDRICAL_SURFACE('',#2749,10.);
#98=CYLINDRICAL_SURFACE('',#2755,9.99999999999999);
#99=CYLINDRICAL_SURFACE('',#2759,9.99999999999999);
#100=CYLINDRICAL_SURFACE('',#2764,11.25);
#101=CYLINDRICAL_SURFACE('',#2765,8.75);
#102=CYLINDRICAL_SURFACE('',#2769,5.);
#103=CYLINDRICAL_SURFACE('',#2775,11.25);
#104=CYLINDRICAL_SURFACE('',#2776,8.75000000000001);
#105=CYLINDRICAL_SURFACE('',#2780,6.00000000000001);
#106=CYLINDRICAL_SURFACE('',#2783,35.);
#107=CYLINDRICAL_SURFACE('',#2787,34.);
#108=CYLINDRICAL_SURFACE('',#2795,31.5);
#109=CYLINDRICAL_SURFACE('',#2799,18.);
#110=CYLINDRICAL_SURFACE('',#2800,3.);
#111=CYLINDRICAL_SURFACE('',#2808,2.7295);
#112=CYLINDRICAL_SURFACE('',#2811,2.4);
#113=CYLINDRICAL_SURFACE('',#2823,3.);
#114=CYLINDRICAL_SURFACE('',#2831,2.7295);
#115=CYLINDRICAL_SURFACE('',#2834,2.39999999999996);
#116=CYLINDRICAL_SURFACE('',#2846,35.);
#117=CYLINDRICAL_SURFACE('',#2850,34.);
#118=CYLINDRICAL_SURFACE('',#2857,3.);
#119=CYLINDRICAL_SURFACE('',#2860,3.);
#120=CYLINDRICAL_SURFACE('',#2879,18.);
#121=CYLINDRICAL_SURFACE('',#2885,31.5);
#122=CYLINDRICAL_SURFACE('',#2920,13.5);
#123=CIRCLE('',#2704,6.5);
#124=CIRCLE('',#2705,6.5);
#125=CIRCLE('',#2706,11.25);
#126=CIRCLE('',#2708,6.5);
#127=CIRCLE('',#2709,6.5);
#128=CIRCLE('',#2710,11.25);
#129=CIRCLE('',#2713,6.5);
#130=CIRCLE('',#2716,6.5);
#131=CIRCLE('',#2719,6.5);
#132=CIRCLE('',#2722,6.5);
#133=CIRCLE('',#2728,3.);
#134=CIRCLE('',#2729,3.);
#135=CIRCLE('',#2730,9.99999999999999);
#136=CIRCLE('',#2731,10.);
#137=CIRCLE('',#2732,10.);
#138=CIRCLE('',#2733,9.99999999999999);
#139=CIRCLE('',#2735,35.);
#140=CIRCLE('',#2737,35.);
#141=CIRCLE('',#2742,10.);
#142=CIRCLE('',#2747,10.);
#143=CIRCLE('',#2752,9.99999999999999);
#144=CIRCLE('',#2757,9.99999999999999);
#145=CIRCLE('',#2762,11.25);
#146=CIRCLE('',#2763,8.75);
#147=CIRCLE('',#2766,8.75);
#148=CIRCLE('',#2768,5.);
#149=CIRCLE('',#2770,5.);
#150=CIRCLE('',#2773,11.25);
#151=CIRCLE('',#2774,8.75000000000001);
#152=CIRCLE('',#2777,8.75000000000001);
#153=CIRCLE('',#2779,6.00000000000001);
#154=CIRCLE('',#2781,6.00000000000001);
#155=CIRCLE('',#2784,35.);
#156=CIRCLE('',#2786,34.);
#157=CIRCLE('',#2788,34.);
#158=CIRCLE('',#2790,3.);
#159=CIRCLE('',#2791,3.);
#160=CIRCLE('',#2792,18.);
#161=CIRCLE('',#2794,31.5);
#162=CIRCLE('',#2796,31.5);
#163=CIRCLE('',#2798,18.);
#164=CIRCLE('',#2801,3.);
#165=CIRCLE('',#2804,2.39999999999999);
#166=CIRCLE('',#2805,2.99999999999999);
#167=CIRCLE('',#2807,2.7295);
#168=CIRCLE('',#2809,2.72950000000001);
#169=CIRCLE('',#2812,2.4);
#170=CIRCLE('',#2814,1.9);
#171=CIRCLE('',#2824,3.);
#172=CIRCLE('',#2827,2.39999999999996);
#173=CIRCLE('',#2828,3.);
#174=CIRCLE('',#2830,2.7295);
#175=CIRCLE('',#2832,2.7295);
#176=CIRCLE('',#2835,2.39999999999996);
#177=CIRCLE('',#2837,1.89999999999996);
#178=CIRCLE('',#2847,35.);
#179=CIRCLE('',#2849,34.);
#180=CIRCLE('',#2851,34.);
#181=CIRCLE('',#2853,3.);
#182=CIRCLE('',#2854,3.);
#183=CIRCLE('',#2856,3.);
#184=CIRCLE('',#2859,3.);
#185=CIRCLE('',#2863,13.273);
#186=CIRCLE('',#2864,20.5);
#187=CIRCLE('',#2865,20.5);
#188=CIRCLE('',#2866,20.5);
#189=CIRCLE('',#2867,20.5);
#190=CIRCLE('',#2868,20.5);
#191=CIRCLE('',#2869,20.5);
#192=CIRCLE('',#2871,12.273);
#193=CIRCLE('',#2873,17.5);
#194=CIRCLE('',#2874,17.5);
#195=CIRCLE('',#2876,18.);
#196=CIRCLE('',#2878,18.);
#197=CIRCLE('',#2880,18.);
#198=CIRCLE('',#2884,31.5);
#199=CIRCLE('',#2886,31.5);
#200=CIRCLE('',#2905,20.5);
#201=CIRCLE('',#2907,20.5);
#202=CIRCLE('',#2909,20.5);
#203=CIRCLE('',#2911,20.5);
#204=CIRCLE('',#2913,20.5);
#205=CIRCLE('',#2915,20.5);
#206=CIRCLE('',#2917,12.273);
#207=CIRCLE('',#2919,13.5);
#208=CIRCLE('',#2921,13.5);
#209=ORIENTED_EDGE('',*,*,#705,.T.);
#210=ORIENTED_EDGE('',*,*,#706,.T.);
#211=ORIENTED_EDGE('',*,*,#707,.F.);
#212=ORIENTED_EDGE('',*,*,#708,.T.);
#213=ORIENTED_EDGE('',*,*,#709,.T.);
#214=ORIENTED_EDGE('',*,*,#710,.T.);
#215=ORIENTED_EDGE('',*,*,#711,.T.);
#216=ORIENTED_EDGE('',*,*,#712,.F.);
#217=ORIENTED_EDGE('',*,*,#713,.F.);
#218=ORIENTED_EDGE('',*,*,#714,.T.);
#219=ORIENTED_EDGE('',*,*,#715,.F.);
#220=ORIENTED_EDGE('',*,*,#716,.T.);
#221=ORIENTED_EDGE('',*,*,#717,.T.);
#222=ORIENTED_EDGE('',*,*,#718,.T.);
#223=ORIENTED_EDGE('',*,*,#719,.F.);
#224=ORIENTED_EDGE('',*,*,#720,.F.);
#225=ORIENTED_EDGE('',*,*,#721,.T.);
#226=ORIENTED_EDGE('',*,*,#722,.T.);
#227=ORIENTED_EDGE('',*,*,#710,.F.);
#228=ORIENTED_EDGE('',*,*,#723,.F.);
#229=ORIENTED_EDGE('',*,*,#724,.F.);
#230=ORIENTED_EDGE('',*,*,#725,.F.);
#231=ORIENTED_EDGE('',*,*,#726,.T.);
#232=ORIENTED_EDGE('',*,*,#727,.T.);
#233=ORIENTED_EDGE('',*,*,#709,.F.);
#234=ORIENTED_EDGE('',*,*,#728,.F.);
#235=ORIENTED_EDGE('',*,*,#729,.F.);
#236=ORIENTED_EDGE('',*,*,#730,.T.);
#237=ORIENTED_EDGE('',*,*,#731,.F.);
#238=ORIENTED_EDGE('',*,*,#732,.F.);
#239=ORIENTED_EDGE('',*,*,#717,.F.);
#240=ORIENTED_EDGE('',*,*,#733,.F.);
#241=ORIENTED_EDGE('',*,*,#734,.F.);
#242=ORIENTED_EDGE('',*,*,#735,.T.);
#243=ORIENTED_EDGE('',*,*,#736,.F.);
#244=ORIENTED_EDGE('',*,*,#737,.F.);
#245=ORIENTED_EDGE('',*,*,#716,.F.);
#246=ORIENTED_EDGE('',*,*,#738,.F.);
#247=ORIENTED_EDGE('',*,*,#739,.T.);
#248=ORIENTED_EDGE('',*,*,#727,.F.);
#249=ORIENTED_EDGE('',*,*,#740,.T.);
#250=ORIENTED_EDGE('',*,*,#707,.T.);
#251=ORIENTED_EDGE('',*,*,#741,.T.);
#252=ORIENTED_EDGE('',*,*,#742,.T.);
#253=ORIENTED_EDGE('',*,*,#743,.T.);
#254=ORIENTED_EDGE('',*,*,#712,.T.);
#255=ORIENTED_EDGE('',*,*,#744,.F.);
#256=ORIENTED_EDGE('',*,*,#745,.F.);
#257=ORIENTED_EDGE('',*,*,#746,.F.);
#258=ORIENTED_EDGE('',*,*,#747,.F.);
#259=ORIENTED_EDGE('',*,*,#748,.T.);
#260=ORIENTED_EDGE('',*,*,#735,.F.);
#261=ORIENTED_EDGE('',*,*,#749,.F.);
#262=ORIENTED_EDGE('',*,*,#750,.F.);
#263=ORIENTED_EDGE('',*,*,#751,.F.);
#264=ORIENTED_EDGE('',*,*,#752,.F.);
#265=ORIENTED_EDGE('',*,*,#753,.T.);
#266=ORIENTED_EDGE('',*,*,#732,.T.);
#267=ORIENTED_EDGE('',*,*,#754,.F.);
#268=ORIENTED_EDGE('',*,*,#755,.F.);
#269=ORIENTED_EDGE('',*,*,#756,.T.);
#270=ORIENTED_EDGE('',*,*,#757,.T.);
#271=ORIENTED_EDGE('',*,*,#758,.F.);
#272=ORIENTED_EDGE('',*,*,#714,.F.);
#273=ORIENTED_EDGE('',*,*,#759,.F.);
#274=ORIENTED_EDGE('',*,*,#760,.F.);
#275=ORIENTED_EDGE('',*,*,#761,.F.);
#276=ORIENTED_EDGE('',*,*,#705,.F.);
#277=ORIENTED_EDGE('',*,*,#762,.T.);
#278=ORIENTED_EDGE('',*,*,#720,.T.);
#279=ORIENTED_EDGE('',*,*,#763,.F.);
#280=ORIENTED_EDGE('',*,*,#745,.T.);
#281=ORIENTED_EDGE('',*,*,#764,.F.);
#282=ORIENTED_EDGE('',*,*,#765,.F.);
#283=ORIENTED_EDGE('',*,*,#766,.F.);
#284=ORIENTED_EDGE('',*,*,#767,.T.);
#285=ORIENTED_EDGE('',*,*,#768,.F.);
#286=ORIENTED_EDGE('',*,*,#757,.F.);
#287=ORIENTED_EDGE('',*,*,#769,.F.);
#288=ORIENTED_EDGE('',*,*,#770,.F.);
#289=ORIENTED_EDGE('',*,*,#771,.F.);
#290=ORIENTED_EDGE('',*,*,#722,.F.);
#291=ORIENTED_EDGE('',*,*,#772,.T.);
#292=ORIENTED_EDGE('',*,*,#725,.T.);
#293=ORIENTED_EDGE('',*,*,#773,.F.);
#294=ORIENTED_EDGE('',*,*,#774,.F.);
#295=ORIENTED_EDGE('',*,*,#775,.F.);
#296=ORIENTED_EDGE('',*,*,#737,.T.);
#297=ORIENTED_EDGE('',*,*,#776,.F.);
#298=ORIENTED_EDGE('',*,*,#777,.F.);
#299=ORIENTED_EDGE('',*,*,#778,.F.);
#300=ORIENTED_EDGE('',*,*,#765,.T.);
#301=ORIENTED_EDGE('',*,*,#779,.F.);
#302=ORIENTED_EDGE('',*,*,#767,.F.);
#303=ORIENTED_EDGE('',*,*,#780,.F.);
#304=ORIENTED_EDGE('',*,*,#781,.F.);
#305=ORIENTED_EDGE('',*,*,#782,.F.);
#306=ORIENTED_EDGE('',*,*,#730,.F.);
#307=ORIENTED_EDGE('',*,*,#783,.F.);
#308=ORIENTED_EDGE('',*,*,#784,.F.);
#309=ORIENTED_EDGE('',*,*,#785,.T.);
#310=ORIENTED_EDGE('',*,*,#726,.F.);
#311=ORIENTED_EDGE('',*,*,#772,.F.);
#312=ORIENTED_EDGE('',*,*,#721,.F.);
#313=ORIENTED_EDGE('',*,*,#762,.F.);
#314=ORIENTED_EDGE('',*,*,#708,.F.);
#315=ORIENTED_EDGE('',*,*,#740,.F.);
#316=ORIENTED_EDGE('',*,*,#786,.F.);
#317=ORIENTED_EDGE('',*,*,#764,.T.);
#318=ORIENTED_EDGE('',*,*,#744,.T.);
#319=ORIENTED_EDGE('',*,*,#715,.T.);
#320=ORIENTED_EDGE('',*,*,#758,.T.);
#321=ORIENTED_EDGE('',*,*,#768,.T.);
#322=ORIENTED_EDGE('',*,*,#779,.T.);
#323=ORIENTED_EDGE('',*,*,#742,.F.);
#324=ORIENTED_EDGE('',*,*,#787,.F.);
#325=ORIENTED_EDGE('',*,*,#760,.T.);
#326=ORIENTED_EDGE('',*,*,#788,.T.);
#327=ORIENTED_EDGE('',*,*,#743,.F.);
#328=ORIENTED_EDGE('',*,*,#788,.F.);
#329=ORIENTED_EDGE('',*,*,#759,.T.);
#330=ORIENTED_EDGE('',*,*,#713,.T.);
#331=ORIENTED_EDGE('',*,*,#741,.F.);
#332=ORIENTED_EDGE('',*,*,#706,.F.);
#333=ORIENTED_EDGE('',*,*,#761,.T.);
#334=ORIENTED_EDGE('',*,*,#787,.T.);
#335=ORIENTED_EDGE('',*,*,#789,.T.);
#336=ORIENTED_EDGE('',*,*,#747,.T.);
#337=ORIENTED_EDGE('',*,*,#790,.T.);
#338=ORIENTED_EDGE('',*,*,#791,.T.);
#339=ORIENTED_EDGE('',*,*,#738,.T.);
#340=ORIENTED_EDGE('',*,*,#736,.T.);
#341=ORIENTED_EDGE('',*,*,#748,.F.);
#342=ORIENTED_EDGE('',*,*,#789,.F.);
#343=ORIENTED_EDGE('',*,*,#792,.T.);
#344=ORIENTED_EDGE('',*,*,#776,.T.);
#345=ORIENTED_EDGE('',*,*,#763,.T.);
#346=ORIENTED_EDGE('',*,*,#778,.T.);
#347=ORIENTED_EDGE('',*,*,#793,.F.);
#348=ORIENTED_EDGE('',*,*,#790,.F.);
#349=ORIENTED_EDGE('',*,*,#746,.T.);
#350=ORIENTED_EDGE('',*,*,#777,.T.);
#351=ORIENTED_EDGE('',*,*,#792,.F.);
#352=ORIENTED_EDGE('',*,*,#791,.F.);
#353=ORIENTED_EDGE('',*,*,#793,.T.);
#354=ORIENTED_EDGE('',*,*,#794,.T.);
#355=ORIENTED_EDGE('',*,*,#795,.T.);
#356=ORIENTED_EDGE('',*,*,#796,.T.);
#357=ORIENTED_EDGE('',*,*,#755,.T.);
#358=ORIENTED_EDGE('',*,*,#733,.T.);
#359=ORIENTED_EDGE('',*,*,#731,.T.);
#360=ORIENTED_EDGE('',*,*,#782,.T.);
#361=ORIENTED_EDGE('',*,*,#797,.F.);
#362=ORIENTED_EDGE('',*,*,#794,.F.);
#363=ORIENTED_EDGE('',*,*,#754,.T.);
#364=ORIENTED_EDGE('',*,*,#781,.T.);
#365=ORIENTED_EDGE('',*,*,#798,.F.);
#366=ORIENTED_EDGE('',*,*,#795,.F.);
#367=ORIENTED_EDGE('',*,*,#797,.T.);
#368=ORIENTED_EDGE('',*,*,#766,.T.);
#369=ORIENTED_EDGE('',*,*,#756,.F.);
#370=ORIENTED_EDGE('',*,*,#796,.F.);
#371=ORIENTED_EDGE('',*,*,#798,.T.);
#372=ORIENTED_EDGE('',*,*,#780,.T.);
#373=ORIENTED_EDGE('',*,*,#799,.T.);
#374=ORIENTED_EDGE('',*,*,#750,.T.);
#375=ORIENTED_EDGE('',*,*,#800,.T.);
#376=ORIENTED_EDGE('',*,*,#801,.T.);
#377=ORIENTED_EDGE('',*,*,#728,.T.);
#378=ORIENTED_EDGE('',*,*,#724,.T.);
#379=ORIENTED_EDGE('',*,*,#739,.F.);
#380=ORIENTED_EDGE('',*,*,#799,.F.);
#381=ORIENTED_EDGE('',*,*,#802,.T.);
#382=ORIENTED_EDGE('',*,*,#773,.T.);
#383=ORIENTED_EDGE('',*,*,#734,.T.);
#384=ORIENTED_EDGE('',*,*,#775,.T.);
#385=ORIENTED_EDGE('',*,*,#803,.F.);
#386=ORIENTED_EDGE('',*,*,#800,.F.);
#387=ORIENTED_EDGE('',*,*,#749,.T.);
#388=ORIENTED_EDGE('',*,*,#774,.T.);
#389=ORIENTED_EDGE('',*,*,#802,.F.);
#390=ORIENTED_EDGE('',*,*,#801,.F.);
#391=ORIENTED_EDGE('',*,*,#803,.T.);
#392=ORIENTED_EDGE('',*,*,#804,.T.);
#393=ORIENTED_EDGE('',*,*,#805,.T.);
#394=ORIENTED_EDGE('',*,*,#806,.T.);
#395=ORIENTED_EDGE('',*,*,#752,.T.);
#396=ORIENTED_EDGE('',*,*,#723,.T.);
#397=ORIENTED_EDGE('',*,*,#719,.T.);
#398=ORIENTED_EDGE('',*,*,#771,.T.);
#399=ORIENTED_EDGE('',*,*,#807,.F.);
#400=ORIENTED_EDGE('',*,*,#804,.F.);
#401=ORIENTED_EDGE('',*,*,#751,.T.);
#402=ORIENTED_EDGE('',*,*,#784,.T.);
#403=ORIENTED_EDGE('',*,*,#808,.F.);
#404=ORIENTED_EDGE('',*,*,#805,.F.);
#405=ORIENTED_EDGE('',*,*,#807,.T.);
#406=ORIENTED_EDGE('',*,*,#729,.T.);
#407=ORIENTED_EDGE('',*,*,#753,.F.);
#408=ORIENTED_EDGE('',*,*,#806,.F.);
#409=ORIENTED_EDGE('',*,*,#808,.T.);
#410=ORIENTED_EDGE('',*,*,#783,.T.);
#411=ORIENTED_EDGE('',*,*,#809,.F.);
#412=ORIENTED_EDGE('',*,*,#810,.T.);
#413=ORIENTED_EDGE('',*,*,#718,.F.);
#414=ORIENTED_EDGE('',*,*,#809,.T.);
#415=ORIENTED_EDGE('',*,*,#810,.F.);
#416=ORIENTED_EDGE('',*,*,#811,.T.);
#417=ORIENTED_EDGE('',*,*,#812,.F.);
#418=ORIENTED_EDGE('',*,*,#812,.T.);
#419=ORIENTED_EDGE('',*,*,#813,.F.);
#420=ORIENTED_EDGE('',*,*,#813,.T.);
#421=ORIENTED_EDGE('',*,*,#811,.F.);
#422=ORIENTED_EDGE('',*,*,#814,.F.);
#423=ORIENTED_EDGE('',*,*,#815,.T.);
#424=ORIENTED_EDGE('',*,*,#711,.F.);
#425=ORIENTED_EDGE('',*,*,#814,.T.);
#426=ORIENTED_EDGE('',*,*,#815,.F.);
#427=ORIENTED_EDGE('',*,*,#816,.T.);
#428=ORIENTED_EDGE('',*,*,#817,.F.);
#429=ORIENTED_EDGE('',*,*,#817,.T.);
#430=ORIENTED_EDGE('',*,*,#818,.F.);
#431=ORIENTED_EDGE('',*,*,#818,.T.);
#432=ORIENTED_EDGE('',*,*,#816,.F.);
#433=ORIENTED_EDGE('',*,*,#819,.F.);
#434=ORIENTED_EDGE('',*,*,#786,.T.);
#435=ORIENTED_EDGE('',*,*,#820,.F.);
#436=ORIENTED_EDGE('',*,*,#819,.T.);
#437=ORIENTED_EDGE('',*,*,#820,.T.);
#438=ORIENTED_EDGE('',*,*,#821,.F.);
#439=ORIENTED_EDGE('',*,*,#822,.T.);
#440=ORIENTED_EDGE('',*,*,#823,.T.);
#441=ORIENTED_EDGE('',*,*,#824,.F.);
#442=ORIENTED_EDGE('',*,*,#821,.T.);
#443=ORIENTED_EDGE('',*,*,#825,.F.);
#444=ORIENTED_EDGE('',*,*,#825,.T.);
#445=ORIENTED_EDGE('',*,*,#826,.F.);
#446=ORIENTED_EDGE('',*,*,#826,.T.);
#447=ORIENTED_EDGE('',*,*,#827,.F.);
#448=ORIENTED_EDGE('',*,*,#827,.T.);
#449=ORIENTED_EDGE('',*,*,#824,.T.);
#450=ORIENTED_EDGE('',*,*,#828,.T.);
#451=ORIENTED_EDGE('',*,*,#823,.F.);
#452=ORIENTED_EDGE('',*,*,#828,.F.);
#453=ORIENTED_EDGE('',*,*,#829,.F.);
#454=ORIENTED_EDGE('',*,*,#830,.T.);
#455=ORIENTED_EDGE('',*,*,#831,.T.);
#456=ORIENTED_EDGE('',*,*,#830,.F.);
#457=ORIENTED_EDGE('',*,*,#832,.T.);
#458=ORIENTED_EDGE('',*,*,#831,.F.);
#459=ORIENTED_EDGE('',*,*,#770,.T.);
#460=ORIENTED_EDGE('',*,*,#832,.F.);
#461=ORIENTED_EDGE('',*,*,#833,.F.);
#462=ORIENTED_EDGE('',*,*,#829,.T.);
#463=ORIENTED_EDGE('',*,*,#834,.F.);
#464=ORIENTED_EDGE('',*,*,#833,.T.);
#465=ORIENTED_EDGE('',*,*,#835,.F.);
#466=ORIENTED_EDGE('',*,*,#836,.F.);
#467=ORIENTED_EDGE('',*,*,#837,.F.);
#468=ORIENTED_EDGE('',*,*,#838,.F.);
#469=ORIENTED_EDGE('',*,*,#839,.F.);
#470=ORIENTED_EDGE('',*,*,#840,.F.);
#471=ORIENTED_EDGE('',*,*,#834,.T.);
#472=ORIENTED_EDGE('',*,*,#836,.T.);
#473=ORIENTED_EDGE('',*,*,#841,.F.);
#474=ORIENTED_EDGE('',*,*,#842,.F.);
#475=ORIENTED_EDGE('',*,*,#843,.T.);
#476=ORIENTED_EDGE('',*,*,#835,.T.);
#477=ORIENTED_EDGE('',*,*,#844,.F.);
#478=ORIENTED_EDGE('',*,*,#845,.F.);
#479=ORIENTED_EDGE('',*,*,#841,.T.);
#480=ORIENTED_EDGE('',*,*,#840,.T.);
#481=ORIENTED_EDGE('',*,*,#846,.F.);
#482=ORIENTED_EDGE('',*,*,#847,.F.);
#483=ORIENTED_EDGE('',*,*,#844,.T.);
#484=ORIENTED_EDGE('',*,*,#839,.T.);
#485=ORIENTED_EDGE('',*,*,#848,.F.);
#486=ORIENTED_EDGE('',*,*,#849,.F.);
#487=ORIENTED_EDGE('',*,*,#846,.T.);
#488=ORIENTED_EDGE('',*,*,#838,.T.);
#489=ORIENTED_EDGE('',*,*,#850,.F.);
#490=ORIENTED_EDGE('',*,*,#851,.F.);
#491=ORIENTED_EDGE('',*,*,#848,.T.);
#492=ORIENTED_EDGE('',*,*,#837,.T.);
#493=ORIENTED_EDGE('',*,*,#843,.F.);
#494=ORIENTED_EDGE('',*,*,#852,.F.);
#495=ORIENTED_EDGE('',*,*,#850,.T.);
#496=ORIENTED_EDGE('',*,*,#842,.T.);
#497=ORIENTED_EDGE('',*,*,#845,.T.);
#498=ORIENTED_EDGE('',*,*,#847,.T.);
#499=ORIENTED_EDGE('',*,*,#849,.T.);
#500=ORIENTED_EDGE('',*,*,#851,.T.);
#501=ORIENTED_EDGE('',*,*,#852,.T.);
#502=ORIENTED_EDGE('',*,*,#853,.T.);
#503=ORIENTED_EDGE('',*,*,#822,.F.);
#504=ORIENTED_EDGE('',*,*,#853,.F.);
#505=ORIENTED_EDGE('',*,*,#854,.F.);
#506=ORIENTED_EDGE('',*,*,#855,.T.);
#507=ORIENTED_EDGE('',*,*,#856,.T.);
#508=ORIENTED_EDGE('',*,*,#855,.F.);
#509=ORIENTED_EDGE('',*,*,#857,.T.);
#510=ORIENTED_EDGE('',*,*,#856,.F.);
#511=ORIENTED_EDGE('',*,*,#769,.T.);
#512=ORIENTED_EDGE('',*,*,#857,.F.);
#513=ORIENTED_EDGE('',*,*,#858,.F.);
#514=ORIENTED_EDGE('',*,*,#854,.T.);
#515=ORIENTED_EDGE('',*,*,#859,.F.);
#516=ORIENTED_EDGE('',*,*,#858,.T.);
#517=ORIENTED_EDGE('',*,*,#860,.F.);
#518=ORIENTED_EDGE('',*,*,#861,.F.);
#519=ORIENTED_EDGE('',*,*,#862,.F.);
#520=ORIENTED_EDGE('',*,*,#863,.F.);
#521=ORIENTED_EDGE('',*,*,#864,.F.);
#522=ORIENTED_EDGE('',*,*,#865,.F.);
#523=ORIENTED_EDGE('',*,*,#859,.T.);
#524=ORIENTED_EDGE('',*,*,#861,.T.);
#525=ORIENTED_EDGE('',*,*,#866,.F.);
#526=ORIENTED_EDGE('',*,*,#867,.F.);
#527=ORIENTED_EDGE('',*,*,#868,.T.);
#528=ORIENTED_EDGE('',*,*,#860,.T.);
#529=ORIENTED_EDGE('',*,*,#869,.F.);
#530=ORIENTED_EDGE('',*,*,#870,.F.);
#531=ORIENTED_EDGE('',*,*,#866,.T.);
#532=ORIENTED_EDGE('',*,*,#865,.T.);
#533=ORIENTED_EDGE('',*,*,#871,.F.);
#534=ORIENTED_EDGE('',*,*,#872,.F.);
#535=ORIENTED_EDGE('',*,*,#869,.T.);
#536=ORIENTED_EDGE('',*,*,#864,.T.);
#537=ORIENTED_EDGE('',*,*,#873,.F.);
#538=ORIENTED_EDGE('',*,*,#874,.F.);
#539=ORIENTED_EDGE('',*,*,#871,.T.);
#540=ORIENTED_EDGE('',*,*,#863,.T.);
#541=ORIENTED_EDGE('',*,*,#875,.F.);
#542=ORIENTED_EDGE('',*,*,#876,.F.);
#543=ORIENTED_EDGE('',*,*,#873,.T.);
#544=ORIENTED_EDGE('',*,*,#862,.T.);
#545=ORIENTED_EDGE('',*,*,#868,.F.);
#546=ORIENTED_EDGE('',*,*,#877,.F.);
#547=ORIENTED_EDGE('',*,*,#875,.T.);
#548=ORIENTED_EDGE('',*,*,#867,.T.);
#549=ORIENTED_EDGE('',*,*,#870,.T.);
#550=ORIENTED_EDGE('',*,*,#872,.T.);
#551=ORIENTED_EDGE('',*,*,#874,.T.);
#552=ORIENTED_EDGE('',*,*,#876,.T.);
#553=ORIENTED_EDGE('',*,*,#877,.T.);
#554=ORIENTED_EDGE('',*,*,#878,.T.);
#555=ORIENTED_EDGE('',*,*,#785,.F.);
#556=ORIENTED_EDGE('',*,*,#879,.F.);
#557=ORIENTED_EDGE('',*,*,#878,.F.);
#558=ORIENTED_EDGE('',*,*,#879,.T.);
#559=ORIENTED_EDGE('',*,*,#880,.T.);
#560=ORIENTED_EDGE('',*,*,#881,.F.);
#561=ORIENTED_EDGE('',*,*,#882,.F.);
#562=ORIENTED_EDGE('',*,*,#880,.F.);
#563=ORIENTED_EDGE('',*,*,#883,.T.);
#564=ORIENTED_EDGE('',*,*,#882,.T.);
#565=ORIENTED_EDGE('',*,*,#883,.F.);
#566=ORIENTED_EDGE('',*,*,#884,.T.);
#567=ORIENTED_EDGE('',*,*,#881,.T.);
#568=ORIENTED_EDGE('',*,*,#884,.F.);
#569=ORIENTED_EDGE('',*,*,#885,.T.);
#570=ORIENTED_EDGE('',*,*,#886,.F.);
#571=ORIENTED_EDGE('',*,*,#887,.T.);
#572=ORIENTED_EDGE('',*,*,#888,.T.);
#573=ORIENTED_EDGE('',*,*,#889,.T.);
#574=ORIENTED_EDGE('',*,*,#890,.T.);
#575=ORIENTED_EDGE('',*,*,#891,.T.);
#576=ORIENTED_EDGE('',*,*,#892,.F.);
#577=ORIENTED_EDGE('',*,*,#885,.F.);
#578=ORIENTED_EDGE('',*,*,#892,.T.);
#579=ORIENTED_EDGE('',*,*,#893,.F.);
#580=ORIENTED_EDGE('',*,*,#894,.F.);
#581=ORIENTED_EDGE('',*,*,#895,.T.);
#582=ORIENTED_EDGE('',*,*,#896,.F.);
#583=ORIENTED_EDGE('',*,*,#897,.F.);
#584=ORIENTED_EDGE('',*,*,#898,.F.);
#585=ORIENTED_EDGE('',*,*,#899,.F.);
#586=ORIENTED_EDGE('',*,*,#894,.T.);
#587=ORIENTED_EDGE('',*,*,#900,.F.);
#588=ORIENTED_EDGE('',*,*,#896,.T.);
#589=ORIENTED_EDGE('',*,*,#901,.F.);
#590=ORIENTED_EDGE('',*,*,#902,.F.);
#591=ORIENTED_EDGE('',*,*,#903,.F.);
#592=ORIENTED_EDGE('',*,*,#904,.F.);
#593=ORIENTED_EDGE('',*,*,#905,.F.);
#594=ORIENTED_EDGE('',*,*,#902,.T.);
#595=ORIENTED_EDGE('',*,*,#906,.F.);
#596=ORIENTED_EDGE('',*,*,#907,.F.);
#597=ORIENTED_EDGE('',*,*,#908,.F.);
#598=ORIENTED_EDGE('',*,*,#898,.T.);
#599=ORIENTED_EDGE('',*,*,#909,.F.);
#600=ORIENTED_EDGE('',*,*,#910,.F.);
#601=ORIENTED_EDGE('',*,*,#903,.T.);
#602=ORIENTED_EDGE('',*,*,#911,.F.);
#603=ORIENTED_EDGE('',*,*,#910,.T.);
#604=ORIENTED_EDGE('',*,*,#911,.T.);
#605=ORIENTED_EDGE('',*,*,#899,.T.);
#606=ORIENTED_EDGE('',*,*,#908,.T.);
#607=ORIENTED_EDGE('',*,*,#912,.T.);
#608=ORIENTED_EDGE('',*,*,#906,.T.);
#609=ORIENTED_EDGE('',*,*,#901,.T.);
#610=ORIENTED_EDGE('',*,*,#895,.F.);
#611=ORIENTED_EDGE('',*,*,#907,.T.);
#612=ORIENTED_EDGE('',*,*,#912,.F.);
#613=ORIENTED_EDGE('',*,*,#904,.T.);
#614=ORIENTED_EDGE('',*,*,#913,.T.);
#615=ORIENTED_EDGE('',*,*,#900,.T.);
#616=ORIENTED_EDGE('',*,*,#905,.T.);
#617=ORIENTED_EDGE('',*,*,#913,.F.);
#618=ORIENTED_EDGE('',*,*,#909,.T.);
#619=ORIENTED_EDGE('',*,*,#897,.T.);
#620=ORIENTED_EDGE('',*,*,#893,.T.);
#621=ORIENTED_EDGE('',*,*,#886,.T.);
#622=ORIENTED_EDGE('',*,*,#914,.F.);
#623=ORIENTED_EDGE('',*,*,#915,.F.);
#624=ORIENTED_EDGE('',*,*,#891,.F.);
#625=ORIENTED_EDGE('',*,*,#916,.F.);
#626=ORIENTED_EDGE('',*,*,#917,.F.);
#627=ORIENTED_EDGE('',*,*,#918,.F.);
#628=ORIENTED_EDGE('',*,*,#890,.F.);
#629=ORIENTED_EDGE('',*,*,#919,.F.);
#630=ORIENTED_EDGE('',*,*,#889,.F.);
#631=ORIENTED_EDGE('',*,*,#920,.F.);
#632=ORIENTED_EDGE('',*,*,#921,.F.);
#633=ORIENTED_EDGE('',*,*,#888,.F.);
#634=ORIENTED_EDGE('',*,*,#922,.F.);
#635=ORIENTED_EDGE('',*,*,#923,.F.);
#636=ORIENTED_EDGE('',*,*,#887,.F.);
#637=ORIENTED_EDGE('',*,*,#924,.F.);
#638=ORIENTED_EDGE('',*,*,#925,.F.);
#639=ORIENTED_EDGE('',*,*,#926,.F.);
#640=ORIENTED_EDGE('',*,*,#927,.T.);
#641=ORIENTED_EDGE('',*,*,#928,.T.);
#642=ORIENTED_EDGE('',*,*,#929,.T.);
#643=ORIENTED_EDGE('',*,*,#916,.T.);
#644=ORIENTED_EDGE('',*,*,#918,.T.);
#645=ORIENTED_EDGE('',*,*,#929,.F.);
#646=ORIENTED_EDGE('',*,*,#930,.T.);
#647=ORIENTED_EDGE('',*,*,#931,.T.);
#648=ORIENTED_EDGE('',*,*,#932,.T.);
#649=ORIENTED_EDGE('',*,*,#914,.T.);
#650=ORIENTED_EDGE('',*,*,#917,.T.);
#651=ORIENTED_EDGE('',*,*,#932,.F.);
#652=ORIENTED_EDGE('',*,*,#933,.T.);
#653=ORIENTED_EDGE('',*,*,#934,.T.);
#654=ORIENTED_EDGE('',*,*,#935,.T.);
#655=ORIENTED_EDGE('',*,*,#924,.T.);
#656=ORIENTED_EDGE('',*,*,#915,.T.);
#657=ORIENTED_EDGE('',*,*,#935,.F.);
#658=ORIENTED_EDGE('',*,*,#936,.T.);
#659=ORIENTED_EDGE('',*,*,#937,.T.);
#660=ORIENTED_EDGE('',*,*,#938,.T.);
#661=ORIENTED_EDGE('',*,*,#922,.T.);
#662=ORIENTED_EDGE('',*,*,#925,.T.);
#663=ORIENTED_EDGE('',*,*,#938,.F.);
#664=ORIENTED_EDGE('',*,*,#939,.T.);
#665=ORIENTED_EDGE('',*,*,#940,.T.);
#666=ORIENTED_EDGE('',*,*,#941,.T.);
#667=ORIENTED_EDGE('',*,*,#920,.T.);
#668=ORIENTED_EDGE('',*,*,#923,.T.);
#669=ORIENTED_EDGE('',*,*,#941,.F.);
#670=ORIENTED_EDGE('',*,*,#942,.T.);
#671=ORIENTED_EDGE('',*,*,#943,.T.);
#672=ORIENTED_EDGE('',*,*,#926,.T.);
#673=ORIENTED_EDGE('',*,*,#919,.T.);
#674=ORIENTED_EDGE('',*,*,#921,.T.);
#675=ORIENTED_EDGE('',*,*,#931,.F.);
#676=ORIENTED_EDGE('',*,*,#944,.F.);
#677=ORIENTED_EDGE('',*,*,#933,.F.);
#678=ORIENTED_EDGE('',*,*,#928,.F.);
#679=ORIENTED_EDGE('',*,*,#945,.T.);
#680=ORIENTED_EDGE('',*,*,#930,.F.);
#681=ORIENTED_EDGE('',*,*,#946,.T.);
#682=ORIENTED_EDGE('',*,*,#927,.F.);
#683=ORIENTED_EDGE('',*,*,#943,.F.);
#684=ORIENTED_EDGE('',*,*,#947,.T.);
#685=ORIENTED_EDGE('',*,*,#942,.F.);
#686=ORIENTED_EDGE('',*,*,#940,.F.);
#687=ORIENTED_EDGE('',*,*,#948,.T.);
#688=ORIENTED_EDGE('',*,*,#939,.F.);
#689=ORIENTED_EDGE('',*,*,#937,.F.);
#690=ORIENTED_EDGE('',*,*,#934,.F.);
#691=ORIENTED_EDGE('',*,*,#949,.T.);
#692=ORIENTED_EDGE('',*,*,#936,.F.);
#693=ORIENTED_EDGE('',*,*,#950,.F.);
#694=ORIENTED_EDGE('',*,*,#951,.F.);
#695=ORIENTED_EDGE('',*,*,#950,.T.);
#696=ORIENTED_EDGE('',*,*,#952,.T.);
#697=ORIENTED_EDGE('',*,*,#951,.T.);
#698=ORIENTED_EDGE('',*,*,#952,.F.);
#699=ORIENTED_EDGE('',*,*,#949,.F.);
#700=ORIENTED_EDGE('',*,*,#944,.T.);
#701=ORIENTED_EDGE('',*,*,#945,.F.);
#702=ORIENTED_EDGE('',*,*,#946,.F.);
#703=ORIENTED_EDGE('',*,*,#947,.F.);
#704=ORIENTED_EDGE('',*,*,#948,.F.);
#705=EDGE_CURVE('',#953,#954,#1139,.T.);
#706=EDGE_CURVE('',#954,#955,#1140,.T.);
#707=EDGE_CURVE('',#956,#955,#1141,.T.);
#708=EDGE_CURVE('',#956,#953,#1142,.T.);
#709=EDGE_CURVE('',#957,#957,#123,.T.);
#710=EDGE_CURVE('',#958,#958,#124,.T.);
#711=EDGE_CURVE('',#959,#959,#125,.T.);
#712=EDGE_CURVE('',#960,#961,#1143,.T.);
#713=EDGE_CURVE('',#962,#960,#1144,.T.);
#714=EDGE_CURVE('',#962,#963,#1145,.T.);
#715=EDGE_CURVE('',#961,#963,#1146,.T.);
#716=EDGE_CURVE('',#964,#964,#126,.T.);
#717=EDGE_CURVE('',#965,#965,#127,.T.);
#718=EDGE_CURVE('',#966,#966,#128,.T.);
#719=EDGE_CURVE('',#967,#968,#1147,.T.);
#720=EDGE_CURVE('',#969,#967,#1148,.T.);
#721=EDGE_CURVE('',#969,#970,#1149,.T.);
#722=EDGE_CURVE('',#970,#968,#1150,.T.);
#723=EDGE_CURVE('',#971,#971,#129,.F.);
#724=EDGE_CURVE('',#972,#973,#1151,.T.);
#725=EDGE_CURVE('',#974,#972,#1152,.T.);
#726=EDGE_CURVE('',#974,#975,#1153,.T.);
#727=EDGE_CURVE('',#975,#973,#1154,.T.);
#728=EDGE_CURVE('',#976,#976,#130,.F.);
#729=EDGE_CURVE('',#977,#978,#1155,.T.);
#730=EDGE_CURVE('',#977,#979,#1156,.T.);
#731=EDGE_CURVE('',#980,#979,#1157,.T.);
#732=EDGE_CURVE('',#978,#980,#1158,.T.);
#733=EDGE_CURVE('',#981,#981,#131,.F.);
#734=EDGE_CURVE('',#982,#983,#1159,.T.);
#735=EDGE_CURVE('',#982,#984,#1160,.T.);
#736=EDGE_CURVE('',#985,#984,#1161,.T.);
#737=EDGE_CURVE('',#983,#985,#1162,.T.);
#738=EDGE_CURVE('',#986,#986,#132,.F.);
#739=EDGE_CURVE('',#987,#973,#1163,.T.);
#740=EDGE_CURVE('',#975,#956,#1164,.T.);
#741=EDGE_CURVE('',#955,#988,#1165,.T.);
#742=EDGE_CURVE('',#988,#989,#1166,.T.);
#743=EDGE_CURVE('',#989,#960,#1167,.T.);
#744=EDGE_CURVE('',#990,#961,#1168,.T.);
#745=EDGE_CURVE('',#991,#990,#1169,.T.);
#746=EDGE_CURVE('',#992,#991,#1170,.T.);
#747=EDGE_CURVE('',#993,#992,#1171,.T.);
#748=EDGE_CURVE('',#993,#984,#1172,.T.);
#749=EDGE_CURVE('',#994,#982,#1173,.T.);
#750=EDGE_CURVE('',#987,#994,#1174,.T.);
#751=EDGE_CURVE('',#995,#967,#1175,.T.);
#752=EDGE_CURVE('',#996,#995,#1176,.T.);
#753=EDGE_CURVE('',#996,#978,#1177,.T.);
#754=EDGE_CURVE('',#997,#980,#1178,.T.);
#755=EDGE_CURVE('',#998,#997,#1179,.T.);
#756=EDGE_CURVE('',#998,#999,#1180,.T.);
#757=EDGE_CURVE('',#999,#1000,#1181,.T.);
#758=EDGE_CURVE('',#963,#1000,#1182,.T.);
#759=EDGE_CURVE('',#1001,#962,#1183,.T.);
#760=EDGE_CURVE('',#1002,#1001,#1184,.T.);
#761=EDGE_CURVE('',#954,#1002,#1185,.T.);
#762=EDGE_CURVE('',#953,#969,#1186,.T.);
#763=EDGE_CURVE('',#991,#1003,#1187,.T.);
#764=EDGE_CURVE('',#1004,#990,#1188,.T.);
#765=EDGE_CURVE('',#1003,#1004,#1189,.T.);
#766=EDGE_CURVE('',#1005,#999,#1190,.T.);
#767=EDGE_CURVE('',#1005,#1006,#1191,.T.);
#768=EDGE_CURVE('',#1000,#1006,#1192,.T.);
#769=EDGE_CURVE('',#1007,#1007,#133,.T.);
#770=EDGE_CURVE('',#1008,#1008,#134,.T.);
#771=EDGE_CURVE('',#968,#1009,#1193,.T.);
#772=EDGE_CURVE('',#970,#974,#1194,.T.);
#773=EDGE_CURVE('',#1010,#972,#1195,.T.);
#774=EDGE_CURVE('',#1011,#1010,#135,.T.);
#775=EDGE_CURVE('',#983,#1011,#1196,.T.);
#776=EDGE_CURVE('',#1012,#985,#1197,.T.);
#777=EDGE_CURVE('',#1013,#1012,#136,.T.);
#778=EDGE_CURVE('',#1003,#1013,#1198,.T.);
#779=EDGE_CURVE('',#1006,#1004,#1199,.T.);
#780=EDGE_CURVE('',#1014,#1005,#1200,.T.);
#781=EDGE_CURVE('',#1015,#1014,#137,.T.);
#782=EDGE_CURVE('',#979,#1015,#1201,.T.);
#783=EDGE_CURVE('',#1016,#977,#1202,.T.);
#784=EDGE_CURVE('',#1009,#1016,#138,.T.);
#785=EDGE_CURVE('',#1017,#1017,#139,.T.);
#786=EDGE_CURVE('',#1018,#1018,#140,.T.);
#787=EDGE_CURVE('',#1002,#988,#1203,.T.);
#788=EDGE_CURVE('',#1001,#989,#1204,.T.);
#789=EDGE_CURVE('',#1019,#993,#1205,.T.);
#790=EDGE_CURVE('',#992,#1020,#1206,.T.);
#791=EDGE_CURVE('',#1020,#1019,#141,.T.);
#792=EDGE_CURVE('',#1019,#1012,#1207,.T.);
#793=EDGE_CURVE('',#1020,#1013,#1208,.T.);
#794=EDGE_CURVE('',#997,#1021,#1209,.T.);
#795=EDGE_CURVE('',#1021,#1022,#142,.T.);
#796=EDGE_CURVE('',#1022,#998,#1210,.T.);
#797=EDGE_CURVE('',#1021,#1015,#1211,.T.);
#798=EDGE_CURVE('',#1022,#1014,#1212,.T.);
#799=EDGE_CURVE('',#1023,#987,#1213,.T.);
#800=EDGE_CURVE('',#994,#1024,#1214,.T.);
#801=EDGE_CURVE('',#1024,#1023,#143,.T.);
#802=EDGE_CURVE('',#1023,#1010,#1215,.T.);
#803=EDGE_CURVE('',#1024,#1011,#1216,.T.);
#804=EDGE_CURVE('',#995,#1025,#1217,.T.);
#805=EDGE_CURVE('',#1025,#1026,#144,.T.);
#806=EDGE_CURVE('',#1026,#996,#1218,.T.);
#807=EDGE_CURVE('',#1025,#1009,#1219,.T.);
#808=EDGE_CURVE('',#1026,#1016,#1220,.T.);
#809=EDGE_CURVE('',#1027,#1027,#145,.T.);
#810=EDGE_CURVE('',#1028,#1028,#146,.T.);
#811=EDGE_CURVE('',#1029,#1029,#147,.T.);
#812=EDGE_CURVE('',#1030,#1030,#148,.T.);
#813=EDGE_CURVE('',#1031,#1031,#149,.T.);
#814=EDGE_CURVE('',#1032,#1032,#150,.T.);
#815=EDGE_CURVE('',#1033,#1033,#151,.T.);
#816=EDGE_CURVE('',#1034,#1034,#152,.T.);
#817=EDGE_CURVE('',#1035,#1035,#153,.T.);
#818=EDGE_CURVE('',#1036,#1036,#154,.T.);
#819=EDGE_CURVE('',#1037,#1037,#155,.T.);
#820=EDGE_CURVE('',#1038,#1038,#156,.T.);
#821=EDGE_CURVE('',#1039,#1039,#157,.T.);
#822=EDGE_CURVE('',#1040,#1040,#158,.T.);
#823=EDGE_CURVE('',#1041,#1041,#159,.T.);
#824=EDGE_CURVE('',#1042,#1042,#160,.T.);
#825=EDGE_CURVE('',#1043,#1043,#161,.T.);
#826=EDGE_CURVE('',#1044,#1044,#162,.T.);
#827=EDGE_CURVE('',#1045,#1045,#163,.T.);
#828=EDGE_CURVE('',#1046,#1046,#164,.T.);
#829=EDGE_CURVE('',#1048,#1048,#165,.T.);
#830=EDGE_CURVE('',#1049,#1049,#166,.T.);
#831=EDGE_CURVE('',#1050,#1050,#167,.T.);
#832=EDGE_CURVE('',#1051,#1051,#168,.T.);
#833=EDGE_CURVE('',#1052,#1052,#169,.T.);
#834=EDGE_CURVE('',#1053,#1053,#170,.T.);
#835=EDGE_CURVE('',#1054,#1055,#1221,.T.);
#836=EDGE_CURVE('',#1056,#1054,#1222,.T.);
#837=EDGE_CURVE('',#1057,#1056,#1223,.T.);
#838=EDGE_CURVE('',#1058,#1057,#1224,.T.);
#839=EDGE_CURVE('',#1059,#1058,#1225,.T.);
#840=EDGE_CURVE('',#1055,#1059,#1226,.T.);
#841=EDGE_CURVE('',#1060,#1054,#1227,.T.);
#842=EDGE_CURVE('',#1061,#1060,#1228,.T.);
#843=EDGE_CURVE('',#1061,#1056,#1229,.T.);
#844=EDGE_CURVE('',#1062,#1055,#1230,.T.);
#845=EDGE_CURVE('',#1060,#1062,#1231,.T.);
#846=EDGE_CURVE('',#1063,#1059,#1232,.T.);
#847=EDGE_CURVE('',#1062,#1063,#1233,.T.);
#848=EDGE_CURVE('',#1064,#1058,#1234,.T.);
#849=EDGE_CURVE('',#1063,#1064,#1235,.T.);
#850=EDGE_CURVE('',#1065,#1057,#1236,.T.);
#851=EDGE_CURVE('',#1064,#1065,#1237,.T.);
#852=EDGE_CURVE('',#1065,#1061,#1238,.T.);
#853=EDGE_CURVE('',#1066,#1066,#171,.T.);
#854=EDGE_CURVE('',#1068,#1068,#172,.T.);
#855=EDGE_CURVE('',#1069,#1069,#173,.T.);
#856=EDGE_CURVE('',#1070,#1070,#174,.T.);
#857=EDGE_CURVE('',#1071,#1071,#175,.T.);
#858=EDGE_CURVE('',#1072,#1072,#176,.T.);
#859=EDGE_CURVE('',#1073,#1073,#177,.T.);
#860=EDGE_CURVE('',#1074,#1075,#1239,.T.);
#861=EDGE_CURVE('',#1076,#1074,#1240,.T.);
#862=EDGE_CURVE('',#1077,#1076,#1241,.T.);
#863=EDGE_CURVE('',#1078,#1077,#1242,.T.);
#864=EDGE_CURVE('',#1079,#1078,#1243,.T.);
#865=EDGE_CURVE('',#1075,#1079,#1244,.T.);
#866=EDGE_CURVE('',#1080,#1074,#1245,.T.);
#867=EDGE_CURVE('',#1081,#1080,#1246,.T.);
#868=EDGE_CURVE('',#1081,#1076,#1247,.T.);
#869=EDGE_CURVE('',#1082,#1075,#1248,.T.);
#870=EDGE_CURVE('',#1080,#1082,#1249,.T.);
#871=EDGE_CURVE('',#1083,#1079,#1250,.T.);
#872=EDGE_CURVE('',#1082,#1083,#1251,.T.);
#873=EDGE_CURVE('',#1084,#1078,#1252,.T.);
#874=EDGE_CURVE('',#1083,#1084,#1253,.T.);
#875=EDGE_CURVE('',#1085,#1077,#1254,.T.);
#876=EDGE_CURVE('',#1084,#1085,#1255,.T.);
#877=EDGE_CURVE('',#1085,#1081,#1256,.T.);
#878=EDGE_CURVE('',#1086,#1086,#178,.T.);
#879=EDGE_CURVE('',#1087,#1087,#179,.F.);
#880=EDGE_CURVE('',#1088,#1088,#180,.T.);
#881=EDGE_CURVE('',#1089,#1089,#181,.T.);
#882=EDGE_CURVE('',#1090,#1090,#182,.T.);
#883=EDGE_CURVE('',#1091,#1091,#183,.T.);
#884=EDGE_CURVE('',#1093,#1093,#184,.T.);
#885=EDGE_CURVE('',#1095,#1095,#185,.T.);
#886=EDGE_CURVE('',#1096,#1097,#186,.T.);
#887=EDGE_CURVE('',#1096,#1098,#187,.F.);
#888=EDGE_CURVE('',#1098,#1099,#188,.F.);
#889=EDGE_CURVE('',#1099,#1100,#189,.F.);
#890=EDGE_CURVE('',#1100,#1101,#190,.F.);
#891=EDGE_CURVE('',#1101,#1097,#191,.F.);
#892=EDGE_CURVE('',#1102,#1102,#192,.T.);
#893=EDGE_CURVE('',#1103,#1104,#1257,.T.);
#894=EDGE_CURVE('',#1105,#1103,#193,.T.);
#895=EDGE_CURVE('',#1105,#1106,#1258,.T.);
#896=EDGE_CURVE('',#1104,#1106,#194,.T.);
#897=EDGE_CURVE('',#1107,#1103,#20,.T.);
#898=EDGE_CURVE('',#1108,#1107,#195,.T.);
#899=EDGE_CURVE('',#1105,#1108,#21,.T.);
#900=EDGE_CURVE('',#1104,#1109,#22,.T.);
#901=EDGE_CURVE('',#1110,#1106,#23,.T.);
#902=EDGE_CURVE('',#1109,#1110,#196,.T.);
#903=EDGE_CURVE('',#1111,#1111,#197,.T.);
#904=EDGE_CURVE('',#1112,#1113,#18,.T.);
#905=EDGE_CURVE('',#1109,#1112,#1259,.T.);
#906=EDGE_CURVE('',#1114,#1110,#1260,.F.);
#907=EDGE_CURVE('',#1115,#1114,#19,.T.);
#908=EDGE_CURVE('',#1108,#1115,#1261,.T.);
#909=EDGE_CURVE('',#1113,#1107,#1262,.F.);
#910=EDGE_CURVE('',#1116,#1116,#198,.T.);
#911=EDGE_CURVE('',#1117,#1117,#199,.T.);
#912=EDGE_CURVE('',#1115,#1114,#1263,.T.);
#913=EDGE_CURVE('',#1113,#1112,#1264,.T.);
#914=EDGE_CURVE('',#1118,#1097,#24,.T.);
#915=EDGE_CURVE('',#1096,#1118,#25,.T.);
#916=EDGE_CURVE('',#1119,#1101,#26,.T.);
#917=EDGE_CURVE('',#1097,#1119,#27,.T.);
#918=EDGE_CURVE('',#1101,#1120,#28,.T.);
#919=EDGE_CURVE('',#1120,#1100,#29,.T.);
#920=EDGE_CURVE('',#1121,#1099,#30,.T.);
#921=EDGE_CURVE('',#1100,#1121,#31,.T.);
#922=EDGE_CURVE('',#1122,#1098,#32,.T.);
#923=EDGE_CURVE('',#1099,#1122,#33,.T.);
#924=EDGE_CURVE('',#1123,#1096,#34,.T.);
#925=EDGE_CURVE('',#1098,#1123,#35,.T.);
#926=EDGE_CURVE('',#1124,#1120,#1265,.T.);
#927=EDGE_CURVE('',#1124,#1125,#36,.T.);
#928=EDGE_CURVE('',#1125,#1126,#37,.T.);
#929=EDGE_CURVE('',#1126,#1119,#1266,.T.);
#930=EDGE_CURVE('',#1126,#1127,#38,.T.);
#931=EDGE_CURVE('',#1127,#1128,#39,.T.);
#932=EDGE_CURVE('',#1128,#1118,#1267,.T.);
#933=EDGE_CURVE('',#1128,#1129,#40,.T.);
#934=EDGE_CURVE('',#1129,#1130,#41,.T.);
#935=EDGE_CURVE('',#1130,#1123,#1268,.T.);
#936=EDGE_CURVE('',#1130,#1131,#42,.T.);
#937=EDGE_CURVE('',#1131,#1132,#43,.T.);
#938=EDGE_CURVE('',#1132,#1122,#1269,.T.);
#939=EDGE_CURVE('',#1132,#1133,#44,.T.);
#940=EDGE_CURVE('',#1133,#1134,#45,.T.);
#941=EDGE_CURVE('',#1134,#1121,#1270,.T.);
#942=EDGE_CURVE('',#1134,#1135,#46,.T.);
#943=EDGE_CURVE('',#1135,#1124,#47,.T.);
#944=EDGE_CURVE('',#1129,#1127,#200,.T.);
#945=EDGE_CURVE('',#1125,#1127,#201,.F.);
#946=EDGE_CURVE('',#1135,#1125,#202,.F.);
#947=EDGE_CURVE('',#1133,#1135,#203,.F.);
#948=EDGE_CURVE('',#1131,#1133,#204,.F.);
#949=EDGE_CURVE('',#1129,#1131,#205,.F.);
#950=EDGE_CURVE('',#1136,#1136,#206,.T.);
#951=EDGE_CURVE('',#1137,#1137,#207,.T.);
#952=EDGE_CURVE('',#1138,#1138,#208,.T.);
#953=VERTEX_POINT('',#3503);
#954=VERTEX_POINT('',#3504);
#955=VERTEX_POINT('',#3506);
#956=VERTEX_POINT('',#3508);
#957=VERTEX_POINT('',#3511);
#958=VERTEX_POINT('',#3513);
#959=VERTEX_POINT('',#3515);
#960=VERTEX_POINT('',#3518);
#961=VERTEX_POINT('',#3519);
#962=VERTEX_POINT('',#3521);
#963=VERTEX_POINT('',#3523);
#964=VERTEX_POINT('',#3526);
#965=VERTEX_POINT('',#3528);
#966=VERTEX_POINT('',#3530);
#967=VERTEX_POINT('',#3533);
#968=VERTEX_POINT('',#3534);
#969=VERTEX_POINT('',#3536);
#970=VERTEX_POINT('',#3538);
#971=VERTEX_POINT('',#3542);
#972=VERTEX_POINT('',#3545);
#973=VERTEX_POINT('',#3546);
#974=VERTEX_POINT('',#3548);
#975=VERTEX_POINT('',#3550);
#976=VERTEX_POINT('',#3554);
#977=VERTEX_POINT('',#3557);
#978=VERTEX_POINT('',#3558);
#979=VERTEX_POINT('',#3560);
#980=VERTEX_POINT('',#3562);
#981=VERTEX_POINT('',#3566);
#982=VERTEX_POINT('',#3569);
#983=VERTEX_POINT('',#3570);
#984=VERTEX_POINT('',#3572);
#985=VERTEX_POINT('',#3574);
#986=VERTEX_POINT('',#3578);
#987=VERTEX_POINT('',#3581);
#988=VERTEX_POINT('',#3584);
#989=VERTEX_POINT('',#3586);
#990=VERTEX_POINT('',#3589);
#991=VERTEX_POINT('',#3591);
#992=VERTEX_POINT('',#3593);
#993=VERTEX_POINT('',#3595);
#994=VERTEX_POINT('',#3598);
#995=VERTEX_POINT('',#3602);
#996=VERTEX_POINT('',#3604);
#997=VERTEX_POINT('',#3607);
#998=VERTEX_POINT('',#3609);
#999=VERTEX_POINT('',#3611);
#1000=VERTEX_POINT('',#3613);
#1001=VERTEX_POINT('',#3616);
#1002=VERTEX_POINT('',#3618);
#1003=VERTEX_POINT('',#3623);
#1004=VERTEX_POINT('',#3625);
#1005=VERTEX_POINT('',#3629);
#1006=VERTEX_POINT('',#3631);
#1007=VERTEX_POINT('',#3635);
#1008=VERTEX_POINT('',#3637);
#1009=VERTEX_POINT('',#3639);
#1010=VERTEX_POINT('',#3642);
#1011=VERTEX_POINT('',#3644);
#1012=VERTEX_POINT('',#3647);
#1013=VERTEX_POINT('',#3649);
#1014=VERTEX_POINT('',#3653);
#1015=VERTEX_POINT('',#3655);
#1016=VERTEX_POINT('',#3658);
#1017=VERTEX_POINT('',#3662);
#1018=VERTEX_POINT('',#3665);
#1019=VERTEX_POINT('',#3673);
#1020=VERTEX_POINT('',#3675);
#1021=VERTEX_POINT('',#3684);
#1022=VERTEX_POINT('',#3686);
#1023=VERTEX_POINT('',#3695);
#1024=VERTEX_POINT('',#3697);
#1025=VERTEX_POINT('',#3706);
#1026=VERTEX_POINT('',#3708);
#1027=VERTEX_POINT('',#3717);
#1028=VERTEX_POINT('',#3719);
#1029=VERTEX_POINT('',#3723);
#1030=VERTEX_POINT('',#3726);
#1031=VERTEX_POINT('',#3729);
#1032=VERTEX_POINT('',#3733);
#1033=VERTEX_POINT('',#3735);
#1034=VERTEX_POINT('',#3739);
#1035=VERTEX_POINT('',#3742);
#1036=VERTEX_POINT('',#3745);
#1037=VERTEX_POINT('',#3749);
#1038=VERTEX_POINT('',#3752);
#1039=VERTEX_POINT('',#3755);
#1040=VERTEX_POINT('',#3758);
#1041=VERTEX_POINT('',#3760);
#1042=VERTEX_POINT('',#3762);
#1043=VERTEX_POINT('',#3765);
#1044=VERTEX_POINT('',#3768);
#1045=VERTEX_POINT('',#3771);
#1046=VERTEX_POINT('',#3775);
#1047=VERTEX_POINT('',#3777);
#1048=VERTEX_POINT('',#3780);
#1049=VERTEX_POINT('',#3782);
#1050=VERTEX_POINT('',#3785);
#1051=VERTEX_POINT('',#3788);
#1052=VERTEX_POINT('',#3792);
#1053=VERTEX_POINT('',#3795);
#1054=VERTEX_POINT('',#3798);
#1055=VERTEX_POINT('',#3799);
#1056=VERTEX_POINT('',#3801);
#1057=VERTEX_POINT('',#3803);
#1058=VERTEX_POINT('',#3805);
#1059=VERTEX_POINT('',#3807);
#1060=VERTEX_POINT('',#3811);
#1061=VERTEX_POINT('',#3813);
#1062=VERTEX_POINT('',#3817);
#1063=VERTEX_POINT('',#3821);
#1064=VERTEX_POINT('',#3825);
#1065=VERTEX_POINT('',#3829);
#1066=VERTEX_POINT('',#3836);
#1067=VERTEX_POINT('',#3838);
#1068=VERTEX_POINT('',#3841);
#1069=VERTEX_POINT('',#3843);
#1070=VERTEX_POINT('',#3846);
#1071=VERTEX_POINT('',#3849);
#1072=VERTEX_POINT('',#3853);
#1073=VERTEX_POINT('',#3856);
#1074=VERTEX_POINT('',#3859);
#1075=VERTEX_POINT('',#3860);
#1076=VERTEX_POINT('',#3862);
#1077=VERTEX_POINT('',#3864);
#1078=VERTEX_POINT('',#3866);
#1079=VERTEX_POINT('',#3868);
#1080=VERTEX_POINT('',#3872);
#1081=VERTEX_POINT('',#3874);
#1082=VERTEX_POINT('',#3878);
#1083=VERTEX_POINT('',#3882);
#1084=VERTEX_POINT('',#3886);
#1085=VERTEX_POINT('',#3890);
#1086=VERTEX_POINT('',#3897);
#1087=VERTEX_POINT('',#3900);
#1088=VERTEX_POINT('',#3903);
#1089=VERTEX_POINT('',#3906);
#1090=VERTEX_POINT('',#3908);
#1091=VERTEX_POINT('',#3911);
#1092=VERTEX_POINT('',#3912);
#1093=VERTEX_POINT('',#3916);
#1094=VERTEX_POINT('',#3917);
#1095=VERTEX_POINT('',#3922);
#1096=VERTEX_POINT('',#3924);
#1097=VERTEX_POINT('',#3925);
#1098=VERTEX_POINT('',#3927);
#1099=VERTEX_POINT('',#3929);
#1100=VERTEX_POINT('',#3931);
#1101=VERTEX_POINT('',#3933);
#1102=VERTEX_POINT('',#3937);
#1103=VERTEX_POINT('',#3940);
#1104=VERTEX_POINT('',#3941);
#1105=VERTEX_POINT('',#3943);
#1106=VERTEX_POINT('',#3945);
#1107=VERTEX_POINT('',#3952);
#1108=VERTEX_POINT('',#3954);
#1109=VERTEX_POINT('',#3964);
#1110=VERTEX_POINT('',#3969);
#1111=VERTEX_POINT('',#3973);
#1112=VERTEX_POINT('',#3975);
#1113=VERTEX_POINT('',#3976);
#1114=VERTEX_POINT('',#3979);
#1115=VERTEX_POINT('',#3981);
#1116=VERTEX_POINT('',#3986);
#1117=VERTEX_POINT('',#3989);
#1118=VERTEX_POINT('',#4002);
#1119=VERTEX_POINT('',#4012);
#1120=VERTEX_POINT('',#4024);
#1121=VERTEX_POINT('',#4034);
#1122=VERTEX_POINT('',#4044);
#1123=VERTEX_POINT('',#4055);
#1124=VERTEX_POINT('',#4063);
#1125=VERTEX_POINT('',#4068);
#1126=VERTEX_POINT('',#4074);
#1127=VERTEX_POINT('',#4081);
#1128=VERTEX_POINT('',#4087);
#1129=VERTEX_POINT('',#4094);
#1130=VERTEX_POINT('',#4099);
#1131=VERTEX_POINT('',#4106);
#1132=VERTEX_POINT('',#4112);
#1133=VERTEX_POINT('',#4119);
#1134=VERTEX_POINT('',#4125);
#1135=VERTEX_POINT('',#4132);
#1136=VERTEX_POINT('',#4151);
#1137=VERTEX_POINT('',#4154);
#1138=VERTEX_POINT('',#4157);
#1139=LINE('',#3502,#1271);
#1140=LINE('',#3505,#1272);
#1141=LINE('',#3507,#1273);
#1142=LINE('',#3509,#1274);
#1143=LINE('',#3517,#1275);
#1144=LINE('',#3520,#1276);
#1145=LINE('',#3522,#1277);
#1146=LINE('',#3524,#1278);
#1147=LINE('',#3532,#1279);
#1148=LINE('',#3535,#1280);
#1149=LINE('',#3537,#1281);
#1150=LINE('',#3539,#1282);
#1151=LINE('',#3544,#1283);
#1152=LINE('',#3547,#1284);
#1153=LINE('',#3549,#1285);
#1154=LINE('',#3551,#1286);
#1155=LINE('',#3556,#1287);
#1156=LINE('',#3559,#1288);
#1157=LINE('',#3561,#1289);
#1158=LINE('',#3563,#1290);
#1159=LINE('',#3568,#1291);
#1160=LINE('',#3571,#1292);
#1161=LINE('',#3573,#1293);
#1162=LINE('',#3575,#1294);
#1163=LINE('',#3580,#1295);
#1164=LINE('',#3582,#1296);
#1165=LINE('',#3583,#1297);
#1166=LINE('',#3585,#1298);
#1167=LINE('',#3587,#1299);
#1168=LINE('',#3588,#1300);
#1169=LINE('',#3590,#1301);
#1170=LINE('',#3592,#1302);
#1171=LINE('',#3594,#1303);
#1172=LINE('',#3596,#1304);
#1173=LINE('',#3597,#1305);
#1174=LINE('',#3599,#1306);
#1175=LINE('',#3601,#1307);
#1176=LINE('',#3603,#1308);
#1177=LINE('',#3605,#1309);
#1178=LINE('',#3606,#1310);
#1179=LINE('',#3608,#1311);
#1180=LINE('',#3610,#1312);
#1181=LINE('',#3612,#1313);
#1182=LINE('',#3614,#1314);
#1183=LINE('',#3615,#1315);
#1184=LINE('',#3617,#1316);
#1185=LINE('',#3619,#1317);
#1186=LINE('',#3620,#1318);
#1187=LINE('',#3622,#1319);
#1188=LINE('',#3624,#1320);
#1189=LINE('',#3626,#1321);
#1190=LINE('',#3628,#1322);
#1191=LINE('',#3630,#1323);
#1192=LINE('',#3632,#1324);
#1193=LINE('',#3638,#1325);
#1194=LINE('',#3640,#1326);
#1195=LINE('',#3641,#1327);
#1196=LINE('',#3645,#1328);
#1197=LINE('',#3646,#1329);
#1198=LINE('',#3650,#1330);
#1199=LINE('',#3651,#1331);
#1200=LINE('',#3652,#1332);
#1201=LINE('',#3656,#1333);
#1202=LINE('',#3657,#1334);
#1203=LINE('',#3667,#1335);
#1204=LINE('',#3668,#1336);
#1205=LINE('',#3672,#1337);
#1206=LINE('',#3674,#1338);
#1207=LINE('',#3678,#1339);
#1208=LINE('',#3680,#1340);
#1209=LINE('',#3683,#1341);
#1210=LINE('',#3687,#1342);
#1211=LINE('',#3689,#1343);
#1212=LINE('',#3691,#1344);
#1213=LINE('',#3694,#1345);
#1214=LINE('',#3696,#1346);
#1215=LINE('',#3700,#1347);
#1216=LINE('',#3702,#1348);
#1217=LINE('',#3705,#1349);
#1218=LINE('',#3709,#1350);
#1219=LINE('',#3711,#1351);
#1220=LINE('',#3713,#1352);
#1221=LINE('',#3797,#1353);
#1222=LINE('',#3800,#1354);
#1223=LINE('',#3802,#1355);
#1224=LINE('',#3804,#1356);
#1225=LINE('',#3806,#1357);
#1226=LINE('',#3808,#1358);
#1227=LINE('',#3810,#1359);
#1228=LINE('',#3812,#1360);
#1229=LINE('',#3814,#1361);
#1230=LINE('',#3816,#1362);
#1231=LINE('',#3818,#1363);
#1232=LINE('',#3820,#1364);
#1233=LINE('',#3822,#1365);
#1234=LINE('',#3824,#1366);
#1235=LINE('',#3826,#1367);
#1236=LINE('',#3828,#1368);
#1237=LINE('',#3830,#1369);
#1238=LINE('',#3832,#1370);
#1239=LINE('',#3858,#1371);
#1240=LINE('',#3861,#1372);
#1241=LINE('',#3863,#1373);
#1242=LINE('',#3865,#1374);
#1243=LINE('',#3867,#1375);
#1244=LINE('',#3869,#1376);
#1245=LINE('',#3871,#1377);
#1246=LINE('',#3873,#1378);
#1247=LINE('',#3875,#1379);
#1248=LINE('',#3877,#1380);
#1249=LINE('',#3879,#1381);
#1250=LINE('',#3881,#1382);
#1251=LINE('',#3883,#1383);
#1252=LINE('',#3885,#1384);
#1253=LINE('',#3887,#1385);
#1254=LINE('',#3889,#1386);
#1255=LINE('',#3891,#1387);
#1256=LINE('',#3893,#1388);
#1257=LINE('',#3939,#1389);
#1258=LINE('',#3944,#1390);
#1259=LINE('',#3977,#1391);
#1260=LINE('',#3978,#1392);
#1261=LINE('',#3982,#1393);
#1262=LINE('',#3983,#1394);
#1263=LINE('',#3992,#1395);
#1264=LINE('',#3995,#1396);
#1265=LINE('',#4062,#1397);
#1266=LINE('',#4075,#1398);
#1267=LINE('',#4088,#1399);
#1268=LINE('',#4100,#1400);
#1269=LINE('',#4113,#1401);
#1270=LINE('',#4126,#1402);
#1271=VECTOR('',#2928,1000.);
#1272=VECTOR('',#2929,1000.);
#1273=VECTOR('',#2930,1000.);
#1274=VECTOR('',#2931,1000.);
#1275=VECTOR('',#2940,1000.);
#1276=VECTOR('',#2941,1000.);
#1277=VECTOR('',#2942,1000.);
#1278=VECTOR('',#2943,1000.);
#1279=VECTOR('',#2952,1000.);
#1280=VECTOR('',#2953,1000.);
#1281=VECTOR('',#2954,1000.);
#1282=VECTOR('',#2955,1000.);
#1283=VECTOR('',#2962,1000.);
#1284=VECTOR('',#2963,1000.);
#1285=VECTOR('',#2964,1000.);
#1286=VECTOR('',#2965,1000.);
#1287=VECTOR('',#2972,1000.);
#1288=VECTOR('',#2973,1000.);
#1289=VECTOR('',#2974,1000.);
#1290=VECTOR('',#2975,1000.);
#1291=VECTOR('',#2982,1000.);
#1292=VECTOR('',#2983,1000.);
#1293=VECTOR('',#2984,1000.);
#1294=VECTOR('',#2985,1000.);
#1295=VECTOR('',#2992,1000.);
#1296=VECTOR('',#2993,1000.);
#1297=VECTOR('',#2994,1000.);
#1298=VECTOR('',#2995,1000.);
#1299=VECTOR('',#2996,1000.);
#1300=VECTOR('',#2997,1000.);
#1301=VECTOR('',#2998,1000.);
#1302=VECTOR('',#2999,1000.);
#1303=VECTOR('',#3000,1000.);
#1304=VECTOR('',#3001,1000.);
#1305=VECTOR('',#3002,1000.);
#1306=VECTOR('',#3003,1000.);
#1307=VECTOR('',#3006,1000.);
#1308=VECTOR('',#3007,1000.);
#1309=VECTOR('',#3008,1000.);
#1310=VECTOR('',#3009,1000.);
#1311=VECTOR('',#3010,1000.);
#1312=VECTOR('',#3011,1000.);
#1313=VECTOR('',#3012,1000.);
#1314=VECTOR('',#3013,1000.);
#1315=VECTOR('',#3014,1000.);
#1316=VECTOR('',#3015,1000.);
#1317=VECTOR('',#3016,1000.);
#1318=VECTOR('',#3017,1000.);
#1319=VECTOR('',#3020,1000.);
#1320=VECTOR('',#3021,1000.);
#1321=VECTOR('',#3022,1000.);
#1322=VECTOR('',#3025,1000.);
#1323=VECTOR('',#3026,1000.);
#1324=VECTOR('',#3027,1000.);
#1325=VECTOR('',#3034,1000.);
#1326=VECTOR('',#3035,1000.);
#1327=VECTOR('',#3036,1000.);
#1328=VECTOR('',#3039,1000.);
#1329=VECTOR('',#3040,1000.);
#1330=VECTOR('',#3043,1000.);
#1331=VECTOR('',#3044,1000.);
#1332=VECTOR('',#3045,1000.);
#1333=VECTOR('',#3048,1000.);
#1334=VECTOR('',#3049,1000.);
#1335=VECTOR('',#3062,1000.);
#1336=VECTOR('',#3063,1000.);
#1337=VECTOR('',#3070,1000.);
#1338=VECTOR('',#3071,1000.);
#1339=VECTOR('',#3076,1000.);
#1340=VECTOR('',#3079,1000.);
#1341=VECTOR('',#3084,1000.);
#1342=VECTOR('',#3087,1000.);
#1343=VECTOR('',#3090,1000.);
#1344=VECTOR('',#3093,1000.);
#1345=VECTOR('',#3098,1000.);
#1346=VECTOR('',#3099,1000.);
#1347=VECTOR('',#3104,1000.);
#1348=VECTOR('',#3107,1000.);
#1349=VECTOR('',#3112,1000.);
#1350=VECTOR('',#3115,1000.);
#1351=VECTOR('',#3118,1000.);
#1352=VECTOR('',#3121,1000.);
#1353=VECTOR('',#3234,1000.);
#1354=VECTOR('',#3235,1000.);
#1355=VECTOR('',#3236,1000.);
#1356=VECTOR('',#3237,1000.);
#1357=VECTOR('',#3238,1000.);
#1358=VECTOR('',#3239,1000.);
#1359=VECTOR('',#3242,1000.);
#1360=VECTOR('',#3243,1000.);
#1361=VECTOR('',#3244,1000.);
#1362=VECTOR('',#3247,1000.);
#1363=VECTOR('',#3248,1000.);
#1364=VECTOR('',#3251,1000.);
#1365=VECTOR('',#3252,1000.);
#1366=VECTOR('',#3255,1000.);
#1367=VECTOR('',#3256,1000.);
#1368=VECTOR('',#3259,1000.);
#1369=VECTOR('',#3260,1000.);
#1370=VECTOR('',#3263,1000.);
#1371=VECTOR('',#3298,1000.);
#1372=VECTOR('',#3299,1000.);
#1373=VECTOR('',#3300,1000.);
#1374=VECTOR('',#3301,1000.);
#1375=VECTOR('',#3302,1000.);
#1376=VECTOR('',#3303,1000.);
#1377=VECTOR('',#3306,1000.);
#1378=VECTOR('',#3307,1000.);
#1379=VECTOR('',#3308,1000.);
#1380=VECTOR('',#3311,1000.);
#1381=VECTOR('',#3312,1000.);
#1382=VECTOR('',#3315,1000.);
#1383=VECTOR('',#3316,1000.);
#1384=VECTOR('',#3319,1000.);
#1385=VECTOR('',#3320,1000.);
#1386=VECTOR('',#3323,1000.);
#1387=VECTOR('',#3324,1000.);
#1388=VECTOR('',#3327,1000.);
#1389=VECTOR('',#3384,1000.);
#1390=VECTOR('',#3387,1000.);
#1391=VECTOR('',#3404,1000.);
#1392=VECTOR('',#3405,1000.);
#1393=VECTOR('',#3408,1000.);
#1394=VECTOR('',#3409,1000.);
#1395=VECTOR('',#3422,1000.);
#1396=VECTOR('',#3427,1000.);
#1397=VECTOR('',#3444,1000.);
#1398=VECTOR('',#3445,1000.);
#1399=VECTOR('',#3448,1000.);
#1400=VECTOR('',#3451,1000.);
#1401=VECTOR('',#3454,1000.);
#1402=VECTOR('',#3457,1000.);
#1403=EDGE_LOOP('',(#209,#210,#211,#212));
#1404=EDGE_LOOP('',(#213));
#1405=EDGE_LOOP('',(#214));
#1406=EDGE_LOOP('',(#215));
#1407=EDGE_LOOP('',(#216,#217,#218,#219));
#1408=EDGE_LOOP('',(#220));
#1409=EDGE_LOOP('',(#221));
#1410=EDGE_LOOP('',(#222));
#1411=EDGE_LOOP('',(#223,#224,#225,#226));
#1412=EDGE_LOOP('',(#227));
#1413=EDGE_LOOP('',(#228));
#1414=EDGE_LOOP('',(#229,#230,#231,#232));
#1415=EDGE_LOOP('',(#233));
#1416=EDGE_LOOP('',(#234));
#1417=EDGE_LOOP('',(#235,#236,#237,#238));
#1418=EDGE_LOOP('',(#239));
#1419=EDGE_LOOP('',(#240));
#1420=EDGE_LOOP('',(#241,#242,#243,#244));
#1421=EDGE_LOOP('',(#245));
#1422=EDGE_LOOP('',(#246));
#1423=EDGE_LOOP('',(#247,#248,#249,#250,#251,#252,#253,#254,#255,#256,#257,
#258,#259,#260,#261,#262));
#1424=EDGE_LOOP('',(#263,#264,#265,#266,#267,#268,#269,#270,#271,#272,#273,
#274,#275,#276,#277,#278));
#1425=EDGE_LOOP('',(#279,#280,#281,#282));
#1426=EDGE_LOOP('',(#283,#284,#285,#286));
#1427=EDGE_LOOP('',(#287));
#1428=EDGE_LOOP('',(#288));
#1429=EDGE_LOOP('',(#289,#290,#291,#292,#293,#294,#295,#296,#297,#298,#299,
#300,#301,#302,#303,#304,#305,#306,#307,#308));
#1430=EDGE_LOOP('',(#309));
#1431=EDGE_LOOP('',(#310,#311,#312,#313,#314,#315));
#1432=EDGE_LOOP('',(#316));
#1433=EDGE_LOOP('',(#317,#318,#319,#320,#321,#322));
#1434=EDGE_LOOP('',(#323,#324,#325,#326));
#1435=EDGE_LOOP('',(#327,#328,#329,#330));
#1436=EDGE_LOOP('',(#331,#332,#333,#334));
#1437=EDGE_LOOP('',(#335,#336,#337,#338));
#1438=EDGE_LOOP('',(#339));
#1439=EDGE_LOOP('',(#340,#341,#342,#343,#344));
#1440=EDGE_LOOP('',(#345,#346,#347,#348,#349));
#1441=EDGE_LOOP('',(#350,#351,#352,#353));
#1442=EDGE_LOOP('',(#354,#355,#356,#357));
#1443=EDGE_LOOP('',(#358));
#1444=EDGE_LOOP('',(#359,#360,#361,#362,#363));
#1445=EDGE_LOOP('',(#364,#365,#366,#367));
#1446=EDGE_LOOP('',(#368,#369,#370,#371,#372));
#1447=EDGE_LOOP('',(#373,#374,#375,#376));
#1448=EDGE_LOOP('',(#377));
#1449=EDGE_LOOP('',(#378,#379,#380,#381,#382));
#1450=EDGE_LOOP('',(#383,#384,#385,#386,#387));
#1451=EDGE_LOOP('',(#388,#389,#390,#391));
#1452=EDGE_LOOP('',(#392,#393,#394,#395));
#1453=EDGE_LOOP('',(#396));
#1454=EDGE_LOOP('',(#397,#398,#399,#400,#401));
#1455=EDGE_LOOP('',(#402,#403,#404,#405));
#1456=EDGE_LOOP('',(#406,#407,#408,#409,#410));
#1457=EDGE_LOOP('',(#411));
#1458=EDGE_LOOP('',(#412));
#1459=EDGE_LOOP('',(#413));
#1460=EDGE_LOOP('',(#414));
#1461=EDGE_LOOP('',(#415));
#1462=EDGE_LOOP('',(#416));
#1463=EDGE_LOOP('',(#417));
#1464=EDGE_LOOP('',(#418));
#1465=EDGE_LOOP('',(#419));
#1466=EDGE_LOOP('',(#420));
#1467=EDGE_LOOP('',(#421));
#1468=EDGE_LOOP('',(#422));
#1469=EDGE_LOOP('',(#423));
#1470=EDGE_LOOP('',(#424));
#1471=EDGE_LOOP('',(#425));
#1472=EDGE_LOOP('',(#426));
#1473=EDGE_LOOP('',(#427));
#1474=EDGE_LOOP('',(#428));
#1475=EDGE_LOOP('',(#429));
#1476=EDGE_LOOP('',(#430));
#1477=EDGE_LOOP('',(#431));
#1478=EDGE_LOOP('',(#432));
#1479=EDGE_LOOP('',(#433));
#1480=EDGE_LOOP('',(#434));
#1481=EDGE_LOOP('',(#435));
#1482=EDGE_LOOP('',(#436));
#1483=EDGE_LOOP('',(#437));
#1484=EDGE_LOOP('',(#438));
#1485=EDGE_LOOP('',(#439));
#1486=EDGE_LOOP('',(#440));
#1487=EDGE_LOOP('',(#441));
#1488=EDGE_LOOP('',(#442));
#1489=EDGE_LOOP('',(#443));
#1490=EDGE_LOOP('',(#444));
#1491=EDGE_LOOP('',(#445));
#1492=EDGE_LOOP('',(#446));
#1493=EDGE_LOOP('',(#447));
#1494=EDGE_LOOP('',(#448));
#1495=EDGE_LOOP('',(#449));
#1496=EDGE_LOOP('',(#450));
#1497=EDGE_LOOP('',(#451));
#1498=EDGE_LOOP('',(#452));
#1499=EDGE_LOOP('',(#453));
#1500=EDGE_LOOP('',(#454));
#1501=EDGE_LOOP('',(#455));
#1502=EDGE_LOOP('',(#456));
#1503=EDGE_LOOP('',(#457));
#1504=EDGE_LOOP('',(#458));
#1505=EDGE_LOOP('',(#459));
#1506=EDGE_LOOP('',(#460));
#1507=EDGE_LOOP('',(#461));
#1508=EDGE_LOOP('',(#462));
#1509=EDGE_LOOP('',(#463));
#1510=EDGE_LOOP('',(#464));
#1511=EDGE_LOOP('',(#465,#466,#467,#468,#469,#470));
#1512=EDGE_LOOP('',(#471));
#1513=EDGE_LOOP('',(#472,#473,#474,#475));
#1514=EDGE_LOOP('',(#476,#477,#478,#479));
#1515=EDGE_LOOP('',(#480,#481,#482,#483));
#1516=EDGE_LOOP('',(#484,#485,#486,#487));
#1517=EDGE_LOOP('',(#488,#489,#490,#491));
#1518=EDGE_LOOP('',(#492,#493,#494,#495));
#1519=EDGE_LOOP('',(#496,#497,#498,#499,#500,#501));
#1520=EDGE_LOOP('',(#502));
#1521=EDGE_LOOP('',(#503));
#1522=EDGE_LOOP('',(#504));
#1523=EDGE_LOOP('',(#505));
#1524=EDGE_LOOP('',(#506));
#1525=EDGE_LOOP('',(#507));
#1526=EDGE_LOOP('',(#508));
#1527=EDGE_LOOP('',(#509));
#1528=EDGE_LOOP('',(#510));
#1529=EDGE_LOOP('',(#511));
#1530=EDGE_LOOP('',(#512));
#1531=EDGE_LOOP('',(#513));
#1532=EDGE_LOOP('',(#514));
#1533=EDGE_LOOP('',(#515));
#1534=EDGE_LOOP('',(#516));
#1535=EDGE_LOOP('',(#517,#518,#519,#520,#521,#522));
#1536=EDGE_LOOP('',(#523));
#1537=EDGE_LOOP('',(#524,#525,#526,#527));
#1538=EDGE_LOOP('',(#528,#529,#530,#531));
#1539=EDGE_LOOP('',(#532,#533,#534,#535));
#1540=EDGE_LOOP('',(#536,#537,#538,#539));
#1541=EDGE_LOOP('',(#540,#541,#542,#543));
#1542=EDGE_LOOP('',(#544,#545,#546,#547));
#1543=EDGE_LOOP('',(#548,#549,#550,#551,#552,#553));
#1544=EDGE_LOOP('',(#554));
#1545=EDGE_LOOP('',(#555));
#1546=EDGE_LOOP('',(#556));
#1547=EDGE_LOOP('',(#557));
#1548=EDGE_LOOP('',(#558));
#1549=EDGE_LOOP('',(#559));
#1550=EDGE_LOOP('',(#560));
#1551=EDGE_LOOP('',(#561));
#1552=EDGE_LOOP('',(#562));
#1553=EDGE_LOOP('',(#563));
#1554=EDGE_LOOP('',(#564));
#1555=EDGE_LOOP('',(#565));
#1556=EDGE_LOOP('',(#566));
#1557=EDGE_LOOP('',(#567));
#1558=EDGE_LOOP('',(#568));
#1559=EDGE_LOOP('',(#569));
#1560=EDGE_LOOP('',(#570,#571,#572,#573,#574,#575));
#1561=EDGE_LOOP('',(#576));
#1562=EDGE_LOOP('',(#577));
#1563=EDGE_LOOP('',(#578));
#1564=EDGE_LOOP('',(#579,#580,#581,#582));
#1565=EDGE_LOOP('',(#583,#584,#585,#586));
#1566=EDGE_LOOP('',(#587,#588,#589,#590));
#1567=EDGE_LOOP('',(#591));
#1568=EDGE_LOOP('',(#592,#593,#594,#595,#596,#597,#598,#599));
#1569=EDGE_LOOP('',(#600));
#1570=EDGE_LOOP('',(#601));
#1571=EDGE_LOOP('',(#602));
#1572=EDGE_LOOP('',(#603));
#1573=EDGE_LOOP('',(#604));
#1574=EDGE_LOOP('',(#605,#606,#607,#608,#609,#610));
#1575=EDGE_LOOP('',(#611,#612));
#1576=EDGE_LOOP('',(#613,#614));
#1577=EDGE_LOOP('',(#615,#616,#617,#618,#619,#620));
#1578=EDGE_LOOP('',(#621,#622,#623));
#1579=EDGE_LOOP('',(#624,#625,#626));
#1580=EDGE_LOOP('',(#627,#628,#629));
#1581=EDGE_LOOP('',(#630,#631,#632));
#1582=EDGE_LOOP('',(#633,#634,#635));
#1583=EDGE_LOOP('',(#636,#637,#638));
#1584=EDGE_LOOP('',(#639,#640,#641,#642,#643,#644));
#1585=EDGE_LOOP('',(#645,#646,#647,#648,#649,#650));
#1586=EDGE_LOOP('',(#651,#652,#653,#654,#655,#656));
#1587=EDGE_LOOP('',(#657,#658,#659,#660,#661,#662));
#1588=EDGE_LOOP('',(#663,#664,#665,#666,#667,#668));
#1589=EDGE_LOOP('',(#669,#670,#671,#672,#673,#674));
#1590=EDGE_LOOP('',(#675,#676,#677));
#1591=EDGE_LOOP('',(#678,#679,#680));
#1592=EDGE_LOOP('',(#681,#682,#683));
#1593=EDGE_LOOP('',(#684,#685,#686));
#1594=EDGE_LOOP('',(#687,#688,#689));
#1595=EDGE_LOOP('',(#690,#691,#692));
#1596=EDGE_LOOP('',(#693));
#1597=EDGE_LOOP('',(#694));
#1598=EDGE_LOOP('',(#695));
#1599=EDGE_LOOP('',(#696));
#1600=EDGE_LOOP('',(#697));
#1601=EDGE_LOOP('',(#698));
#1602=EDGE_LOOP('',(#699,#700,#701,#702,#703,#704));
#1603=FACE_BOUND('',#1403,.T.);
#1604=FACE_BOUND('',#1404,.T.);
#1605=FACE_BOUND('',#1405,.T.);
#1606=FACE_BOUND('',#1406,.T.);
#1607=FACE_BOUND('',#1407,.T.);
#1608=FACE_BOUND('',#1408,.T.);
#1609=FACE_BOUND('',#1409,.T.);
#1610=FACE_BOUND('',#1410,.T.);
#1611=FACE_BOUND('',#1411,.T.);
#1612=FACE_BOUND('',#1412,.T.);
#1613=FACE_BOUND('',#1413,.T.);
#1614=FACE_BOUND('',#1414,.T.);
#1615=FACE_BOUND('',#1415,.T.);
#1616=FACE_BOUND('',#1416,.T.);
#1617=FACE_BOUND('',#1417,.T.);
#1618=FACE_BOUND('',#1418,.T.);
#1619=FACE_BOUND('',#1419,.T.);
#1620=FACE_BOUND('',#1420,.T.);
#1621=FACE_BOUND('',#1421,.T.);
#1622=FACE_BOUND('',#1422,.T.);
#1623=FACE_BOUND('',#1423,.T.);
#1624=FACE_BOUND('',#1424,.T.);
#1625=FACE_BOUND('',#1425,.T.);
#1626=FACE_BOUND('',#1426,.T.);
#1627=FACE_BOUND('',#1427,.T.);
#1628=FACE_BOUND('',#1428,.T.);
#1629=FACE_BOUND('',#1429,.T.);
#1630=FACE_BOUND('',#1430,.T.);
#1631=FACE_BOUND('',#1431,.T.);
#1632=FACE_BOUND('',#1432,.T.);
#1633=FACE_BOUND('',#1433,.T.);
#1634=FACE_BOUND('',#1434,.T.);
#1635=FACE_BOUND('',#1435,.T.);
#1636=FACE_BOUND('',#1436,.T.);
#1637=FACE_BOUND('',#1437,.T.);
#1638=FACE_BOUND('',#1438,.T.);
#1639=FACE_BOUND('',#1439,.T.);
#1640=FACE_BOUND('',#1440,.T.);
#1641=FACE_BOUND('',#1441,.T.);
#1642=FACE_BOUND('',#1442,.T.);
#1643=FACE_BOUND('',#1443,.T.);
#1644=FACE_BOUND('',#1444,.T.);
#1645=FACE_BOUND('',#1445,.T.);
#1646=FACE_BOUND('',#1446,.T.);
#1647=FACE_BOUND('',#1447,.T.);
#1648=FACE_BOUND('',#1448,.T.);
#1649=FACE_BOUND('',#1449,.T.);
#1650=FACE_BOUND('',#1450,.T.);
#1651=FACE_BOUND('',#1451,.T.);
#1652=FACE_BOUND('',#1452,.T.);
#1653=FACE_BOUND('',#1453,.T.);
#1654=FACE_BOUND('',#1454,.T.);
#1655=FACE_BOUND('',#1455,.T.);
#1656=FACE_BOUND('',#1456,.T.);
#1657=FACE_BOUND('',#1457,.T.);
#1658=FACE_BOUND('',#1458,.T.);
#1659=FACE_BOUND('',#1459,.T.);
#1660=FACE_BOUND('',#1460,.T.);
#1661=FACE_BOUND('',#1461,.T.);
#1662=FACE_BOUND('',#1462,.T.);
#1663=FACE_BOUND('',#1463,.T.);
#1664=FACE_BOUND('',#1464,.T.);
#1665=FACE_BOUND('',#1465,.T.);
#1666=FACE_BOUND('',#1466,.T.);
#1667=FACE_BOUND('',#1467,.T.);
#1668=FACE_BOUND('',#1468,.T.);
#1669=FACE_BOUND('',#1469,.T.);
#1670=FACE_BOUND('',#1470,.T.);
#1671=FACE_BOUND('',#1471,.T.);
#1672=FACE_BOUND('',#1472,.T.);
#1673=FACE_BOUND('',#1473,.T.);
#1674=FACE_BOUND('',#1474,.T.);
#1675=FACE_BOUND('',#1475,.T.);
#1676=FACE_BOUND('',#1476,.T.);
#1677=FACE_BOUND('',#1477,.T.);
#1678=FACE_BOUND('',#1478,.T.);
#1679=FACE_BOUND('',#1479,.T.);
#1680=FACE_BOUND('',#1480,.T.);
#1681=FACE_BOUND('',#1481,.T.);
#1682=FACE_BOUND('',#1482,.T.);
#1683=FACE_BOUND('',#1483,.T.);
#1684=FACE_BOUND('',#1484,.T.);
#1685=FACE_BOUND('',#1485,.T.);
#1686=FACE_BOUND('',#1486,.T.);
#1687=FACE_BOUND('',#1487,.T.);
#1688=FACE_BOUND('',#1488,.T.);
#1689=FACE_BOUND('',#1489,.T.);
#1690=FACE_BOUND('',#1490,.T.);
#1691=FACE_BOUND('',#1491,.T.);
#1692=FACE_BOUND('',#1492,.T.);
#1693=FACE_BOUND('',#1493,.T.);
#1694=FACE_BOUND('',#1494,.T.);
#1695=FACE_BOUND('',#1495,.T.);
#1696=FACE_BOUND('',#1496,.T.);
#1697=FACE_BOUND('',#1497,.T.);
#1698=FACE_BOUND('',#60,.T.);
#1699=FACE_BOUND('',#1498,.T.);
#1700=FACE_BOUND('',#1499,.T.);
#1701=FACE_BOUND('',#1500,.T.);
#1702=FACE_BOUND('',#1501,.T.);
#1703=FACE_BOUND('',#1502,.T.);
#1704=FACE_BOUND('',#1503,.T.);
#1705=FACE_BOUND('',#1504,.T.);
#1706=FACE_BOUND('',#1505,.T.);
#1707=FACE_BOUND('',#1506,.T.);
#1708=FACE_BOUND('',#1507,.T.);
#1709=FACE_BOUND('',#1508,.T.);
#1710=FACE_BOUND('',#1509,.T.);
#1711=FACE_BOUND('',#1510,.T.);
#1712=FACE_BOUND('',#1511,.T.);
#1713=FACE_BOUND('',#1512,.T.);
#1714=FACE_BOUND('',#1513,.T.);
#1715=FACE_BOUND('',#1514,.T.);
#1716=FACE_BOUND('',#1515,.T.);
#1717=FACE_BOUND('',#1516,.T.);
#1718=FACE_BOUND('',#1517,.T.);
#1719=FACE_BOUND('',#1518,.T.);
#1720=FACE_BOUND('',#1519,.T.);
#1721=FACE_BOUND('',#1520,.T.);
#1722=FACE_BOUND('',#1521,.T.);
#1723=FACE_BOUND('',#61,.T.);
#1724=FACE_BOUND('',#1522,.T.);
#1725=FACE_BOUND('',#1523,.T.);
#1726=FACE_BOUND('',#1524,.T.);
#1727=FACE_BOUND('',#1525,.T.);
#1728=FACE_BOUND('',#1526,.T.);
#1729=FACE_BOUND('',#1527,.T.);
#1730=FACE_BOUND('',#1528,.T.);
#1731=FACE_BOUND('',#1529,.T.);
#1732=FACE_BOUND('',#1530,.T.);
#1733=FACE_BOUND('',#1531,.T.);
#1734=FACE_BOUND('',#1532,.T.);
#1735=FACE_BOUND('',#1533,.T.);
#1736=FACE_BOUND('',#1534,.T.);
#1737=FACE_BOUND('',#1535,.T.);
#1738=FACE_BOUND('',#1536,.T.);
#1739=FACE_BOUND('',#1537,.T.);
#1740=FACE_BOUND('',#1538,.T.);
#1741=FACE_BOUND('',#1539,.T.);
#1742=FACE_BOUND('',#1540,.T.);
#1743=FACE_BOUND('',#1541,.T.);
#1744=FACE_BOUND('',#1542,.T.);
#1745=FACE_BOUND('',#1543,.T.);
#1746=FACE_BOUND('',#1544,.T.);
#1747=FACE_BOUND('',#1545,.T.);
#1748=FACE_BOUND('',#1546,.T.);
#1749=FACE_BOUND('',#1547,.T.);
#1750=FACE_BOUND('',#1548,.T.);
#1751=FACE_BOUND('',#1549,.T.);
#1752=FACE_BOUND('',#1550,.T.);
#1753=FACE_BOUND('',#1551,.T.);
#1754=FACE_BOUND('',#1552,.T.);
#1755=FACE_BOUND('',#1553,.T.);
#1756=FACE_BOUND('',#62,.T.);
#1757=FACE_BOUND('',#1554,.T.);
#1758=FACE_BOUND('',#1555,.T.);
#1759=FACE_BOUND('',#1556,.T.);
#1760=FACE_BOUND('',#63,.T.);
#1761=FACE_BOUND('',#1557,.T.);
#1762=FACE_BOUND('',#1558,.T.);
#1763=FACE_BOUND('',#1559,.T.);
#1764=FACE_BOUND('',#1560,.T.);
#1765=FACE_BOUND('',#1561,.T.);
#1766=FACE_BOUND('',#1562,.T.);
#1767=FACE_BOUND('',#1563,.T.);
#1768=FACE_BOUND('',#1564,.T.);
#1769=FACE_BOUND('',#1565,.T.);
#1770=FACE_BOUND('',#1566,.T.);
#1771=FACE_BOUND('',#1567,.T.);
#1772=FACE_BOUND('',#1568,.T.);
#1773=FACE_BOUND('',#1569,.T.);
#1774=FACE_BOUND('',#1570,.T.);
#1775=FACE_BOUND('',#1571,.T.);
#1776=FACE_BOUND('',#1572,.T.);
#1777=FACE_BOUND('',#1573,.T.);
#1778=FACE_BOUND('',#1574,.T.);
#1779=FACE_BOUND('',#1575,.T.);
#1780=FACE_BOUND('',#1576,.T.);
#1781=FACE_BOUND('',#1577,.T.);
#1782=FACE_BOUND('',#1578,.T.);
#1783=FACE_BOUND('',#1579,.T.);
#1784=FACE_BOUND('',#1580,.T.);
#1785=FACE_BOUND('',#1581,.T.);
#1786=FACE_BOUND('',#1582,.T.);
#1787=FACE_BOUND('',#1583,.T.);
#1788=FACE_BOUND('',#1584,.T.);
#1789=FACE_BOUND('',#1585,.T.);
#1790=FACE_BOUND('',#1586,.T.);
#1791=FACE_BOUND('',#1587,.T.);
#1792=FACE_BOUND('',#1588,.T.);
#1793=FACE_BOUND('',#1589,.T.);
#1794=FACE_BOUND('',#1590,.T.);
#1795=FACE_BOUND('',#1591,.T.);
#1796=FACE_BOUND('',#1592,.T.);
#1797=FACE_BOUND('',#1593,.T.);
#1798=FACE_BOUND('',#1594,.T.);
#1799=FACE_BOUND('',#1595,.T.);
#1800=FACE_BOUND('',#1596,.T.);
#1801=FACE_BOUND('',#1597,.T.);
#1802=FACE_BOUND('',#1598,.T.);
#1803=FACE_BOUND('',#1599,.T.);
#1804=FACE_BOUND('',#1600,.T.);
#1805=FACE_BOUND('',#1601,.T.);
#1806=FACE_BOUND('',#1602,.T.);
#1807=PLANE('',#2703);
#1808=PLANE('',#2707);
#1809=PLANE('',#2711);
#1810=PLANE('',#2714);
#1811=PLANE('',#2717);
#1812=PLANE('',#2720);
#1813=PLANE('',#2723);
#1814=PLANE('',#2724);
#1815=PLANE('',#2725);
#1816=PLANE('',#2726);
#1817=PLANE('',#2727);
#1818=PLANE('',#2734);
#1819=PLANE('',#2736);
#1820=PLANE('',#2738);
#1821=PLANE('',#2739);
#1822=PLANE('',#2740);
#1823=PLANE('',#2741);
#1824=PLANE('',#2743);
#1825=PLANE('',#2744);
#1826=PLANE('',#2746);
#1827=PLANE('',#2748);
#1828=PLANE('',#2750);
#1829=PLANE('',#2751);
#1830=PLANE('',#2753);
#1831=PLANE('',#2754);
#1832=PLANE('',#2756);
#1833=PLANE('',#2758);
#1834=PLANE('',#2760);
#1835=PLANE('',#2761);
#1836=PLANE('',#2767);
#1837=PLANE('',#2771);
#1838=PLANE('',#2772);
#1839=PLANE('',#2778);
#1840=PLANE('',#2782);
#1841=PLANE('',#2785);
#1842=PLANE('',#2789);
#1843=PLANE('',#2793);
#1844=PLANE('',#2797);
#1845=PLANE('',#2803);
#1846=PLANE('',#2815);
#1847=PLANE('',#2816);
#1848=PLANE('',#2817);
#1849=PLANE('',#2818);
#1850=PLANE('',#2819);
#1851=PLANE('',#2820);
#1852=PLANE('',#2821);
#1853=PLANE('',#2822);
#1854=PLANE('',#2826);
#1855=PLANE('',#2838);
#1856=PLANE('',#2839);
#1857=PLANE('',#2840);
#1858=PLANE('',#2841);
#1859=PLANE('',#2842);
#1860=PLANE('',#2843);
#1861=PLANE('',#2844);
#1862=PLANE('',#2845);
#1863=PLANE('',#2848);
#1864=PLANE('',#2852);
#1865=PLANE('',#2862);
#1866=PLANE('',#2872);
#1867=PLANE('',#2883);
#1868=PLANE('',#2887);
#1869=PLANE('',#2888);
#1870=PLANE('',#2889);
#1871=PLANE('',#2890);
#1872=PLANE('',#2891);
#1873=PLANE('',#2898);
#1874=PLANE('',#2899);
#1875=PLANE('',#2900);
#1876=PLANE('',#2901);
#1877=PLANE('',#2902);
#1878=PLANE('',#2903);
#1879=PLANE('',#2916);
#1880=PLANE('',#2922);
#1881=STYLED_ITEM('',(#1978),#2561);
#1882=STYLED_ITEM('',(#1979),#2562);
#1883=STYLED_ITEM('',(#1980),#2563);
#1884=STYLED_ITEM('',(#1981),#2564);
#1885=STYLED_ITEM('',(#1982),#2565);
#1886=STYLED_ITEM('',(#1983),#2566);
#1887=STYLED_ITEM('',(#1984),#2567);
#1888=STYLED_ITEM('',(#1985),#2568);
#1889=STYLED_ITEM('',(#1986),#2569);
#1890=STYLED_ITEM('',(#1987),#2570);
#1891=STYLED_ITEM('',(#1988),#2571);
#1892=STYLED_ITEM('',(#1989),#2572);
#1893=STYLED_ITEM('',(#1990),#2573);
#1894=STYLED_ITEM('',(#1991),#2574);
#1895=STYLED_ITEM('',(#1992),#2575);
#1896=STYLED_ITEM('',(#1993),#2576);
#1897=STYLED_ITEM('',(#1994),#2577);
#1898=STYLED_ITEM('',(#1995),#2578);
#1899=STYLED_ITEM('',(#1996),#2579);
#1900=STYLED_ITEM('',(#1997),#2580);
#1901=STYLED_ITEM('',(#1998),#2581);
#1902=STYLED_ITEM('',(#1999),#2582);
#1903=STYLED_ITEM('',(#2000),#2583);
#1904=STYLED_ITEM('',(#2001),#2584);
#1905=STYLED_ITEM('',(#2002),#2585);
#1906=STYLED_ITEM('',(#2003),#2586);
#1907=STYLED_ITEM('',(#2004),#2587);
#1908=STYLED_ITEM('',(#2005),#2588);
#1909=STYLED_ITEM('',(#2006),#2589);
#1910=STYLED_ITEM('',(#2007),#2590);
#1911=STYLED_ITEM('',(#2008),#2591);
#1912=STYLED_ITEM('',(#2009),#2592);
#1913=STYLED_ITEM('',(#2010),#2593);
#1914=STYLED_ITEM('',(#2011),#2594);
#1915=STYLED_ITEM('',(#2012),#2595);
#1916=STYLED_ITEM('',(#2013),#2596);
#1917=STYLED_ITEM('',(#2014),#2597);
#1918=STYLED_ITEM('',(#2015),#2598);
#1919=STYLED_ITEM('',(#2016),#2599);
#1920=STYLED_ITEM('',(#2017),#2600);
#1921=STYLED_ITEM('',(#2018),#2601);
#1922=STYLED_ITEM('',(#2019),#2602);
#1923=STYLED_ITEM('',(#2020),#2603);
#1924=STYLED_ITEM('',(#2021),#2604);
#1925=STYLED_ITEM('',(#2022),#2605);
#1926=STYLED_ITEM('',(#2023),#2606);
#1927=STYLED_ITEM('',(#2024),#2607);
#1928=STYLED_ITEM('',(#2025),#2608);
#1929=STYLED_ITEM('',(#2026),#2609);
#1930=STYLED_ITEM('',(#2027),#2610);
#1931=STYLED_ITEM('',(#2028),#2611);
#1932=STYLED_ITEM('',(#2029),#2612);
#1933=STYLED_ITEM('',(#2030),#2613);
#1934=STYLED_ITEM('',(#2031),#2614);
#1935=STYLED_ITEM('',(#2032),#2615);
#1936=STYLED_ITEM('',(#2033),#2616);
#1937=STYLED_ITEM('',(#2034),#2617);
#1938=STYLED_ITEM('',(#2035),#2618);
#1939=STYLED_ITEM('',(#2036),#2619);
#1940=STYLED_ITEM('',(#2037),#2620);
#1941=STYLED_ITEM('',(#2038),#2621);
#1942=STYLED_ITEM('',(#2039),#2622);
#1943=STYLED_ITEM('',(#2040),#2623);
#1944=STYLED_ITEM('',(#2041),#2624);
#1945=STYLED_ITEM('',(#2042),#2625);
#1946=STYLED_ITEM('',(#2043),#2626);
#1947=STYLED_ITEM('',(#2044),#2627);
#1948=STYLED_ITEM('',(#2045),#2628);
#1949=STYLED_ITEM('',(#2046),#2629);
#1950=STYLED_ITEM('',(#2047),#2630);
#1951=STYLED_ITEM('',(#2048),#2631);
#1952=STYLED_ITEM('',(#2049),#2632);
#1953=STYLED_ITEM('',(#2050),#2633);
#1954=STYLED_ITEM('',(#2051),#2634);
#1955=STYLED_ITEM('',(#2052),#2635);
#1956=STYLED_ITEM('',(#2053),#2636);
#1957=STYLED_ITEM('',(#2054),#2637);
#1958=STYLED_ITEM('',(#2055),#2638);
#1959=STYLED_ITEM('',(#2056),#2639);
#1960=STYLED_ITEM('',(#2057),#2640);
#1961=STYLED_ITEM('',(#2058),#2641);
#1962=STYLED_ITEM('',(#2059),#2642);
#1963=STYLED_ITEM('',(#2060),#2643);
#1964=STYLED_ITEM('',(#2061),#2644);
#1965=STYLED_ITEM('',(#2062),#2645);
#1966=STYLED_ITEM('',(#2063),#2646);
#1967=STYLED_ITEM('',(#2064),#2647);
#1968=STYLED_ITEM('',(#2065),#2648);
#1969=STYLED_ITEM('',(#2066),#2649);
#1970=STYLED_ITEM('',(#2067),#2650);
#1971=STYLED_ITEM('',(#2068),#2651);
#1972=STYLED_ITEM('',(#2069),#2652);
#1973=STYLED_ITEM('',(#2070),#2653);
#1974=STYLED_ITEM('',(#2071),#2654);
#1975=STYLED_ITEM('',(#2072),#2655);
#1976=STYLED_ITEM('',(#2073),#2656);
#1977=STYLED_ITEM('',(#2074),#2695);
#1978=PRESENTATION_STYLE_ASSIGNMENT((#2075));
#1979=PRESENTATION_STYLE_ASSIGNMENT((#2076));
#1980=PRESENTATION_STYLE_ASSIGNMENT((#2077));
#1981=PRESENTATION_STYLE_ASSIGNMENT((#2078));
#1982=PRESENTATION_STYLE_ASSIGNMENT((#2079));
#1983=PRESENTATION_STYLE_ASSIGNMENT((#2080));
#1984=PRESENTATION_STYLE_ASSIGNMENT((#2081));
#1985=PRESENTATION_STYLE_ASSIGNMENT((#2082));
#1986=PRESENTATION_STYLE_ASSIGNMENT((#2083));
#1987=PRESENTATION_STYLE_ASSIGNMENT((#2084));
#1988=PRESENTATION_STYLE_ASSIGNMENT((#2085));
#1989=PRESENTATION_STYLE_ASSIGNMENT((#2086));
#1990=PRESENTATION_STYLE_ASSIGNMENT((#2087));
#1991=PRESENTATION_STYLE_ASSIGNMENT((#2088));
#1992=PRESENTATION_STYLE_ASSIGNMENT((#2089));
#1993=PRESENTATION_STYLE_ASSIGNMENT((#2090));
#1994=PRESENTATION_STYLE_ASSIGNMENT((#2091));
#1995=PRESENTATION_STYLE_ASSIGNMENT((#2092));
#1996=PRESENTATION_STYLE_ASSIGNMENT((#2093));
#1997=PRESENTATION_STYLE_ASSIGNMENT((#2094));
#1998=PRESENTATION_STYLE_ASSIGNMENT((#2095));
#1999=PRESENTATION_STYLE_ASSIGNMENT((#2096));
#2000=PRESENTATION_STYLE_ASSIGNMENT((#2097));
#2001=PRESENTATION_STYLE_ASSIGNMENT((#2098));
#2002=PRESENTATION_STYLE_ASSIGNMENT((#2099));
#2003=PRESENTATION_STYLE_ASSIGNMENT((#2100));
#2004=PRESENTATION_STYLE_ASSIGNMENT((#2101));
#2005=PRESENTATION_STYLE_ASSIGNMENT((#2102));
#2006=PRESENTATION_STYLE_ASSIGNMENT((#2103));
#2007=PRESENTATION_STYLE_ASSIGNMENT((#2104));
#2008=PRESENTATION_STYLE_ASSIGNMENT((#2105));
#2009=PRESENTATION_STYLE_ASSIGNMENT((#2106));
#2010=PRESENTATION_STYLE_ASSIGNMENT((#2107));
#2011=PRESENTATION_STYLE_ASSIGNMENT((#2108));
#2012=PRESENTATION_STYLE_ASSIGNMENT((#2109));
#2013=PRESENTATION_STYLE_ASSIGNMENT((#2110));
#2014=PRESENTATION_STYLE_ASSIGNMENT((#2111));
#2015=PRESENTATION_STYLE_ASSIGNMENT((#2112));
#2016=PRESENTATION_STYLE_ASSIGNMENT((#2113));
#2017=PRESENTATION_STYLE_ASSIGNMENT((#2114));
#2018=PRESENTATION_STYLE_ASSIGNMENT((#2115));
#2019=PRESENTATION_STYLE_ASSIGNMENT((#2116));
#2020=PRESENTATION_STYLE_ASSIGNMENT((#2117));
#2021=PRESENTATION_STYLE_ASSIGNMENT((#2118));
#2022=PRESENTATION_STYLE_ASSIGNMENT((#2119));
#2023=PRESENTATION_STYLE_ASSIGNMENT((#2120));
#2024=PRESENTATION_STYLE_ASSIGNMENT((#2121));
#2025=PRESENTATION_STYLE_ASSIGNMENT((#2122));
#2026=PRESENTATION_STYLE_ASSIGNMENT((#2123));
#2027=PRESENTATION_STYLE_ASSIGNMENT((#2124));
#2028=PRESENTATION_STYLE_ASSIGNMENT((#2125));
#2029=PRESENTATION_STYLE_ASSIGNMENT((#2126));
#2030=PRESENTATION_STYLE_ASSIGNMENT((#2127));
#2031=PRESENTATION_STYLE_ASSIGNMENT((#2128));
#2032=PRESENTATION_STYLE_ASSIGNMENT((#2129));
#2033=PRESENTATION_STYLE_ASSIGNMENT((#2130));
#2034=PRESENTATION_STYLE_ASSIGNMENT((#2131));
#2035=PRESENTATION_STYLE_ASSIGNMENT((#2132));
#2036=PRESENTATION_STYLE_ASSIGNMENT((#2133));
#2037=PRESENTATION_STYLE_ASSIGNMENT((#2134));
#2038=PRESENTATION_STYLE_ASSIGNMENT((#2135));
#2039=PRESENTATION_STYLE_ASSIGNMENT((#2136));
#2040=PRESENTATION_STYLE_ASSIGNMENT((#2137));
#2041=PRESENTATION_STYLE_ASSIGNMENT((#2138));
#2042=PRESENTATION_STYLE_ASSIGNMENT((#2139));
#2043=PRESENTATION_STYLE_ASSIGNMENT((#2140));
#2044=PRESENTATION_STYLE_ASSIGNMENT((#2141));
#2045=PRESENTATION_STYLE_ASSIGNMENT((#2142));
#2046=PRESENTATION_STYLE_ASSIGNMENT((#2143));
#2047=PRESENTATION_STYLE_ASSIGNMENT((#2144));
#2048=PRESENTATION_STYLE_ASSIGNMENT((#2145));
#2049=PRESENTATION_STYLE_ASSIGNMENT((#2146));
#2050=PRESENTATION_STYLE_ASSIGNMENT((#2147));
#2051=PRESENTATION_STYLE_ASSIGNMENT((#2148));
#2052=PRESENTATION_STYLE_ASSIGNMENT((#2149));
#2053=PRESENTATION_STYLE_ASSIGNMENT((#2150));
#2054=PRESENTATION_STYLE_ASSIGNMENT((#2151));
#2055=PRESENTATION_STYLE_ASSIGNMENT((#2152));
#2056=PRESENTATION_STYLE_ASSIGNMENT((#2153));
#2057=PRESENTATION_STYLE_ASSIGNMENT((#2154));
#2058=PRESENTATION_STYLE_ASSIGNMENT((#2155));
#2059=PRESENTATION_STYLE_ASSIGNMENT((#2156));
#2060=PRESENTATION_STYLE_ASSIGNMENT((#2157));
#2061=PRESENTATION_STYLE_ASSIGNMENT((#2158));
#2062=PRESENTATION_STYLE_ASSIGNMENT((#2159));
#2063=PRESENTATION_STYLE_ASSIGNMENT((#2160));
#2064=PRESENTATION_STYLE_ASSIGNMENT((#2161));
#2065=PRESENTATION_STYLE_ASSIGNMENT((#2162));
#2066=PRESENTATION_STYLE_ASSIGNMENT((#2163));
#2067=PRESENTATION_STYLE_ASSIGNMENT((#2164));
#2068=PRESENTATION_STYLE_ASSIGNMENT((#2165));
#2069=PRESENTATION_STYLE_ASSIGNMENT((#2166));
#2070=PRESENTATION_STYLE_ASSIGNMENT((#2167));
#2071=PRESENTATION_STYLE_ASSIGNMENT((#2168));
#2072=PRESENTATION_STYLE_ASSIGNMENT((#2169));
#2073=PRESENTATION_STYLE_ASSIGNMENT((#2170));
#2074=PRESENTATION_STYLE_ASSIGNMENT((#2171));
#2075=SURFACE_STYLE_USAGE(.BOTH.,#2172);
#2076=SURFACE_STYLE_USAGE(.BOTH.,#2173);
#2077=SURFACE_STYLE_USAGE(.BOTH.,#2174);
#2078=SURFACE_STYLE_USAGE(.BOTH.,#2175);
#2079=SURFACE_STYLE_USAGE(.BOTH.,#2176);
#2080=SURFACE_STYLE_USAGE(.BOTH.,#2177);
#2081=SURFACE_STYLE_USAGE(.BOTH.,#2178);
#2082=SURFACE_STYLE_USAGE(.BOTH.,#2179);
#2083=SURFACE_STYLE_USAGE(.BOTH.,#2180);
#2084=SURFACE_STYLE_USAGE(.BOTH.,#2181);
#2085=SURFACE_STYLE_USAGE(.BOTH.,#2182);
#2086=SURFACE_STYLE_USAGE(.BOTH.,#2183);
#2087=SURFACE_STYLE_USAGE(.BOTH.,#2184);
#2088=SURFACE_STYLE_USAGE(.BOTH.,#2185);
#2089=SURFACE_STYLE_USAGE(.BOTH.,#2186);
#2090=SURFACE_STYLE_USAGE(.BOTH.,#2187);
#2091=SURFACE_STYLE_USAGE(.BOTH.,#2188);
#2092=SURFACE_STYLE_USAGE(.BOTH.,#2189);
#2093=SURFACE_STYLE_USAGE(.BOTH.,#2190);
#2094=SURFACE_STYLE_USAGE(.BOTH.,#2191);
#2095=SURFACE_STYLE_USAGE(.BOTH.,#2192);
#2096=SURFACE_STYLE_USAGE(.BOTH.,#2193);
#2097=SURFACE_STYLE_USAGE(.BOTH.,#2194);
#2098=SURFACE_STYLE_USAGE(.BOTH.,#2195);
#2099=SURFACE_STYLE_USAGE(.BOTH.,#2196);
#2100=SURFACE_STYLE_USAGE(.BOTH.,#2197);
#2101=SURFACE_STYLE_USAGE(.BOTH.,#2198);
#2102=SURFACE_STYLE_USAGE(.BOTH.,#2199);
#2103=SURFACE_STYLE_USAGE(.BOTH.,#2200);
#2104=SURFACE_STYLE_USAGE(.BOTH.,#2201);
#2105=SURFACE_STYLE_USAGE(.BOTH.,#2202);
#2106=SURFACE_STYLE_USAGE(.BOTH.,#2203);
#2107=SURFACE_STYLE_USAGE(.BOTH.,#2204);
#2108=SURFACE_STYLE_USAGE(.BOTH.,#2205);
#2109=SURFACE_STYLE_USAGE(.BOTH.,#2206);
#2110=SURFACE_STYLE_USAGE(.BOTH.,#2207);
#2111=SURFACE_STYLE_USAGE(.BOTH.,#2208);
#2112=SURFACE_STYLE_USAGE(.BOTH.,#2209);
#2113=SURFACE_STYLE_USAGE(.BOTH.,#2210);
#2114=SURFACE_STYLE_USAGE(.BOTH.,#2211);
#2115=SURFACE_STYLE_USAGE(.BOTH.,#2212);
#2116=SURFACE_STYLE_USAGE(.BOTH.,#2213);
#2117=SURFACE_STYLE_USAGE(.BOTH.,#2214);
#2118=SURFACE_STYLE_USAGE(.BOTH.,#2215);
#2119=SURFACE_STYLE_USAGE(.BOTH.,#2216);
#2120=SURFACE_STYLE_USAGE(.BOTH.,#2217);
#2121=SURFACE_STYLE_USAGE(.BOTH.,#2218);
#2122=SURFACE_STYLE_USAGE(.BOTH.,#2219);
#2123=SURFACE_STYLE_USAGE(.BOTH.,#2220);
#2124=SURFACE_STYLE_USAGE(.BOTH.,#2221);
#2125=SURFACE_STYLE_USAGE(.BOTH.,#2222);
#2126=SURFACE_STYLE_USAGE(.BOTH.,#2223);
#2127=SURFACE_STYLE_USAGE(.BOTH.,#2224);
#2128=SURFACE_STYLE_USAGE(.BOTH.,#2225);
#2129=SURFACE_STYLE_USAGE(.BOTH.,#2226);
#2130=SURFACE_STYLE_USAGE(.BOTH.,#2227);
#2131=SURFACE_STYLE_USAGE(.BOTH.,#2228);
#2132=SURFACE_STYLE_USAGE(.BOTH.,#2229);
#2133=SURFACE_STYLE_USAGE(.BOTH.,#2230);
#2134=SURFACE_STYLE_USAGE(.BOTH.,#2231);
#2135=SURFACE_STYLE_USAGE(.BOTH.,#2232);
#2136=SURFACE_STYLE_USAGE(.BOTH.,#2233);
#2137=SURFACE_STYLE_USAGE(.BOTH.,#2234);
#2138=SURFACE_STYLE_USAGE(.BOTH.,#2235);
#2139=SURFACE_STYLE_USAGE(.BOTH.,#2236);
#2140=SURFACE_STYLE_USAGE(.BOTH.,#2237);
#2141=SURFACE_STYLE_USAGE(.BOTH.,#2238);
#2142=SURFACE_STYLE_USAGE(.BOTH.,#2239);
#2143=SURFACE_STYLE_USAGE(.BOTH.,#2240);
#2144=SURFACE_STYLE_USAGE(.BOTH.,#2241);
#2145=SURFACE_STYLE_USAGE(.BOTH.,#2242);
#2146=SURFACE_STYLE_USAGE(.BOTH.,#2243);
#2147=SURFACE_STYLE_USAGE(.BOTH.,#2244);
#2148=SURFACE_STYLE_USAGE(.BOTH.,#2245);
#2149=SURFACE_STYLE_USAGE(.BOTH.,#2246);
#2150=SURFACE_STYLE_USAGE(.BOTH.,#2247);
#2151=SURFACE_STYLE_USAGE(.BOTH.,#2248);
#2152=SURFACE_STYLE_USAGE(.BOTH.,#2249);
#2153=SURFACE_STYLE_USAGE(.BOTH.,#2250);
#2154=SURFACE_STYLE_USAGE(.BOTH.,#2251);
#2155=SURFACE_STYLE_USAGE(.BOTH.,#2252);
#2156=SURFACE_STYLE_USAGE(.BOTH.,#2253);
#2157=SURFACE_STYLE_USAGE(.BOTH.,#2254);
#2158=SURFACE_STYLE_USAGE(.BOTH.,#2255);
#2159=SURFACE_STYLE_USAGE(.BOTH.,#2256);
#2160=SURFACE_STYLE_USAGE(.BOTH.,#2257);
#2161=SURFACE_STYLE_USAGE(.BOTH.,#2258);
#2162=SURFACE_STYLE_USAGE(.BOTH.,#2259);
#2163=SURFACE_STYLE_USAGE(.BOTH.,#2260);
#2164=SURFACE_STYLE_USAGE(.BOTH.,#2261);
#2165=SURFACE_STYLE_USAGE(.BOTH.,#2262);
#2166=SURFACE_STYLE_USAGE(.BOTH.,#2263);
#2167=SURFACE_STYLE_USAGE(.BOTH.,#2264);
#2168=SURFACE_STYLE_USAGE(.BOTH.,#2265);
#2169=SURFACE_STYLE_USAGE(.BOTH.,#2266);
#2170=SURFACE_STYLE_USAGE(.BOTH.,#2267);
#2171=SURFACE_STYLE_USAGE(.BOTH.,#2268);
#2172=SURFACE_SIDE_STYLE('',(#2269));
#2173=SURFACE_SIDE_STYLE('',(#2270));
#2174=SURFACE_SIDE_STYLE('',(#2271));
#2175=SURFACE_SIDE_STYLE('',(#2272));
#2176=SURFACE_SIDE_STYLE('',(#2273));
#2177=SURFACE_SIDE_STYLE('',(#2274));
#2178=SURFACE_SIDE_STYLE('',(#2275));
#2179=SURFACE_SIDE_STYLE('',(#2276));
#2180=SURFACE_SIDE_STYLE('',(#2277));
#2181=SURFACE_SIDE_STYLE('',(#2278));
#2182=SURFACE_SIDE_STYLE('',(#2279));
#2183=SURFACE_SIDE_STYLE('',(#2280));
#2184=SURFACE_SIDE_STYLE('',(#2281));
#2185=SURFACE_SIDE_STYLE('',(#2282));
#2186=SURFACE_SIDE_STYLE('',(#2283));
#2187=SURFACE_SIDE_STYLE('',(#2284));
#2188=SURFACE_SIDE_STYLE('',(#2285));
#2189=SURFACE_SIDE_STYLE('',(#2286));
#2190=SURFACE_SIDE_STYLE('',(#2287));
#2191=SURFACE_SIDE_STYLE('',(#2288));
#2192=SURFACE_SIDE_STYLE('',(#2289));
#2193=SURFACE_SIDE_STYLE('',(#2290));
#2194=SURFACE_SIDE_STYLE('',(#2291));
#2195=SURFACE_SIDE_STYLE('',(#2292));
#2196=SURFACE_SIDE_STYLE('',(#2293));
#2197=SURFACE_SIDE_STYLE('',(#2294));
#2198=SURFACE_SIDE_STYLE('',(#2295));
#2199=SURFACE_SIDE_STYLE('',(#2296));
#2200=SURFACE_SIDE_STYLE('',(#2297));
#2201=SURFACE_SIDE_STYLE('',(#2298));
#2202=SURFACE_SIDE_STYLE('',(#2299));
#2203=SURFACE_SIDE_STYLE('',(#2300));
#2204=SURFACE_SIDE_STYLE('',(#2301));
#2205=SURFACE_SIDE_STYLE('',(#2302));
#2206=SURFACE_SIDE_STYLE('',(#2303));
#2207=SURFACE_SIDE_STYLE('',(#2304));
#2208=SURFACE_SIDE_STYLE('',(#2305));
#2209=SURFACE_SIDE_STYLE('',(#2306));
#2210=SURFACE_SIDE_STYLE('',(#2307));
#2211=SURFACE_SIDE_STYLE('',(#2308));
#2212=SURFACE_SIDE_STYLE('',(#2309));
#2213=SURFACE_SIDE_STYLE('',(#2310));
#2214=SURFACE_SIDE_STYLE('',(#2311));
#2215=SURFACE_SIDE_STYLE('',(#2312));
#2216=SURFACE_SIDE_STYLE('',(#2313));
#2217=SURFACE_SIDE_STYLE('',(#2314));
#2218=SURFACE_SIDE_STYLE('',(#2315));
#2219=SURFACE_SIDE_STYLE('',(#2316));
#2220=SURFACE_SIDE_STYLE('',(#2317));
#2221=SURFACE_SIDE_STYLE('',(#2318));
#2222=SURFACE_SIDE_STYLE('',(#2319));
#2223=SURFACE_SIDE_STYLE('',(#2320));
#2224=SURFACE_SIDE_STYLE('',(#2321));
#2225=SURFACE_SIDE_STYLE('',(#2322));
#2226=SURFACE_SIDE_STYLE('',(#2323));
#2227=SURFACE_SIDE_STYLE('',(#2324));
#2228=SURFACE_SIDE_STYLE('',(#2325));
#2229=SURFACE_SIDE_STYLE('',(#2326));
#2230=SURFACE_SIDE_STYLE('',(#2327));
#2231=SURFACE_SIDE_STYLE('',(#2328));
#2232=SURFACE_SIDE_STYLE('',(#2329));
#2233=SURFACE_SIDE_STYLE('',(#2330));
#2234=SURFACE_SIDE_STYLE('',(#2331));
#2235=SURFACE_SIDE_STYLE('',(#2332));
#2236=SURFACE_SIDE_STYLE('',(#2333));
#2237=SURFACE_SIDE_STYLE('',(#2334));
#2238=SURFACE_SIDE_STYLE('',(#2335));
#2239=SURFACE_SIDE_STYLE('',(#2336));
#2240=SURFACE_SIDE_STYLE('',(#2337));
#2241=SURFACE_SIDE_STYLE('',(#2338));
#2242=SURFACE_SIDE_STYLE('',(#2339));
#2243=SURFACE_SIDE_STYLE('',(#2340));
#2244=SURFACE_SIDE_STYLE('',(#2341));
#2245=SURFACE_SIDE_STYLE('',(#2342));
#2246=SURFACE_SIDE_STYLE('',(#2343));
#2247=SURFACE_SIDE_STYLE('',(#2344));
#2248=SURFACE_SIDE_STYLE('',(#2345));
#2249=SURFACE_SIDE_STYLE('',(#2346));
#2250=SURFACE_SIDE_STYLE('',(#2347));
#2251=SURFACE_SIDE_STYLE('',(#2348));
#2252=SURFACE_SIDE_STYLE('',(#2349));
#2253=SURFACE_SIDE_STYLE('',(#2350));
#2254=SURFACE_SIDE_STYLE('',(#2351));
#2255=SURFACE_SIDE_STYLE('',(#2352));
#2256=SURFACE_SIDE_STYLE('',(#2353));
#2257=SURFACE_SIDE_STYLE('',(#2354));
#2258=SURFACE_SIDE_STYLE('',(#2355));
#2259=SURFACE_SIDE_STYLE('',(#2356));
#2260=SURFACE_SIDE_STYLE('',(#2357));
#2261=SURFACE_SIDE_STYLE('',(#2358));
#2262=SURFACE_SIDE_STYLE('',(#2359));
#2263=SURFACE_SIDE_STYLE('',(#2360));
#2264=SURFACE_SIDE_STYLE('',(#2361));
#2265=SURFACE_SIDE_STYLE('',(#2362));
#2266=SURFACE_SIDE_STYLE('',(#2363));
#2267=SURFACE_SIDE_STYLE('',(#2364));
#2268=SURFACE_SIDE_STYLE('',(#2365));
#2269=SURFACE_STYLE_FILL_AREA(#2366);
#2270=SURFACE_STYLE_FILL_AREA(#2367);
#2271=SURFACE_STYLE_FILL_AREA(#2368);
#2272=SURFACE_STYLE_FILL_AREA(#2369);
#2273=SURFACE_STYLE_FILL_AREA(#2370);
#2274=SURFACE_STYLE_FILL_AREA(#2371);
#2275=SURFACE_STYLE_FILL_AREA(#2372);
#2276=SURFACE_STYLE_FILL_AREA(#2373);
#2277=SURFACE_STYLE_FILL_AREA(#2374);
#2278=SURFACE_STYLE_FILL_AREA(#2375);
#2279=SURFACE_STYLE_FILL_AREA(#2376);
#2280=SURFACE_STYLE_FILL_AREA(#2377);
#2281=SURFACE_STYLE_FILL_AREA(#2378);
#2282=SURFACE_STYLE_FILL_AREA(#2379);
#2283=SURFACE_STYLE_FILL_AREA(#2380);
#2284=SURFACE_STYLE_FILL_AREA(#2381);
#2285=SURFACE_STYLE_FILL_AREA(#2382);
#2286=SURFACE_STYLE_FILL_AREA(#2383);
#2287=SURFACE_STYLE_FILL_AREA(#2384);
#2288=SURFACE_STYLE_FILL_AREA(#2385);
#2289=SURFACE_STYLE_FILL_AREA(#2386);
#2290=SURFACE_STYLE_FILL_AREA(#2387);
#2291=SURFACE_STYLE_FILL_AREA(#2388);
#2292=SURFACE_STYLE_FILL_AREA(#2389);
#2293=SURFACE_STYLE_FILL_AREA(#2390);
#2294=SURFACE_STYLE_FILL_AREA(#2391);
#2295=SURFACE_STYLE_FILL_AREA(#2392);
#2296=SURFACE_STYLE_FILL_AREA(#2393);
#2297=SURFACE_STYLE_FILL_AREA(#2394);
#2298=SURFACE_STYLE_FILL_AREA(#2395);
#2299=SURFACE_STYLE_FILL_AREA(#2396);
#2300=SURFACE_STYLE_FILL_AREA(#2397);
#2301=SURFACE_STYLE_FILL_AREA(#2398);
#2302=SURFACE_STYLE_FILL_AREA(#2399);
#2303=SURFACE_STYLE_FILL_AREA(#2400);
#2304=SURFACE_STYLE_FILL_AREA(#2401);
#2305=SURFACE_STYLE_FILL_AREA(#2402);
#2306=SURFACE_STYLE_FILL_AREA(#2403);
#2307=SURFACE_STYLE_FILL_AREA(#2404);
#2308=SURFACE_STYLE_FILL_AREA(#2405);
#2309=SURFACE_STYLE_FILL_AREA(#2406);
#2310=SURFACE_STYLE_FILL_AREA(#2407);
#2311=SURFACE_STYLE_FILL_AREA(#2408);
#2312=SURFACE_STYLE_FILL_AREA(#2409);
#2313=SURFACE_STYLE_FILL_AREA(#2410);
#2314=SURFACE_STYLE_FILL_AREA(#2411);
#2315=SURFACE_STYLE_FILL_AREA(#2412);
#2316=SURFACE_STYLE_FILL_AREA(#2413);
#2317=SURFACE_STYLE_FILL_AREA(#2414);
#2318=SURFACE_STYLE_FILL_AREA(#2415);
#2319=SURFACE_STYLE_FILL_AREA(#2416);
#2320=SURFACE_STYLE_FILL_AREA(#2417);
#2321=SURFACE_STYLE_FILL_AREA(#2418);
#2322=SURFACE_STYLE_FILL_AREA(#2419);
#2323=SURFACE_STYLE_FILL_AREA(#2420);
#2324=SURFACE_STYLE_FILL_AREA(#2421);
#2325=SURFACE_STYLE_FILL_AREA(#2422);
#2326=SURFACE_STYLE_FILL_AREA(#2423);
#2327=SURFACE_STYLE_FILL_AREA(#2424);
#2328=SURFACE_STYLE_FILL_AREA(#2425);
#2329=SURFACE_STYLE_FILL_AREA(#2426);
#2330=SURFACE_STYLE_FILL_AREA(#2427);
#2331=SURFACE_STYLE_FILL_AREA(#2428);
#2332=SURFACE_STYLE_FILL_AREA(#2429);
#2333=SURFACE_STYLE_FILL_AREA(#2430);
#2334=SURFACE_STYLE_FILL_AREA(#2431);
#2335=SURFACE_STYLE_FILL_AREA(#2432);
#2336=SURFACE_STYLE_FILL_AREA(#2433);
#2337=SURFACE_STYLE_FILL_AREA(#2434);
#2338=SURFACE_STYLE_FILL_AREA(#2435);
#2339=SURFACE_STYLE_FILL_AREA(#2436);
#2340=SURFACE_STYLE_FILL_AREA(#2437);
#2341=SURFACE_STYLE_FILL_AREA(#2438);
#2342=SURFACE_STYLE_FILL_AREA(#2439);
#2343=SURFACE_STYLE_FILL_AREA(#2440);
#2344=SURFACE_STYLE_FILL_AREA(#2441);
#2345=SURFACE_STYLE_FILL_AREA(#2442);
#2346=SURFACE_STYLE_FILL_AREA(#2443);
#2347=SURFACE_STYLE_FILL_AREA(#2444);
#2348=SURFACE_STYLE_FILL_AREA(#2445);
#2349=SURFACE_STYLE_FILL_AREA(#2446);
#2350=SURFACE_STYLE_FILL_AREA(#2447);
#2351=SURFACE_STYLE_FILL_AREA(#2448);
#2352=SURFACE_STYLE_FILL_AREA(#2449);
#2353=SURFACE_STYLE_FILL_AREA(#2450);
#2354=SURFACE_STYLE_FILL_AREA(#2451);
#2355=SURFACE_STYLE_FILL_AREA(#2452);
#2356=SURFACE_STYLE_FILL_AREA(#2453);
#2357=SURFACE_STYLE_FILL_AREA(#2454);
#2358=SURFACE_STYLE_FILL_AREA(#2455);
#2359=SURFACE_STYLE_FILL_AREA(#2456);
#2360=SURFACE_STYLE_FILL_AREA(#2457);
#2361=SURFACE_STYLE_FILL_AREA(#2458);
#2362=SURFACE_STYLE_FILL_AREA(#2459);
#2363=SURFACE_STYLE_FILL_AREA(#2460);
#2364=SURFACE_STYLE_FILL_AREA(#2461);
#2365=SURFACE_STYLE_FILL_AREA(#2462);
#2366=FILL_AREA_STYLE('',(#2463));
#2367=FILL_AREA_STYLE('',(#2464));
#2368=FILL_AREA_STYLE('',(#2465));
#2369=FILL_AREA_STYLE('',(#2466));
#2370=FILL_AREA_STYLE('',(#2467));
#2371=FILL_AREA_STYLE('',(#2468));
#2372=FILL_AREA_STYLE('',(#2469));
#2373=FILL_AREA_STYLE('',(#2470));
#2374=FILL_AREA_STYLE('',(#2471));
#2375=FILL_AREA_STYLE('',(#2472));
#2376=FILL_AREA_STYLE('',(#2473));
#2377=FILL_AREA_STYLE('',(#2474));
#2378=FILL_AREA_STYLE('',(#2475));
#2379=FILL_AREA_STYLE('',(#2476));
#2380=FILL_AREA_STYLE('',(#2477));
#2381=FILL_AREA_STYLE('',(#2478));
#2382=FILL_AREA_STYLE('',(#2479));
#2383=FILL_AREA_STYLE('',(#2480));
#2384=FILL_AREA_STYLE('',(#2481));
#2385=FILL_AREA_STYLE('',(#2482));
#2386=FILL_AREA_STYLE('',(#2483));
#2387=FILL_AREA_STYLE('',(#2484));
#2388=FILL_AREA_STYLE('',(#2485));
#2389=FILL_AREA_STYLE('',(#2486));
#2390=FILL_AREA_STYLE('',(#2487));
#2391=FILL_AREA_STYLE('',(#2488));
#2392=FILL_AREA_STYLE('',(#2489));
#2393=FILL_AREA_STYLE('',(#2490));
#2394=FILL_AREA_STYLE('',(#2491));
#2395=FILL_AREA_STYLE('',(#2492));
#2396=FILL_AREA_STYLE('',(#2493));
#2397=FILL_AREA_STYLE('',(#2494));
#2398=FILL_AREA_STYLE('',(#2495));
#2399=FILL_AREA_STYLE('',(#2496));
#2400=FILL_AREA_STYLE('',(#2497));
#2401=FILL_AREA_STYLE('',(#2498));
#2402=FILL_AREA_STYLE('',(#2499));
#2403=FILL_AREA_STYLE('',(#2500));
#2404=FILL_AREA_STYLE('',(#2501));
#2405=FILL_AREA_STYLE('',(#2502));
#2406=FILL_AREA_STYLE('',(#2503));
#2407=FILL_AREA_STYLE('',(#2504));
#2408=FILL_AREA_STYLE('',(#2505));
#2409=FILL_AREA_STYLE('',(#2506));
#2410=FILL_AREA_STYLE('',(#2507));
#2411=FILL_AREA_STYLE('',(#2508));
#2412=FILL_AREA_STYLE('',(#2509));
#2413=FILL_AREA_STYLE('',(#2510));
#2414=FILL_AREA_STYLE('',(#2511));
#2415=FILL_AREA_STYLE('',(#2512));
#2416=FILL_AREA_STYLE('',(#2513));
#2417=FILL_AREA_STYLE('',(#2514));
#2418=FILL_AREA_STYLE('',(#2515));
#2419=FILL_AREA_STYLE('',(#2516));
#2420=FILL_AREA_STYLE('',(#2517));
#2421=FILL_AREA_STYLE('',(#2518));
#2422=FILL_AREA_STYLE('',(#2519));
#2423=FILL_AREA_STYLE('',(#2520));
#2424=FILL_AREA_STYLE('',(#2521));
#2425=FILL_AREA_STYLE('',(#2522));
#2426=FILL_AREA_STYLE('',(#2523));
#2427=FILL_AREA_STYLE('',(#2524));
#2428=FILL_AREA_STYLE('',(#2525));
#2429=FILL_AREA_STYLE('',(#2526));
#2430=FILL_AREA_STYLE('',(#2527));
#2431=FILL_AREA_STYLE('',(#2528));
#2432=FILL_AREA_STYLE('',(#2529));
#2433=FILL_AREA_STYLE('',(#2530));
#2434=FILL_AREA_STYLE('',(#2531));
#2435=FILL_AREA_STYLE('',(#2532));
#2436=FILL_AREA_STYLE('',(#2533));
#2437=FILL_AREA_STYLE('',(#2534));
#2438=FILL_AREA_STYLE('',(#2535));
#2439=FILL_AREA_STYLE('',(#2536));
#2440=FILL_AREA_STYLE('',(#2537));
#2441=FILL_AREA_STYLE('',(#2538));
#2442=FILL_AREA_STYLE('',(#2539));
#2443=FILL_AREA_STYLE('',(#2540));
#2444=FILL_AREA_STYLE('',(#2541));
#2445=FILL_AREA_STYLE('',(#2542));
#2446=FILL_AREA_STYLE('',(#2543));
#2447=FILL_AREA_STYLE('',(#2544));
#2448=FILL_AREA_STYLE('',(#2545));
#2449=FILL_AREA_STYLE('',(#2546));
#2450=FILL_AREA_STYLE('',(#2547));
#2451=FILL_AREA_STYLE('',(#2548));
#2452=FILL_AREA_STYLE('',(#2549));
#2453=FILL_AREA_STYLE('',(#2550));
#2454=FILL_AREA_STYLE('',(#2551));
#2455=FILL_AREA_STYLE('',(#2552));
#2456=FILL_AREA_STYLE('',(#2553));
#2457=FILL_AREA_STYLE('',(#2554));
#2458=FILL_AREA_STYLE('',(#2555));
#2459=FILL_AREA_STYLE('',(#2556));
#2460=FILL_AREA_STYLE('',(#2557));
#2461=FILL_AREA_STYLE('',(#2558));
#2462=FILL_AREA_STYLE('',(#2559));
#2463=FILL_AREA_STYLE_COLOUR('',#2560);
#2464=FILL_AREA_STYLE_COLOUR('',#2560);
#2465=FILL_AREA_STYLE_COLOUR('',#2560);
#2466=FILL_AREA_STYLE_COLOUR('',#2560);
#2467=FILL_AREA_STYLE_COLOUR('',#2560);
#2468=FILL_AREA_STYLE_COLOUR('',#2560);
#2469=FILL_AREA_STYLE_COLOUR('',#2560);
#2470=FILL_AREA_STYLE_COLOUR('',#2560);
#2471=FILL_AREA_STYLE_COLOUR('',#2560);
#2472=FILL_AREA_STYLE_COLOUR('',#2560);
#2473=FILL_AREA_STYLE_COLOUR('',#2560);
#2474=FILL_AREA_STYLE_COLOUR('',#2560);
#2475=FILL_AREA_STYLE_COLOUR('',#2560);
#2476=FILL_AREA_STYLE_COLOUR('',#2560);
#2477=FILL_AREA_STYLE_COLOUR('',#2560);
#2478=FILL_AREA_STYLE_COLOUR('',#2560);
#2479=FILL_AREA_STYLE_COLOUR('',#2560);
#2480=FILL_AREA_STYLE_COLOUR('',#2560);
#2481=FILL_AREA_STYLE_COLOUR('',#2560);
#2482=FILL_AREA_STYLE_COLOUR('',#2560);
#2483=FILL_AREA_STYLE_COLOUR('',#2560);
#2484=FILL_AREA_STYLE_COLOUR('',#2560);
#2485=FILL_AREA_STYLE_COLOUR('',#2560);
#2486=FILL_AREA_STYLE_COLOUR('',#2560);
#2487=FILL_AREA_STYLE_COLOUR('',#2560);
#2488=FILL_AREA_STYLE_COLOUR('',#2560);
#2489=FILL_AREA_STYLE_COLOUR('',#2560);
#2490=FILL_AREA_STYLE_COLOUR('',#2560);
#2491=FILL_AREA_STYLE_COLOUR('',#2560);
#2492=FILL_AREA_STYLE_COLOUR('',#2560);
#2493=FILL_AREA_STYLE_COLOUR('',#2560);
#2494=FILL_AREA_STYLE_COLOUR('',#2560);
#2495=FILL_AREA_STYLE_COLOUR('',#2560);
#2496=FILL_AREA_STYLE_COLOUR('',#2560);
#2497=FILL_AREA_STYLE_COLOUR('',#2560);
#2498=FILL_AREA_STYLE_COLOUR('',#2560);
#2499=FILL_AREA_STYLE_COLOUR('',#2560);
#2500=FILL_AREA_STYLE_COLOUR('',#2560);
#2501=FILL_AREA_STYLE_COLOUR('',#2560);
#2502=FILL_AREA_STYLE_COLOUR('',#2560);
#2503=FILL_AREA_STYLE_COLOUR('',#2560);
#2504=FILL_AREA_STYLE_COLOUR('',#2560);
#2505=FILL_AREA_STYLE_COLOUR('',#2560);
#2506=FILL_AREA_STYLE_COLOUR('',#2560);
#2507=FILL_AREA_STYLE_COLOUR('',#2560);
#2508=FILL_AREA_STYLE_COLOUR('',#2560);
#2509=FILL_AREA_STYLE_COLOUR('',#2560);
#2510=FILL_AREA_STYLE_COLOUR('',#2560);
#2511=FILL_AREA_STYLE_COLOUR('',#2560);
#2512=FILL_AREA_STYLE_COLOUR('',#2560);
#2513=FILL_AREA_STYLE_COLOUR('',#2560);
#2514=FILL_AREA_STYLE_COLOUR('',#90);
#2515=FILL_AREA_STYLE_COLOUR('',#2560);
#2516=FILL_AREA_STYLE_COLOUR('',#2560);
#2517=FILL_AREA_STYLE_COLOUR('',#2560);
#2518=FILL_AREA_STYLE_COLOUR('',#2560);
#2519=FILL_AREA_STYLE_COLOUR('',#2560);
#2520=FILL_AREA_STYLE_COLOUR('',#2560);
#2521=FILL_AREA_STYLE_COLOUR('',#2560);
#2522=FILL_AREA_STYLE_COLOUR('',#2560);
#2523=FILL_AREA_STYLE_COLOUR('',#2560);
#2524=FILL_AREA_STYLE_COLOUR('',#2560);
#2525=FILL_AREA_STYLE_COLOUR('',#2560);
#2526=FILL_AREA_STYLE_COLOUR('',#2560);
#2527=FILL_AREA_STYLE_COLOUR('',#2560);
#2528=FILL_AREA_STYLE_COLOUR('',#2560);
#2529=FILL_AREA_STYLE_COLOUR('',#2560);
#2530=FILL_AREA_STYLE_COLOUR('',#2560);
#2531=FILL_AREA_STYLE_COLOUR('',#2560);
#2532=FILL_AREA_STYLE_COLOUR('',#2560);
#2533=FILL_AREA_STYLE_COLOUR('',#2560);
#2534=FILL_AREA_STYLE_COLOUR('',#2560);
#2535=FILL_AREA_STYLE_COLOUR('',#2560);
#2536=FILL_AREA_STYLE_COLOUR('',#2560);
#2537=FILL_AREA_STYLE_COLOUR('',#2560);
#2538=FILL_AREA_STYLE_COLOUR('',#2560);
#2539=FILL_AREA_STYLE_COLOUR('',#2560);
#2540=FILL_AREA_STYLE_COLOUR('',#2560);
#2541=FILL_AREA_STYLE_COLOUR('',#2560);
#2542=FILL_AREA_STYLE_COLOUR('',#2560);
#2543=FILL_AREA_STYLE_COLOUR('',#2560);
#2544=FILL_AREA_STYLE_COLOUR('',#2560);
#2545=FILL_AREA_STYLE_COLOUR('',#2560);
#2546=FILL_AREA_STYLE_COLOUR('',#2560);
#2547=FILL_AREA_STYLE_COLOUR('',#2560);
#2548=FILL_AREA_STYLE_COLOUR('',#2560);
#2549=FILL_AREA_STYLE_COLOUR('',#2560);
#2550=FILL_AREA_STYLE_COLOUR('',#2560);
#2551=FILL_AREA_STYLE_COLOUR('',#2560);
#2552=FILL_AREA_STYLE_COLOUR('',#2560);
#2553=FILL_AREA_STYLE_COLOUR('',#2560);
#2554=FILL_AREA_STYLE_COLOUR('',#2560);
#2555=FILL_AREA_STYLE_COLOUR('',#2560);
#2556=FILL_AREA_STYLE_COLOUR('',#2560);
#2557=FILL_AREA_STYLE_COLOUR('',#2560);
#2558=FILL_AREA_STYLE_COLOUR('',#2560);
#2559=FILL_AREA_STYLE_COLOUR('',#91);
#2560=DRAUGHTING_PRE_DEFINED_COLOUR('black');
#2561=ADVANCED_FACE('',(#1603,#1604,#1605,#1606),#1807,.T.);
#2562=ADVANCED_FACE('',(#1607,#1608,#1609,#1610),#1808,.T.);
#2563=ADVANCED_FACE('',(#1611),#1809,.T.);
#2564=ADVANCED_FACE('',(#1612,#1613),#92,.F.);
#2565=ADVANCED_FACE('',(#1614),#1810,.T.);
#2566=ADVANCED_FACE('',(#1615,#1616),#93,.F.);
#2567=ADVANCED_FACE('',(#1617),#1811,.T.);
#2568=ADVANCED_FACE('',(#1618,#1619),#94,.F.);
#2569=ADVANCED_FACE('',(#1620),#1812,.T.);
#2570=ADVANCED_FACE('',(#1621,#1622),#95,.F.);
#2571=ADVANCED_FACE('',(#1623),#1813,.T.);
#2572=ADVANCED_FACE('',(#1624),#1814,.T.);
#2573=ADVANCED_FACE('',(#1625),#1815,.T.);
#2574=ADVANCED_FACE('',(#1626),#1816,.T.);
#2575=ADVANCED_FACE('',(#1627,#1628,#1629),#1817,.T.);
#2576=ADVANCED_FACE('',(#1630,#1631),#1818,.T.);
#2577=ADVANCED_FACE('',(#1632,#1633),#1819,.F.);
#2578=ADVANCED_FACE('',(#1634),#1820,.T.);
#2579=ADVANCED_FACE('',(#1635),#1821,.T.);
#2580=ADVANCED_FACE('',(#1636),#1822,.T.);
#2581=ADVANCED_FACE('',(#1637,#1638),#1823,.T.);
#2582=ADVANCED_FACE('',(#1639),#1824,.F.);
#2583=ADVANCED_FACE('',(#1640),#1825,.F.);
#2584=ADVANCED_FACE('',(#1641),#96,.F.);
#2585=ADVANCED_FACE('',(#1642,#1643),#1826,.T.);
#2586=ADVANCED_FACE('',(#1644),#1827,.F.);
#2587=ADVANCED_FACE('',(#1645),#97,.F.);
#2588=ADVANCED_FACE('',(#1646),#1828,.F.);
#2589=ADVANCED_FACE('',(#1647,#1648),#1829,.T.);
#2590=ADVANCED_FACE('',(#1649),#1830,.F.);
#2591=ADVANCED_FACE('',(#1650),#1831,.F.);
#2592=ADVANCED_FACE('',(#1651),#98,.F.);
#2593=ADVANCED_FACE('',(#1652,#1653),#1832,.T.);
#2594=ADVANCED_FACE('',(#1654),#1833,.F.);
#2595=ADVANCED_FACE('',(#1655),#99,.F.);
#2596=ADVANCED_FACE('',(#1656),#1834,.F.);
#2597=ADVANCED_FACE('',(#1657,#1658),#1835,.F.);
#2598=ADVANCED_FACE('',(#1659,#1660),#100,.F.);
#2599=ADVANCED_FACE('',(#1661,#1662),#101,.T.);
#2600=ADVANCED_FACE('',(#1663),#1836,.T.);
#2601=ADVANCED_FACE('',(#1664,#1665),#102,.F.);
#2602=ADVANCED_FACE('',(#1666,#1667),#1837,.T.);
#2603=ADVANCED_FACE('',(#1668,#1669),#1838,.F.);
#2604=ADVANCED_FACE('',(#1670,#1671),#103,.F.);
#2605=ADVANCED_FACE('',(#1672,#1673),#104,.T.);
#2606=ADVANCED_FACE('',(#1674),#1839,.T.);
#2607=ADVANCED_FACE('',(#1675,#1676),#105,.F.);
#2608=ADVANCED_FACE('',(#1677,#1678),#1840,.T.);
#2609=ADVANCED_FACE('',(#1679,#1680),#106,.F.);
#2610=ADVANCED_FACE('',(#1681,#1682),#1841,.T.);
#2611=ADVANCED_FACE('',(#1683,#1684),#107,.T.);
#2612=ADVANCED_FACE('',(#1685,#1686,#1687,#1688),#1842,.T.);
#2613=ADVANCED_FACE('',(#1689),#1843,.T.);
#2614=ADVANCED_FACE('',(#1690,#1691),#108,.F.);
#2615=ADVANCED_FACE('',(#1692,#1693),#1844,.T.);
#2616=ADVANCED_FACE('',(#1694,#1695),#109,.F.);
#2617=ADVANCED_FACE('',(#1696,#1697),#110,.F.);
#2618=ADVANCED_FACE('',(#1698,#1699),#64,.F.);
#2619=ADVANCED_FACE('',(#1700,#1701),#1845,.T.);
#2620=ADVANCED_FACE('',(#1702,#1703),#65,.F.);
#2621=ADVANCED_FACE('',(#1704,#1705),#111,.F.);
#2622=ADVANCED_FACE('',(#1706,#1707),#66,.F.);
#2623=ADVANCED_FACE('',(#1708,#1709),#112,.T.);
#2624=ADVANCED_FACE('',(#1710,#1711),#67,.T.);
#2625=ADVANCED_FACE('',(#1712,#1713),#1846,.F.);
#2626=ADVANCED_FACE('',(#1714),#1847,.F.);
#2627=ADVANCED_FACE('',(#1715),#1848,.F.);
#2628=ADVANCED_FACE('',(#1716),#1849,.F.);
#2629=ADVANCED_FACE('',(#1717),#1850,.F.);
#2630=ADVANCED_FACE('',(#1718),#1851,.F.);
#2631=ADVANCED_FACE('',(#1719),#1852,.F.);
#2632=ADVANCED_FACE('',(#1720),#1853,.T.);
#2633=ADVANCED_FACE('',(#1721,#1722),#113,.F.);
#2634=ADVANCED_FACE('',(#1723,#1724),#68,.F.);
#2635=ADVANCED_FACE('',(#1725,#1726),#1854,.T.);
#2636=ADVANCED_FACE('',(#1727,#1728),#69,.F.);
#2637=ADVANCED_FACE('',(#1729,#1730),#114,.F.);
#2638=ADVANCED_FACE('',(#1731,#1732),#70,.F.);
#2639=ADVANCED_FACE('',(#1733,#1734),#115,.T.);
#2640=ADVANCED_FACE('',(#1735,#1736),#71,.T.);
#2641=ADVANCED_FACE('',(#1737,#1738),#1855,.F.);
#2642=ADVANCED_FACE('',(#1739),#1856,.F.);
#2643=ADVANCED_FACE('',(#1740),#1857,.F.);
#2644=ADVANCED_FACE('',(#1741),#1858,.F.);
#2645=ADVANCED_FACE('',(#1742),#1859,.F.);
#2646=ADVANCED_FACE('',(#1743),#1860,.F.);
#2647=ADVANCED_FACE('',(#1744),#1861,.F.);
#2648=ADVANCED_FACE('',(#1745),#1862,.T.);
#2649=ADVANCED_FACE('',(#1746,#1747),#116,.F.);
#2650=ADVANCED_FACE('',(#1748,#1749),#1863,.F.);
#2651=ADVANCED_FACE('',(#1750,#1751),#117,.T.);
#2652=ADVANCED_FACE('',(#1752,#1753,#1754),#1864,.F.);
#2653=ADVANCED_FACE('',(#1755,#1756),#72,.F.);
#2654=ADVANCED_FACE('',(#1757,#1758),#118,.F.);
#2655=ADVANCED_FACE('',(#1759,#1760),#73,.F.);
#2656=ADVANCED_FACE('',(#1761,#1762),#119,.F.);
#2657=ADVANCED_FACE('',(#1763,#1764),#1865,.F.);
#2658=ADVANCED_FACE('',(#1765,#1766),#74,.T.);
#2659=ADVANCED_FACE('',(#1767,#1768),#1866,.F.);
#2660=ADVANCED_FACE('',(#1769),#75,.T.);
#2661=ADVANCED_FACE('',(#1770),#76,.T.);
#2662=ADVANCED_FACE('',(#1771,#1772),#120,.T.);
#2663=ADVANCED_FACE('',(#1773,#1774),#1867,.F.);
#2664=ADVANCED_FACE('',(#1775,#1776),#121,.T.);
#2665=ADVANCED_FACE('',(#1777),#1868,.F.);
#2666=ADVANCED_FACE('',(#1778),#1869,.T.);
#2667=ADVANCED_FACE('',(#1779),#1870,.T.);
#2668=ADVANCED_FACE('',(#1780),#1871,.T.);
#2669=ADVANCED_FACE('',(#1781),#1872,.T.);
#2670=ADVANCED_FACE('',(#1782),#77,.T.);
#2671=ADVANCED_FACE('',(#1783),#78,.T.);
#2672=ADVANCED_FACE('',(#1784),#79,.T.);
#2673=ADVANCED_FACE('',(#1785),#80,.T.);
#2674=ADVANCED_FACE('',(#1786),#81,.T.);
#2675=ADVANCED_FACE('',(#1787),#82,.T.);
#2676=ADVANCED_FACE('',(#1788),#1873,.F.);
#2677=ADVANCED_FACE('',(#1789),#1874,.F.);
#2678=ADVANCED_FACE('',(#1790),#1875,.F.);
#2679=ADVANCED_FACE('',(#1791),#1876,.F.);
#2680=ADVANCED_FACE('',(#1792),#1877,.F.);
#2681=ADVANCED_FACE('',(#1793),#1878,.F.);
#2682=ADVANCED_FACE('',(#1794),#83,.T.);
#2683=ADVANCED_FACE('',(#1795),#84,.T.);
#2684=ADVANCED_FACE('',(#1796),#85,.T.);
#2685=ADVANCED_FACE('',(#1797),#86,.T.);
#2686=ADVANCED_FACE('',(#1798),#87,.T.);
#2687=ADVANCED_FACE('',(#1799),#88,.T.);
#2688=ADVANCED_FACE('',(#1800),#1879,.F.);
#2689=ADVANCED_FACE('',(#1801,#1802),#89,.T.);
#2690=ADVANCED_FACE('',(#1803,#1804),#122,.T.);
#2691=ADVANCED_FACE('',(#1805,#1806),#1880,.T.);
#2692=CLOSED_SHELL('',(#2561,#2562,#2563,#2564,#2565,#2566,#2567,#2568,
#2569,#2570,#2571,#2572,#2573,#2574,#2575,#2576,#2577,#2578,#2579,#2580,
#2581,#2582,#2583,#2584,#2585,#2586,#2587,#2588,#2589,#2590,#2591,#2592,
#2593,#2594,#2595,#2596,#2597,#2598,#2599,#2600,#2601,#2602,#2603,#2604,
#2605,#2606,#2607,#2608,#2609,#2610,#2611,#2612,#2613,#2614,#2615,#2616,
#2617,#2618,#2619,#2620,#2621,#2622,#2623,#2624,#2625,#2626,#2627,#2628,
#2629,#2630,#2631,#2632,#2633,#2634,#2635,#2636,#2637,#2638,#2639,#2640,
#2641,#2642,#2643,#2644,#2645,#2646,#2647,#2648,#2649,#2650,#2651,#2652,
#2653,#2654,#2655,#2656));
#2693=CLOSED_SHELL('',(#2657,#2658,#2659,#2660,#2661,#2662,#2663,#2664,
#2665,#2666,#2667,#2668,#2669,#2670,#2671,#2672,#2673,#2674,#2675,#2676,
#2677,#2678,#2679,#2680,#2681,#2682,#2683,#2684,#2685,#2686,#2687,#2688,
#2689,#2690,#2691));
#2694=MANIFOLD_SOLID_BREP('JECX-MF-EXLA-63-160(0_body)',#2692);
#2695=MANIFOLD_SOLID_BREP('JECX-MF-EXLA-63-160(0_rod)',#2693);
#2696=SHAPE_DEFINITION_REPRESENTATION(#4170,#2699);
#2697=SHAPE_DEFINITION_REPRESENTATION(#4171,#2700);
#2698=SHAPE_DEFINITION_REPRESENTATION(#4173,#2701);
#2699=SHAPE_REPRESENTATION('JECX-MF-160-J-EXLA-63-160(0)',(#2702,#2861,
#2923),#4161);
#2700=SHAPE_REPRESENTATION('JECX-MF-EXLA-63-160(0_body)',(#2702),#4162);
#2701=SHAPE_REPRESENTATION('JECX-MF-EXLA-63-160(0_rod)',(#2702),#4163);
#2702=AXIS2_PLACEMENT_3D('',#3500,#2924,#2925);
#2703=AXIS2_PLACEMENT_3D('',#3501,#2926,#2927);
#2704=AXIS2_PLACEMENT_3D('',#3510,#2932,#2933);
#2705=AXIS2_PLACEMENT_3D('',#3512,#2934,#2935);
#2706=AXIS2_PLACEMENT_3D('',#3514,#2936,#2937);
#2707=AXIS2_PLACEMENT_3D('',#3516,#2938,#2939);
#2708=AXIS2_PLACEMENT_3D('',#3525,#2944,#2945);
#2709=AXIS2_PLACEMENT_3D('',#3527,#2946,#2947);
#2710=AXIS2_PLACEMENT_3D('',#3529,#2948,#2949);
#2711=AXIS2_PLACEMENT_3D('',#3531,#2950,#2951);
#2712=AXIS2_PLACEMENT_3D('',#3540,#2956,#2957);
#2713=AXIS2_PLACEMENT_3D('',#3541,#2958,#2959);
#2714=AXIS2_PLACEMENT_3D('',#3543,#2960,#2961);
#2715=AXIS2_PLACEMENT_3D('',#3552,#2966,#2967);
#2716=AXIS2_PLACEMENT_3D('',#3553,#2968,#2969);
#2717=AXIS2_PLACEMENT_3D('',#3555,#2970,#2971);
#2718=AXIS2_PLACEMENT_3D('',#3564,#2976,#2977);
#2719=AXIS2_PLACEMENT_3D('',#3565,#2978,#2979);
#2720=AXIS2_PLACEMENT_3D('',#3567,#2980,#2981);
#2721=AXIS2_PLACEMENT_3D('',#3576,#2986,#2987);
#2722=AXIS2_PLACEMENT_3D('',#3577,#2988,#2989);
#2723=AXIS2_PLACEMENT_3D('',#3579,#2990,#2991);
#2724=AXIS2_PLACEMENT_3D('',#3600,#3004,#3005);
#2725=AXIS2_PLACEMENT_3D('',#3621,#3018,#3019);
#2726=AXIS2_PLACEMENT_3D('',#3627,#3023,#3024);
#2727=AXIS2_PLACEMENT_3D('',#3633,#3028,#3029);
#2728=AXIS2_PLACEMENT_3D('',#3634,#3030,#3031);
#2729=AXIS2_PLACEMENT_3D('',#3636,#3032,#3033);
#2730=AXIS2_PLACEMENT_3D('',#3643,#3037,#3038);
#2731=AXIS2_PLACEMENT_3D('',#3648,#3041,#3042);
#2732=AXIS2_PLACEMENT_3D('',#3654,#3046,#3047);
#2733=AXIS2_PLACEMENT_3D('',#3659,#3050,#3051);
#2734=AXIS2_PLACEMENT_3D('',#3660,#3052,#3053);
#2735=AXIS2_PLACEMENT_3D('',#3661,#3054,#3055);
#2736=AXIS2_PLACEMENT_3D('',#3663,#3056,#3057);
#2737=AXIS2_PLACEMENT_3D('',#3664,#3058,#3059);
#2738=AXIS2_PLACEMENT_3D('',#3666,#3060,#3061);
#2739=AXIS2_PLACEMENT_3D('',#3669,#3064,#3065);
#2740=AXIS2_PLACEMENT_3D('',#3670,#3066,#3067);
#2741=AXIS2_PLACEMENT_3D('',#3671,#3068,#3069);
#2742=AXIS2_PLACEMENT_3D('',#3676,#3072,#3073);
#2743=AXIS2_PLACEMENT_3D('',#3677,#3074,#3075);
#2744=AXIS2_PLACEMENT_3D('',#3679,#3077,#3078);
#2745=AXIS2_PLACEMENT_3D('',#3681,#3080,#3081);
#2746=AXIS2_PLACEMENT_3D('',#3682,#3082,#3083);
#2747=AXIS2_PLACEMENT_3D('',#3685,#3085,#3086);
#2748=AXIS2_PLACEMENT_3D('',#3688,#3088,#3089);
#2749=AXIS2_PLACEMENT_3D('',#3690,#3091,#3092);
#2750=AXIS2_PLACEMENT_3D('',#3692,#3094,#3095);
#2751=AXIS2_PLACEMENT_3D('',#3693,#3096,#3097);
#2752=AXIS2_PLACEMENT_3D('',#3698,#3100,#3101);
#2753=AXIS2_PLACEMENT_3D('',#3699,#3102,#3103);
#2754=AXIS2_PLACEMENT_3D('',#3701,#3105,#3106);
#2755=AXIS2_PLACEMENT_3D('',#3703,#3108,#3109);
#2756=AXIS2_PLACEMENT_3D('',#3704,#3110,#3111);
#2757=AXIS2_PLACEMENT_3D('',#3707,#3113,#3114);
#2758=AXIS2_PLACEMENT_3D('',#3710,#3116,#3117);
#2759=AXIS2_PLACEMENT_3D('',#3712,#3119,#3120);
#2760=AXIS2_PLACEMENT_3D('',#3714,#3122,#3123);
#2761=AXIS2_PLACEMENT_3D('',#3715,#3124,#3125);
#2762=AXIS2_PLACEMENT_3D('',#3716,#3126,#3127);
#2763=AXIS2_PLACEMENT_3D('',#3718,#3128,#3129);
#2764=AXIS2_PLACEMENT_3D('',#3720,#3130,#3131);
#2765=AXIS2_PLACEMENT_3D('',#3721,#3132,#3133);
#2766=AXIS2_PLACEMENT_3D('',#3722,#3134,#3135);
#2767=AXIS2_PLACEMENT_3D('',#3724,#3136,#3137);
#2768=AXIS2_PLACEMENT_3D('',#3725,#3138,#3139);
#2769=AXIS2_PLACEMENT_3D('',#3727,#3140,#3141);
#2770=AXIS2_PLACEMENT_3D('',#3728,#3142,#3143);
#2771=AXIS2_PLACEMENT_3D('',#3730,#3144,#3145);
#2772=AXIS2_PLACEMENT_3D('',#3731,#3146,#3147);
#2773=AXIS2_PLACEMENT_3D('',#3732,#3148,#3149);
#2774=AXIS2_PLACEMENT_3D('',#3734,#3150,#3151);
#2775=AXIS2_PLACEMENT_3D('',#3736,#3152,#3153);
#2776=AXIS2_PLACEMENT_3D('',#3737,#3154,#3155);
#2777=AXIS2_PLACEMENT_3D('',#3738,#3156,#3157);
#2778=AXIS2_PLACEMENT_3D('',#3740,#3158,#3159);
#2779=AXIS2_PLACEMENT_3D('',#3741,#3160,#3161);
#2780=AXIS2_PLACEMENT_3D('',#3743,#3162,#3163);
#2781=AXIS2_PLACEMENT_3D('',#3744,#3164,#3165);
#2782=AXIS2_PLACEMENT_3D('',#3746,#3166,#3167);
#2783=AXIS2_PLACEMENT_3D('',#3747,#3168,#3169);
#2784=AXIS2_PLACEMENT_3D('',#3748,#3170,#3171);
#2785=AXIS2_PLACEMENT_3D('',#3750,#3172,#3173);
#2786=AXIS2_PLACEMENT_3D('',#3751,#3174,#3175);
#2787=AXIS2_PLACEMENT_3D('',#3753,#3176,#3177);
#2788=AXIS2_PLACEMENT_3D('',#3754,#3178,#3179);
#2789=AXIS2_PLACEMENT_3D('',#3756,#3180,#3181);
#2790=AXIS2_PLACEMENT_3D('',#3757,#3182,#3183);
#2791=AXIS2_PLACEMENT_3D('',#3759,#3184,#3185);
#2792=AXIS2_PLACEMENT_3D('',#3761,#3186,#3187);
#2793=AXIS2_PLACEMENT_3D('',#3763,#3188,#3189);
#2794=AXIS2_PLACEMENT_3D('',#3764,#3190,#3191);
#2795=AXIS2_PLACEMENT_3D('',#3766,#3192,#3193);
#2796=AXIS2_PLACEMENT_3D('',#3767,#3194,#3195);
#2797=AXIS2_PLACEMENT_3D('',#3769,#3196,#3197);
#2798=AXIS2_PLACEMENT_3D('',#3770,#3198,#3199);
#2799=AXIS2_PLACEMENT_3D('',#3772,#3200,#3201);
#2800=AXIS2_PLACEMENT_3D('',#3773,#3202,#3203);
#2801=AXIS2_PLACEMENT_3D('',#3774,#3204,#3205);
#2802=AXIS2_PLACEMENT_3D('',#3776,#3206,#3207);
#2803=AXIS2_PLACEMENT_3D('',#3778,#3208,#3209);
#2804=AXIS2_PLACEMENT_3D('',#3779,#3210,#3211);
#2805=AXIS2_PLACEMENT_3D('',#3781,#3212,#3213);
#2806=AXIS2_PLACEMENT_3D('',#3783,#3214,#3215);
#2807=AXIS2_PLACEMENT_3D('',#3784,#3216,#3217);
#2808=AXIS2_PLACEMENT_3D('',#3786,#3218,#3219);
#2809=AXIS2_PLACEMENT_3D('',#3787,#3220,#3221);
#2810=AXIS2_PLACEMENT_3D('',#3789,#3222,#3223);
#2811=AXIS2_PLACEMENT_3D('',#3790,#3224,#3225);
#2812=AXIS2_PLACEMENT_3D('',#3791,#3226,#3227);
#2813=AXIS2_PLACEMENT_3D('',#3793,#3228,#3229);
#2814=AXIS2_PLACEMENT_3D('',#3794,#3230,#3231);
#2815=AXIS2_PLACEMENT_3D('',#3796,#3232,#3233);
#2816=AXIS2_PLACEMENT_3D('',#3809,#3240,#3241);
#2817=AXIS2_PLACEMENT_3D('',#3815,#3245,#3246);
#2818=AXIS2_PLACEMENT_3D('',#3819,#3249,#3250);
#2819=AXIS2_PLACEMENT_3D('',#3823,#3253,#3254);
#2820=AXIS2_PLACEMENT_3D('',#3827,#3257,#3258);
#2821=AXIS2_PLACEMENT_3D('',#3831,#3261,#3262);
#2822=AXIS2_PLACEMENT_3D('',#3833,#3264,#3265);
#2823=AXIS2_PLACEMENT_3D('',#3834,#3266,#3267);
#2824=AXIS2_PLACEMENT_3D('',#3835,#3268,#3269);
#2825=AXIS2_PLACEMENT_3D('',#3837,#3270,#3271);
#2826=AXIS2_PLACEMENT_3D('',#3839,#3272,#3273);
#2827=AXIS2_PLACEMENT_3D('',#3840,#3274,#3275);
#2828=AXIS2_PLACEMENT_3D('',#3842,#3276,#3277);
#2829=AXIS2_PLACEMENT_3D('',#3844,#3278,#3279);
#2830=AXIS2_PLACEMENT_3D('',#3845,#3280,#3281);
#2831=AXIS2_PLACEMENT_3D('',#3847,#3282,#3283);
#2832=AXIS2_PLACEMENT_3D('',#3848,#3284,#3285);
#2833=AXIS2_PLACEMENT_3D('',#3850,#3286,#3287);
#2834=AXIS2_PLACEMENT_3D('',#3851,#3288,#3289);
#2835=AXIS2_PLACEMENT_3D('',#3852,#3290,#3291);
#2836=AXIS2_PLACEMENT_3D('',#3854,#3292,#3293);
#2837=AXIS2_PLACEMENT_3D('',#3855,#3294,#3295);
#2838=AXIS2_PLACEMENT_3D('',#3857,#3296,#3297);
#2839=AXIS2_PLACEMENT_3D('',#3870,#3304,#3305);
#2840=AXIS2_PLACEMENT_3D('',#3876,#3309,#3310);
#2841=AXIS2_PLACEMENT_3D('',#3880,#3313,#3314);
#2842=AXIS2_PLACEMENT_3D('',#3884,#3317,#3318);
#2843=AXIS2_PLACEMENT_3D('',#3888,#3321,#3322);
#2844=AXIS2_PLACEMENT_3D('',#3892,#3325,#3326);
#2845=AXIS2_PLACEMENT_3D('',#3894,#3328,#3329);
#2846=AXIS2_PLACEMENT_3D('',#3895,#3330,#3331);
#2847=AXIS2_PLACEMENT_3D('',#3896,#3332,#3333);
#2848=AXIS2_PLACEMENT_3D('',#3898,#3334,#3335);
#2849=AXIS2_PLACEMENT_3D('',#3899,#3336,#3337);
#2850=AXIS2_PLACEMENT_3D('',#3901,#3338,#3339);
#2851=AXIS2_PLACEMENT_3D('',#3902,#3340,#3341);
#2852=AXIS2_PLACEMENT_3D('',#3904,#3342,#3343);
#2853=AXIS2_PLACEMENT_3D('',#3905,#3344,#3345);
#2854=AXIS2_PLACEMENT_3D('',#3907,#3346,#3347);
#2855=AXIS2_PLACEMENT_3D('',#3909,#3348,#3349);
#2856=AXIS2_PLACEMENT_3D('',#3910,#3350,#3351);
#2857=AXIS2_PLACEMENT_3D('',#3913,#3352,#3353);
#2858=AXIS2_PLACEMENT_3D('',#3914,#3354,#3355);
#2859=AXIS2_PLACEMENT_3D('',#3915,#3356,#3357);
#2860=AXIS2_PLACEMENT_3D('',#3918,#3358,#3359);
#2861=AXIS2_PLACEMENT_3D('',#3919,#3360,#3361);
#2862=AXIS2_PLACEMENT_3D('',#3920,#3362,#3363);
#2863=AXIS2_PLACEMENT_3D('',#3921,#3364,#3365);
#2864=AXIS2_PLACEMENT_3D('',#3923,#3366,#3367);
#2865=AXIS2_PLACEMENT_3D('',#3926,#3368,#3369);
#2866=AXIS2_PLACEMENT_3D('',#3928,#3370,#3371);
#2867=AXIS2_PLACEMENT_3D('',#3930,#3372,#3373);
#2868=AXIS2_PLACEMENT_3D('',#3932,#3374,#3375);
#2869=AXIS2_PLACEMENT_3D('',#3934,#3376,#3377);
#2870=AXIS2_PLACEMENT_3D('',#3935,#3378,#3379);
#2871=AXIS2_PLACEMENT_3D('',#3936,#3380,#3381);
#2872=AXIS2_PLACEMENT_3D('',#3938,#3382,#3383);
#2873=AXIS2_PLACEMENT_3D('',#3942,#3385,#3386);
#2874=AXIS2_PLACEMENT_3D('',#3946,#3388,#3389);
#2875=AXIS2_PLACEMENT_3D('',#3947,#3390,#3391);
#2876=AXIS2_PLACEMENT_3D('',#3953,#3392,#3393);
#2877=AXIS2_PLACEMENT_3D('',#3959,#3394,#3395);
#2878=AXIS2_PLACEMENT_3D('',#3970,#3396,#3397);
#2879=AXIS2_PLACEMENT_3D('',#3971,#3398,#3399);
#2880=AXIS2_PLACEMENT_3D('',#3972,#3400,#3401);
#2881=AXIS2_PLACEMENT_3D('',#3974,#3402,#3403);
#2882=AXIS2_PLACEMENT_3D('',#3980,#3406,#3407);
#2883=AXIS2_PLACEMENT_3D('',#3984,#3410,#3411);
#2884=AXIS2_PLACEMENT_3D('',#3985,#3412,#3413);
#2885=AXIS2_PLACEMENT_3D('',#3987,#3414,#3415);
#2886=AXIS2_PLACEMENT_3D('',#3988,#3416,#3417);
#2887=AXIS2_PLACEMENT_3D('',#3990,#3418,#3419);
#2888=AXIS2_PLACEMENT_3D('',#3991,#3420,#3421);
#2889=AXIS2_PLACEMENT_3D('',#3993,#3423,#3424);
#2890=AXIS2_PLACEMENT_3D('',#3994,#3425,#3426);
#2891=AXIS2_PLACEMENT_3D('',#3996,#3428,#3429);
#2892=AXIS2_PLACEMENT_3D('',#3997,#3430,#3431);
#2893=AXIS2_PLACEMENT_3D('',#4007,#3432,#3433);
#2894=AXIS2_PLACEMENT_3D('',#4018,#3434,#3435);
#2895=AXIS2_PLACEMENT_3D('',#4029,#3436,#3437);
#2896=AXIS2_PLACEMENT_3D('',#4039,#3438,#3439);
#2897=AXIS2_PLACEMENT_3D('',#4050,#3440,#3441);
#2898=AXIS2_PLACEMENT_3D('',#4061,#3442,#3443);
#2899=AXIS2_PLACEMENT_3D('',#4076,#3446,#3447);
#2900=AXIS2_PLACEMENT_3D('',#4089,#3449,#3450);
#2901=AXIS2_PLACEMENT_3D('',#4101,#3452,#3453);
#2902=AXIS2_PLACEMENT_3D('',#4114,#3455,#3456);
#2903=AXIS2_PLACEMENT_3D('',#4127,#3458,#3459);
#2904=AXIS2_PLACEMENT_3D('',#4137,#3460,#3461);
#2905=AXIS2_PLACEMENT_3D('',#4138,#3462,#3463);
#2906=AXIS2_PLACEMENT_3D('',#4139,#3464,#3465);
#2907=AXIS2_PLACEMENT_3D('',#4140,#3466,#3467);
#2908=AXIS2_PLACEMENT_3D('',#4141,#3468,#3469);
#2909=AXIS2_PLACEMENT_3D('',#4142,#3470,#3471);
#2910=AXIS2_PLACEMENT_3D('',#4143,#3472,#3473);
#2911=AXIS2_PLACEMENT_3D('',#4144,#3474,#3475);
#2912=AXIS2_PLACEMENT_3D('',#4145,#3476,#3477);
#2913=AXIS2_PLACEMENT_3D('',#4146,#3478,#3479);
#2914=AXIS2_PLACEMENT_3D('',#4147,#3480,#3481);
#2915=AXIS2_PLACEMENT_3D('',#4148,#3482,#3483);
#2916=AXIS2_PLACEMENT_3D('',#4149,#3484,#3485);
#2917=AXIS2_PLACEMENT_3D('',#4150,#3486,#3487);
#2918=AXIS2_PLACEMENT_3D('',#4152,#3488,#3489);
#2919=AXIS2_PLACEMENT_3D('',#4153,#3490,#3491);
#2920=AXIS2_PLACEMENT_3D('',#4155,#3492,#3493);
#2921=AXIS2_PLACEMENT_3D('',#4156,#3494,#3495);
#2922=AXIS2_PLACEMENT_3D('',#4158,#3496,#3497);
#2923=AXIS2_PLACEMENT_3D('',#4159,#3498,#3499);
#2924=DIRECTION('',(0.,0.,1.));
#2925=DIRECTION('',(1.,0.,0.));
#2926=DIRECTION('',(0.,-1.,0.));
#2927=DIRECTION('',(0.,0.,-1.));
#2928=DIRECTION('',(0.,0.,1.));
#2929=DIRECTION('',(-1.,0.,0.));
#2930=DIRECTION('',(0.,0.,1.));
#2931=DIRECTION('',(1.,0.,0.));
#2932=DIRECTION('',(0.,1.,0.));
#2933=DIRECTION('',(1.,0.,0.));
#2934=DIRECTION('',(0.,1.,0.));
#2935=DIRECTION('',(1.,0.,0.));
#2936=DIRECTION('',(0.,1.,0.));
#2937=DIRECTION('',(0.,0.,1.));
#2938=DIRECTION('',(0.,-1.,0.));
#2939=DIRECTION('',(0.,0.,-1.));
#2940=DIRECTION('',(0.,0.,1.));
#2941=DIRECTION('',(-1.,0.,0.));
#2942=DIRECTION('',(0.,0.,1.));
#2943=DIRECTION('',(1.,0.,0.));
#2944=DIRECTION('',(0.,1.,0.));
#2945=DIRECTION('',(1.,0.,0.));
#2946=DIRECTION('',(0.,1.,0.));
#2947=DIRECTION('',(1.,0.,0.));
#2948=DIRECTION('',(0.,1.,0.));
#2949=DIRECTION('',(0.,0.,1.));
#2950=DIRECTION('',(0.707106781186548,0.707106781186548,0.));
#2951=DIRECTION('',(-0.707106781186548,0.707106781186548,0.));
#2952=DIRECTION('',(-0.707106781186548,0.707106781186548,0.));
#2953=DIRECTION('',(0.,0.,1.));
#2954=DIRECTION('',(-0.707106781186548,0.707106781186548,0.));
#2955=DIRECTION('',(0.,0.,1.));
#2956=DIRECTION('',(0.,1.,0.));
#2957=DIRECTION('',(0.,0.,1.));
#2958=DIRECTION('',(0.,1.,0.));
#2959=DIRECTION('',(0.,0.,1.));
#2960=DIRECTION('',(-0.707106781186548,0.707106781186548,0.));
#2961=DIRECTION('',(-0.707106781186548,-0.707106781186548,0.));
#2962=DIRECTION('',(-0.707106781186548,-0.707106781186548,0.));
#2963=DIRECTION('',(0.,0.,1.));
#2964=DIRECTION('',(-0.707106781186548,-0.707106781186548,0.));
#2965=DIRECTION('',(0.,0.,1.));
#2966=DIRECTION('',(0.,1.,0.));
#2967=DIRECTION('',(0.,0.,1.));
#2968=DIRECTION('',(0.,1.,0.));
#2969=DIRECTION('',(0.,0.,1.));
#2970=DIRECTION('',(0.707106781186548,0.707106781186548,0.));
#2971=DIRECTION('',(-0.707106781186548,0.707106781186548,0.));
#2972=DIRECTION('',(0.707106781186548,-0.707106781186548,0.));
#2973=DIRECTION('',(0.,0.,1.));
#2974=DIRECTION('',(-0.707106781186548,0.707106781186548,0.));
#2975=DIRECTION('',(0.,0.,1.));
#2976=DIRECTION('',(0.,1.,0.));
#2977=DIRECTION('',(0.,0.,1.));
#2978=DIRECTION('',(0.,1.,0.));
#2979=DIRECTION('',(0.,0.,1.));
#2980=DIRECTION('',(-0.707106781186548,0.707106781186548,0.));
#2981=DIRECTION('',(-0.707106781186548,-0.707106781186548,0.));
#2982=DIRECTION('',(0.707106781186548,0.707106781186548,0.));
#2983=DIRECTION('',(0.,0.,1.));
#2984=DIRECTION('',(-0.707106781186548,-0.707106781186548,0.));
#2985=DIRECTION('',(0.,0.,1.));
#2986=DIRECTION('',(0.,1.,0.));
#2987=DIRECTION('',(0.,0.,1.));
#2988=DIRECTION('',(0.,1.,0.));
#2989=DIRECTION('',(0.,0.,1.));
#2990=DIRECTION('',(-1.,0.,0.));
#2991=DIRECTION('',(0.,0.,1.));
#2992=DIRECTION('',(0.,1.,0.));
#2993=DIRECTION('',(0.,-1.,0.));
#2994=DIRECTION('',(0.,1.,0.));
#2995=DIRECTION('',(0.,0.,1.));
#2996=DIRECTION('',(0.,-1.,0.));
#2997=DIRECTION('',(0.,-1.,0.));
#2998=DIRECTION('',(0.,0.,1.));
#2999=DIRECTION('',(0.,1.,0.));
#3000=DIRECTION('',(0.,0.,1.));
#3001=DIRECTION('',(0.,1.,0.));
#3002=DIRECTION('',(0.,1.,0.));
#3003=DIRECTION('',(0.,0.,1.));
#3004=DIRECTION('',(1.,0.,0.));
#3005=DIRECTION('',(0.,0.,-1.));
#3006=DIRECTION('',(0.,1.,0.));
#3007=DIRECTION('',(0.,0.,-1.));
#3008=DIRECTION('',(0.,1.,0.));
#3009=DIRECTION('',(0.,1.,0.));
#3010=DIRECTION('',(0.,0.,-1.));
#3011=DIRECTION('',(0.,1.,0.));
#3012=DIRECTION('',(0.,0.,1.));
#3013=DIRECTION('',(0.,1.,0.));
#3014=DIRECTION('',(0.,-1.,0.));
#3015=DIRECTION('',(0.,0.,1.));
#3016=DIRECTION('',(0.,1.,0.));
#3017=DIRECTION('',(0.,1.,0.));
#3018=DIRECTION('',(-0.707106781186548,0.707106781186548,0.));
#3019=DIRECTION('',(-0.707106781186548,-0.707106781186548,0.));
#3020=DIRECTION('',(0.707106781186548,0.707106781186548,0.));
#3021=DIRECTION('',(-0.707106781186548,-0.707106781186548,0.));
#3022=DIRECTION('',(0.,0.,1.));
#3023=DIRECTION('',(0.707106781186548,0.707106781186548,0.));
#3024=DIRECTION('',(-0.707106781186548,0.707106781186548,0.));
#3025=DIRECTION('',(0.707106781186548,-0.707106781186548,0.));
#3026=DIRECTION('',(0.,0.,1.));
#3027=DIRECTION('',(-0.707106781186548,0.707106781186548,0.));
#3028=DIRECTION('',(0.,1.,0.));
#3029=DIRECTION('',(0.,0.,1.));
#3030=DIRECTION('',(0.,1.,0.));
#3031=DIRECTION('',(0.,0.,1.));
#3032=DIRECTION('',(0.,1.,-6.93889390390723E-16));
#3033=DIRECTION('',(0.,6.93889390390723E-16,1.));
#3034=DIRECTION('',(-1.,0.,0.));
#3035=DIRECTION('',(-1.,0.,0.));
#3036=DIRECTION('',(-1.,0.,0.));
#3037=DIRECTION('',(0.,1.,0.));
#3038=DIRECTION('',(1.,0.,0.));
#3039=DIRECTION('',(1.,0.,0.));
#3040=DIRECTION('',(-1.,0.,0.));
#3041=DIRECTION('',(0.,1.,0.));
#3042=DIRECTION('',(1.,0.,0.));
#3043=DIRECTION('',(1.,0.,0.));
#3044=DIRECTION('',(-1.,0.,0.));
#3045=DIRECTION('',(1.,0.,0.));
#3046=DIRECTION('',(0.,1.,0.));
#3047=DIRECTION('',(1.,0.,0.));
#3048=DIRECTION('',(-1.,0.,0.));
#3049=DIRECTION('',(1.,0.,0.));
#3050=DIRECTION('',(0.,1.,0.));
#3051=DIRECTION('',(1.,0.,0.));
#3052=DIRECTION('',(0.,0.,-1.));
#3053=DIRECTION('',(-1.,0.,0.));
#3054=DIRECTION('',(0.,0.,1.));
#3055=DIRECTION('',(1.,0.,0.));
#3056=DIRECTION('',(0.,0.,-1.));
#3057=DIRECTION('',(-1.,0.,0.));
#3058=DIRECTION('',(0.,0.,1.));
#3059=DIRECTION('',(1.,0.,0.));
#3060=DIRECTION('',(0.,-1.,0.));
#3061=DIRECTION('',(0.,0.,-1.));
#3062=DIRECTION('',(-1.,0.,0.));
#3063=DIRECTION('',(-1.,0.,0.));
#3064=DIRECTION('',(0.,0.,-1.));
#3065=DIRECTION('',(-1.,0.,0.));
#3066=DIRECTION('',(0.,0.,1.));
#3067=DIRECTION('',(1.,0.,0.));
#3068=DIRECTION('',(0.,1.,0.));
#3069=DIRECTION('',(0.,0.,1.));
#3070=DIRECTION('',(-1.,0.,0.));
#3071=DIRECTION('',(1.,0.,0.));
#3072=DIRECTION('',(0.,1.,0.));
#3073=DIRECTION('',(1.,0.,0.));
#3074=DIRECTION('',(0.,0.,-1.));
#3075=DIRECTION('',(-1.,0.,0.));
#3076=DIRECTION('',(0.,1.,0.));
#3077=DIRECTION('',(0.,0.,1.));
#3078=DIRECTION('',(1.,0.,0.));
#3079=DIRECTION('',(0.,1.,0.));
#3080=DIRECTION('',(0.,1.,0.));
#3081=DIRECTION('',(0.,0.,1.));
#3082=DIRECTION('',(0.,1.,0.));
#3083=DIRECTION('',(0.,0.,1.));
#3084=DIRECTION('',(-1.,0.,0.));
#3085=DIRECTION('',(0.,1.,0.));
#3086=DIRECTION('',(1.,0.,0.));
#3087=DIRECTION('',(1.,0.,0.));
#3088=DIRECTION('',(0.,0.,-1.));
#3089=DIRECTION('',(-1.,0.,0.));
#3090=DIRECTION('',(0.,1.,0.));
#3091=DIRECTION('',(0.,1.,0.));
#3092=DIRECTION('',(0.,0.,1.));
#3093=DIRECTION('',(0.,1.,0.));
#3094=DIRECTION('',(0.,0.,1.));
#3095=DIRECTION('',(1.,0.,0.));
#3096=DIRECTION('',(0.,1.,0.));
#3097=DIRECTION('',(0.,0.,1.));
#3098=DIRECTION('',(-1.,0.,0.));
#3099=DIRECTION('',(1.,0.,0.));
#3100=DIRECTION('',(0.,1.,0.));
#3101=DIRECTION('',(1.,0.,0.));
#3102=DIRECTION('',(0.,0.,-1.));
#3103=DIRECTION('',(-1.,0.,0.));
#3104=DIRECTION('',(0.,1.,0.));
#3105=DIRECTION('',(0.,0.,1.));
#3106=DIRECTION('',(1.,0.,0.));
#3107=DIRECTION('',(0.,1.,0.));
#3108=DIRECTION('',(0.,1.,0.));
#3109=DIRECTION('',(0.,0.,1.));
#3110=DIRECTION('',(0.,1.,0.));
#3111=DIRECTION('',(0.,0.,1.));
#3112=DIRECTION('',(-1.,0.,0.));
#3113=DIRECTION('',(0.,1.,0.));
#3114=DIRECTION('',(1.,0.,0.));
#3115=DIRECTION('',(1.,0.,0.));
#3116=DIRECTION('',(0.,0.,-1.));
#3117=DIRECTION('',(-1.,0.,0.));
#3118=DIRECTION('',(0.,1.,0.));
#3119=DIRECTION('',(0.,1.,0.));
#3120=DIRECTION('',(0.,0.,1.));
#3121=DIRECTION('',(0.,1.,0.));
#3122=DIRECTION('',(0.,0.,1.));
#3123=DIRECTION('',(1.,0.,0.));
#3124=DIRECTION('',(0.,1.,0.));
#3125=DIRECTION('',(0.,0.,1.));
#3126=DIRECTION('',(0.,1.,0.));
#3127=DIRECTION('',(0.,0.,1.));
#3128=DIRECTION('',(0.,1.,0.));
#3129=DIRECTION('',(0.,0.,1.));
#3130=DIRECTION('',(0.,1.,0.));
#3131=DIRECTION('',(0.,0.,1.));
#3132=DIRECTION('',(0.,1.,0.));
#3133=DIRECTION('',(0.,0.,1.));
#3134=DIRECTION('',(0.,1.,0.));
#3135=DIRECTION('',(0.,0.,1.));
#3136=DIRECTION('',(0.,-1.,0.));
#3137=DIRECTION('',(0.,0.,-1.));
#3138=DIRECTION('',(0.,1.,0.));
#3139=DIRECTION('',(0.,0.,1.));
#3140=DIRECTION('',(0.,1.,0.));
#3141=DIRECTION('',(0.,0.,1.));
#3142=DIRECTION('',(0.,1.,0.));
#3143=DIRECTION('',(0.,0.,1.));
#3144=DIRECTION('',(0.,-1.,0.));
#3145=DIRECTION('',(0.,0.,-1.));
#3146=DIRECTION('',(0.,1.,0.));
#3147=DIRECTION('',(0.,0.,1.));
#3148=DIRECTION('',(0.,1.,0.));
#3149=DIRECTION('',(0.,0.,1.));
#3150=DIRECTION('',(0.,1.,0.));
#3151=DIRECTION('',(0.,0.,1.));
#3152=DIRECTION('',(0.,1.,0.));
#3153=DIRECTION('',(0.,0.,1.));
#3154=DIRECTION('',(0.,1.,0.));
#3155=DIRECTION('',(0.,0.,1.));
#3156=DIRECTION('',(0.,1.,0.));
#3157=DIRECTION('',(0.,0.,1.));
#3158=DIRECTION('',(0.,-1.,0.));
#3159=DIRECTION('',(0.,0.,-1.));
#3160=DIRECTION('',(0.,1.,0.));
#3161=DIRECTION('',(0.,0.,1.));
#3162=DIRECTION('',(0.,1.,0.));
#3163=DIRECTION('',(0.,0.,1.));
#3164=DIRECTION('',(0.,1.,0.));
#3165=DIRECTION('',(0.,0.,1.));
#3166=DIRECTION('',(0.,-1.,0.));
#3167=DIRECTION('',(0.,0.,-1.));
#3168=DIRECTION('',(0.,0.,1.));
#3169=DIRECTION('',(1.,0.,0.));
#3170=DIRECTION('',(0.,0.,1.));
#3171=DIRECTION('',(1.,0.,0.));
#3172=DIRECTION('',(0.,0.,1.));
#3173=DIRECTION('',(1.,0.,0.));
#3174=DIRECTION('',(0.,0.,1.));
#3175=DIRECTION('',(1.,0.,0.));
#3176=DIRECTION('',(0.,0.,1.));
#3177=DIRECTION('',(1.,0.,0.));
#3178=DIRECTION('',(0.,0.,1.));
#3179=DIRECTION('',(1.,0.,0.));
#3180=DIRECTION('',(0.,0.,1.));
#3181=DIRECTION('',(1.,0.,0.));
#3182=DIRECTION('',(0.,0.,-1.));
#3183=DIRECTION('',(-1.,0.,0.));
#3184=DIRECTION('',(0.,0.,-1.));
#3185=DIRECTION('',(-1.,0.,0.));
#3186=DIRECTION('',(0.,0.,1.));
#3187=DIRECTION('',(1.,0.,0.));
#3188=DIRECTION('',(0.,0.,1.));
#3189=DIRECTION('',(1.,0.,0.));
#3190=DIRECTION('',(0.,0.,-1.));
#3191=DIRECTION('',(-1.,0.,0.));
#3192=DIRECTION('',(0.,0.,-1.));
#3193=DIRECTION('',(-1.,0.,0.));
#3194=DIRECTION('',(0.,0.,-1.));
#3195=DIRECTION('',(-1.,0.,0.));
#3196=DIRECTION('',(0.,0.,-1.));
#3197=DIRECTION('',(-1.,0.,0.));
#3198=DIRECTION('',(0.,0.,-1.));
#3199=DIRECTION('',(-1.,0.,0.));
#3200=DIRECTION('',(0.,0.,-1.));
#3201=DIRECTION('',(-1.,0.,0.));
#3202=DIRECTION('',(0.,0.,-1.));
#3203=DIRECTION('',(-1.,0.,0.));
#3204=DIRECTION('',(0.,0.,-1.));
#3205=DIRECTION('',(-1.,0.,0.));
#3206=DIRECTION('',(0.,0.,1.));
#3207=DIRECTION('',(1.,0.,0.));
#3208=DIRECTION('',(0.,1.,-6.93889390390723E-16));
#3209=DIRECTION('',(0.,6.93889390390723E-16,1.));
#3210=DIRECTION('',(0.,1.,-6.93889390390723E-16));
#3211=DIRECTION('',(0.,6.93889390390723E-16,1.));
#3212=DIRECTION('',(0.,1.,-6.93889390390723E-16));
#3213=DIRECTION('',(0.,6.93889390390723E-16,1.));
#3214=DIRECTION('',(0.,-1.,6.93889390390723E-16));
#3215=DIRECTION('',(0.,-6.93889390390723E-16,-1.));
#3216=DIRECTION('',(0.,1.,-6.93889390390723E-16));
#3217=DIRECTION('',(0.,6.93889390390723E-16,1.));
#3218=DIRECTION('',(0.,1.,-6.93889390390723E-16));
#3219=DIRECTION('',(0.,6.93889390390723E-16,1.));
#3220=DIRECTION('',(0.,1.,-6.93889390390723E-16));
#3221=DIRECTION('',(0.,6.93889390390723E-16,1.));
#3222=DIRECTION('',(0.,1.,-6.93889390390723E-16));
#3223=DIRECTION('',(0.,6.93889390390723E-16,1.));
#3224=DIRECTION('',(0.,1.,-6.93889390390723E-16));
#3225=DIRECTION('',(0.,6.93889390390723E-16,1.));
#3226=DIRECTION('',(0.,1.,-6.93889390390723E-16));
#3227=DIRECTION('',(0.,6.93889390390723E-16,1.));
#3228=DIRECTION('',(0.,-1.,6.93889390390723E-16));
#3229=DIRECTION('',(0.,-6.93889390390723E-16,-1.));
#3230=DIRECTION('',(0.,1.,-6.93889390390723E-16));
#3231=DIRECTION('',(0.,6.93889390390723E-16,1.));
#3232=DIRECTION('',(0.,-1.,6.93889390390723E-16));
#3233=DIRECTION('',(0.,-6.93889390390723E-16,-1.));
#3234=DIRECTION('',(-0.5,0.,0.866025403784439));
#3235=DIRECTION('',(-1.,0.,0.));
#3236=DIRECTION('',(-0.5,0.,-0.866025403784439));
#3237=DIRECTION('',(0.5,0.,-0.866025403784439));
#3238=DIRECTION('',(1.,0.,0.));
#3239=DIRECTION('',(0.5,0.,0.866025403784439));
#3240=DIRECTION('',(0.,0.,-1.));
#3241=DIRECTION('',(-1.,0.,0.));
#3242=DIRECTION('',(0.,1.,0.));
#3243=DIRECTION('',(-1.,0.,0.));
#3244=DIRECTION('',(0.,1.,0.));
#3245=DIRECTION('',(-0.866025403784439,0.,-0.5));
#3246=DIRECTION('',(-0.5,0.,0.866025403784439));
#3247=DIRECTION('',(0.,1.,0.));
#3248=DIRECTION('',(-0.5,0.,0.866025403784439));
#3249=DIRECTION('',(-0.866025403784439,0.,0.5));
#3250=DIRECTION('',(0.5,0.,0.866025403784439));
#3251=DIRECTION('',(0.,1.,0.));
#3252=DIRECTION('',(0.5,0.,0.866025403784439));
#3253=DIRECTION('',(0.,0.,1.));
#3254=DIRECTION('',(1.,0.,0.));
#3255=DIRECTION('',(0.,1.,0.));
#3256=DIRECTION('',(1.,0.,0.));
#3257=DIRECTION('',(0.866025403784439,0.,0.5));
#3258=DIRECTION('',(0.5,0.,-0.866025403784439));
#3259=DIRECTION('',(0.,1.,0.));
#3260=DIRECTION('',(0.5,0.,-0.866025403784439));
#3261=DIRECTION('',(0.866025403784439,0.,-0.5));
#3262=DIRECTION('',(-0.5,0.,-0.866025403784439));
#3263=DIRECTION('',(-0.5,0.,-0.866025403784439));
#3264=DIRECTION('',(0.,1.,0.));
#3265=DIRECTION('',(0.,0.,1.));
#3266=DIRECTION('',(0.,0.,-1.));
#3267=DIRECTION('',(-1.,0.,0.));
#3268=DIRECTION('',(0.,0.,-1.));
#3269=DIRECTION('',(-1.,0.,0.));
#3270=DIRECTION('',(0.,0.,1.));
#3271=DIRECTION('',(1.,0.,0.));
#3272=DIRECTION('',(0.,1.,0.));
#3273=DIRECTION('',(0.,0.,1.));
#3274=DIRECTION('',(0.,1.,0.));
#3275=DIRECTION('',(0.,0.,1.));
#3276=DIRECTION('',(0.,1.,0.));
#3277=DIRECTION('',(0.,0.,1.));
#3278=DIRECTION('',(0.,-1.,0.));
#3279=DIRECTION('',(0.,0.,-1.));
#3280=DIRECTION('',(0.,1.,0.));
#3281=DIRECTION('',(0.,0.,1.));
#3282=DIRECTION('',(0.,1.,0.));
#3283=DIRECTION('',(0.,0.,1.));
#3284=DIRECTION('',(0.,1.,0.));
#3285=DIRECTION('',(0.,0.,1.));
#3286=DIRECTION('',(0.,1.,0.));
#3287=DIRECTION('',(0.,0.,1.));
#3288=DIRECTION('',(0.,1.,0.));
#3289=DIRECTION('',(0.,0.,1.));
#3290=DIRECTION('',(0.,1.,0.));
#3291=DIRECTION('',(0.,0.,1.));
#3292=DIRECTION('',(0.,-1.,0.));
#3293=DIRECTION('',(0.,0.,-1.));
#3294=DIRECTION('',(0.,1.,0.));
#3295=DIRECTION('',(0.,0.,1.));
#3296=DIRECTION('',(0.,-1.,0.));
#3297=DIRECTION('',(0.,0.,-1.));
#3298=DIRECTION('',(-0.500000000000008,0.,0.866025403784434));
#3299=DIRECTION('',(-1.,0.,0.));
#3300=DIRECTION('',(-0.500000000000008,0.,-0.866025403784434));
#3301=DIRECTION('',(0.500000000000008,0.,-0.866025403784434));
#3302=DIRECTION('',(1.,0.,0.));
#3303=DIRECTION('',(0.500000000000008,0.,0.866025403784434));
#3304=DIRECTION('',(0.,0.,-1.));
#3305=DIRECTION('',(-1.,0.,0.));
#3306=DIRECTION('',(0.,1.,0.));
#3307=DIRECTION('',(-1.,0.,0.));
#3308=DIRECTION('',(0.,1.,0.));
#3309=DIRECTION('',(-0.866025403784434,0.,-0.500000000000008));
#3310=DIRECTION('',(-0.500000000000008,0.,0.866025403784434));
#3311=DIRECTION('',(0.,1.,0.));
#3312=DIRECTION('',(-0.500000000000008,0.,0.866025403784434));
#3313=DIRECTION('',(-0.866025403784434,0.,0.500000000000008));
#3314=DIRECTION('',(0.500000000000008,0.,0.866025403784434));
#3315=DIRECTION('',(0.,1.,0.));
#3316=DIRECTION('',(0.500000000000008,0.,0.866025403784434));
#3317=DIRECTION('',(0.,0.,1.));
#3318=DIRECTION('',(1.,0.,0.));
#3319=DIRECTION('',(0.,1.,0.));
#3320=DIRECTION('',(1.,0.,0.));
#3321=DIRECTION('',(0.866025403784434,0.,0.500000000000008));
#3322=DIRECTION('',(0.500000000000008,0.,-0.866025403784434));
#3323=DIRECTION('',(0.,1.,0.));
#3324=DIRECTION('',(0.500000000000008,0.,-0.866025403784434));
#3325=DIRECTION('',(0.866025403784434,0.,-0.500000000000008));
#3326=DIRECTION('',(-0.500000000000008,0.,-0.866025403784434));
#3327=DIRECTION('',(-0.500000000000008,0.,-0.866025403784434));
#3328=DIRECTION('',(0.,1.,0.));
#3329=DIRECTION('',(0.,0.,1.));
#3330=DIRECTION('',(0.,0.,-1.));
#3331=DIRECTION('',(-1.,0.,0.));
#3332=DIRECTION('',(0.,0.,1.));
#3333=DIRECTION('',(1.,0.,0.));
#3334=DIRECTION('',(0.,0.,1.));
#3335=DIRECTION('',(1.,0.,0.));
#3336=DIRECTION('',(0.,0.,1.));
#3337=DIRECTION('',(1.,0.,0.));
#3338=DIRECTION('',(0.,0.,-1.));
#3339=DIRECTION('',(-1.,0.,0.));
#3340=DIRECTION('',(0.,0.,1.));
#3341=DIRECTION('',(1.,0.,0.));
#3342=DIRECTION('',(0.,0.,1.));
#3343=DIRECTION('',(1.,0.,0.));
#3344=DIRECTION('',(0.,0.,-1.));
#3345=DIRECTION('',(-1.,0.,0.));
#3346=DIRECTION('',(0.,0.,-1.));
#3347=DIRECTION('',(-1.,0.,0.));
#3348=DIRECTION('',(0.,0.,-1.));
#3349=DIRECTION('',(-1.,0.,0.));
#3350=DIRECTION('',(0.,0.,-1.));
#3351=DIRECTION('',(-1.,0.,0.));
#3352=DIRECTION('',(0.,0.,-1.));
#3353=DIRECTION('',(-1.,0.,0.));
#3354=DIRECTION('',(0.,0.,-1.));
#3355=DIRECTION('',(-1.,0.,0.));
#3356=DIRECTION('',(0.,0.,-1.));
#3357=DIRECTION('',(-1.,0.,0.));
#3358=DIRECTION('',(0.,0.,-1.));
#3359=DIRECTION('',(-1.,0.,0.));
#3360=DIRECTION('',(0.,0.,1.));
#3361=DIRECTION('',(1.,0.,0.));
#3362=DIRECTION('',(0.,0.,1.));
#3363=DIRECTION('',(1.,0.,0.));
#3364=DIRECTION('',(0.,0.,1.));
#3365=DIRECTION('',(1.,0.,0.));
#3366=DIRECTION('',(0.,0.,1.));
#3367=DIRECTION('',(1.,0.,0.));
#3368=DIRECTION('',(0.,0.,1.));
#3369=DIRECTION('',(1.,0.,0.));
#3370=DIRECTION('',(0.,0.,1.));
#3371=DIRECTION('',(1.,0.,0.));
#3372=DIRECTION('',(0.,0.,1.));
#3373=DIRECTION('',(1.,0.,0.));
#3374=DIRECTION('',(0.,0.,1.));
#3375=DIRECTION('',(1.,0.,0.));
#3376=DIRECTION('',(0.,0.,1.));
#3377=DIRECTION('',(1.,0.,0.));
#3378=DIRECTION('',(0.,0.,1.));
#3379=DIRECTION('',(1.,0.,0.));
#3380=DIRECTION('',(0.,0.,-1.));
#3381=DIRECTION('',(-1.,0.,0.));
#3382=DIRECTION('',(0.,0.,-1.));
#3383=DIRECTION('',(-1.,0.,0.));
#3384=DIRECTION('',(0.,-1.,0.));
#3385=DIRECTION('',(0.,0.,-1.));
#3386=DIRECTION('',(-1.,0.,0.));
#3387=DIRECTION('',(0.,-1.,0.));
#3388=DIRECTION('',(0.,0.,-1.));
#3389=DIRECTION('',(-1.,0.,0.));
#3390=DIRECTION('',(0.,0.,-1.));
#3391=DIRECTION('',(-1.,0.,0.));
#3392=DIRECTION('',(0.,0.,-1.));
#3393=DIRECTION('',(-1.,0.,0.));
#3394=DIRECTION('',(0.,0.,-1.));
#3395=DIRECTION('',(-1.,0.,0.));
#3396=DIRECTION('',(0.,0.,-1.));
#3397=DIRECTION('',(-1.,0.,0.));
#3398=DIRECTION('',(0.,0.,-1.));
#3399=DIRECTION('',(-1.,0.,0.));
#3400=DIRECTION('',(0.,0.,-1.));
#3401=DIRECTION('',(-1.,0.,0.));
#3402=DIRECTION('',(0.309016994374947,0.,0.951056516295154));
#3403=DIRECTION('',(0.951056516295154,0.,-0.309016994374947));
#3404=DIRECTION('',(0.,0.,-1.));
#3405=DIRECTION('',(0.,0.,-1.));
#3406=DIRECTION('',(-0.309016994374947,0.,0.951056516295154));
#3407=DIRECTION('',(-0.951056516295154,0.,-0.309016994374947));
#3408=DIRECTION('',(0.,0.,-1.));
#3409=DIRECTION('',(0.,0.,-1.));
#3410=DIRECTION('',(0.,0.,-1.));
#3411=DIRECTION('',(-1.,0.,0.));
#3412=DIRECTION('',(0.,0.,-1.));
#3413=DIRECTION('',(-1.,0.,0.));
#3414=DIRECTION('',(0.,0.,-1.));
#3415=DIRECTION('',(-1.,0.,0.));
#3416=DIRECTION('',(0.,0.,-1.));
#3417=DIRECTION('',(-1.,0.,0.));
#3418=DIRECTION('',(0.,0.,1.));
#3419=DIRECTION('',(1.,0.,0.));
#3420=DIRECTION('',(-1.,0.,0.));
#3421=DIRECTION('',(0.,0.,1.));
#3422=DIRECTION('',(0.,-1.,0.));
#3423=DIRECTION('',(-0.309016994374947,0.,0.951056516295154));
#3424=DIRECTION('',(0.951056516295154,0.,0.309016994374947));
#3425=DIRECTION('',(0.309016994374947,0.,0.951056516295154));
#3426=DIRECTION('',(0.951056516295154,0.,-0.309016994374947));
#3427=DIRECTION('',(0.,-1.,0.));
#3428=DIRECTION('',(1.,0.,0.));
#3429=DIRECTION('',(0.,0.,-1.));
#3430=DIRECTION('',(0.,0.,1.));
#3431=DIRECTION('',(1.,0.,0.));
#3432=DIRECTION('',(0.,0.,1.));
#3433=DIRECTION('',(1.,0.,0.));
#3434=DIRECTION('',(0.,0.,1.));
#3435=DIRECTION('',(1.,0.,0.));
#3436=DIRECTION('',(0.,0.,1.));
#3437=DIRECTION('',(1.,0.,0.));
#3438=DIRECTION('',(0.,0.,1.));
#3439=DIRECTION('',(1.,0.,0.));
#3440=DIRECTION('',(0.,0.,1.));
#3441=DIRECTION('',(1.,0.,0.));
#3442=DIRECTION('',(0.5,-0.866025403784439,0.));
#3443=DIRECTION('',(0.866025403784439,0.5,0.));
#3444=DIRECTION('',(0.,0.,-1.));
#3445=DIRECTION('',(0.,0.,-1.));
#3446=DIRECTION('',(-0.5,-0.866025403784439,0.));
#3447=DIRECTION('',(0.866025403784439,-0.5,0.));
#3448=DIRECTION('',(0.,0.,-1.));
#3449=DIRECTION('',(-1.,0.,0.));
#3450=DIRECTION('',(0.,0.,1.));
#3451=DIRECTION('',(0.,0.,-1.));
#3452=DIRECTION('',(-0.5,0.866025403784439,0.));
#3453=DIRECTION('',(-0.866025403784439,-0.5,0.));
#3454=DIRECTION('',(0.,0.,-1.));
#3455=DIRECTION('',(0.5,0.866025403784439,0.));
#3456=DIRECTION('',(-0.866025403784439,0.5,0.));
#3457=DIRECTION('',(0.,0.,-1.));
#3458=DIRECTION('',(1.,0.,0.));
#3459=DIRECTION('',(0.,0.,-1.));
#3460=DIRECTION('',(0.,0.,-1.));
#3461=DIRECTION('',(-1.,0.,0.));
#3462=DIRECTION('',(0.,0.,1.));
#3463=DIRECTION('',(1.,0.,0.));
#3464=DIRECTION('',(0.,0.,-1.));
#3465=DIRECTION('',(-1.,0.,0.));
#3466=DIRECTION('',(0.,0.,1.));
#3467=DIRECTION('',(1.,0.,0.));
#3468=DIRECTION('',(0.,0.,-1.));
#3469=DIRECTION('',(-1.,0.,0.));
#3470=DIRECTION('',(0.,0.,1.));
#3471=DIRECTION('',(1.,0.,0.));
#3472=DIRECTION('',(0.,0.,-1.));
#3473=DIRECTION('',(-1.,0.,0.));
#3474=DIRECTION('',(0.,0.,1.));
#3475=DIRECTION('',(1.,0.,0.));
#3476=DIRECTION('',(0.,0.,-1.));
#3477=DIRECTION('',(-1.,0.,0.));
#3478=DIRECTION('',(0.,0.,1.));
#3479=DIRECTION('',(1.,0.,0.));
#3480=DIRECTION('',(0.,0.,-1.));
#3481=DIRECTION('',(-1.,0.,0.));
#3482=DIRECTION('',(0.,0.,1.));
#3483=DIRECTION('',(1.,0.,0.));
#3484=DIRECTION('',(0.,0.,-1.));
#3485=DIRECTION('',(-1.,0.,0.));
#3486=DIRECTION('',(0.,0.,-1.));
#3487=DIRECTION('',(-1.,0.,0.));
#3488=DIRECTION('',(0.,0.,-1.));
#3489=DIRECTION('',(-1.,0.,0.));
#3490=DIRECTION('',(0.,0.,-1.));
#3491=DIRECTION('',(-1.,0.,0.));
#3492=DIRECTION('',(0.,0.,-1.));
#3493=DIRECTION('',(-1.,0.,0.));
#3494=DIRECTION('',(0.,0.,1.));
#3495=DIRECTION('',(1.,0.,0.));
#3496=DIRECTION('',(0.,0.,1.));
#3497=DIRECTION('',(1.,0.,0.));
#3498=DIRECTION('',(0.,0.,1.));
#3499=DIRECTION('',(1.,0.,0.));
#3500=CARTESIAN_POINT('',(0.,0.,0.));
#3501=CARTESIAN_POINT('',(-60.,-60.,-268.));
#3502=CARTESIAN_POINT('',(60.,-60.,-268.));
#3503=CARTESIAN_POINT('',(60.,-60.,-268.));
#3504=CARTESIAN_POINT('',(60.,-60.,-66.));
#3505=CARTESIAN_POINT('',(60.,-60.,-66.));
#3506=CARTESIAN_POINT('',(-60.,-60.,-66.));
#3507=CARTESIAN_POINT('',(-60.,-60.,-268.));
#3508=CARTESIAN_POINT('',(-60.,-60.,-268.));
#3509=CARTESIAN_POINT('',(-60.,-60.,-268.));
#3510=CARTESIAN_POINT('',(-49.,-60.,-81.));
#3511=CARTESIAN_POINT('',(-42.5,-60.,-81.));
#3512=CARTESIAN_POINT('',(49.,-60.,-81.));
#3513=CARTESIAN_POINT('',(55.5,-60.,-81.));
#3514=CARTESIAN_POINT('',(0.,-60.,-81.));
#3515=CARTESIAN_POINT('',(0.,-60.,-69.75));
#3516=CARTESIAN_POINT('',(-60.,-60.,-268.));
#3517=CARTESIAN_POINT('',(-60.,-60.,-268.));
#3518=CARTESIAN_POINT('',(-60.,-60.,-54.));
#3519=CARTESIAN_POINT('',(-60.,-60.,0.));
#3520=CARTESIAN_POINT('',(60.,-60.,-54.));
#3521=CARTESIAN_POINT('',(60.,-60.,-54.));
#3522=CARTESIAN_POINT('',(60.,-60.,-268.));
#3523=CARTESIAN_POINT('',(60.,-60.,0.));
#3524=CARTESIAN_POINT('',(-60.,-60.,0.));
#3525=CARTESIAN_POINT('',(-49.,-60.,-39.));
#3526=CARTESIAN_POINT('',(-42.5,-60.,-39.));
#3527=CARTESIAN_POINT('',(49.,-60.,-39.));
#3528=CARTESIAN_POINT('',(55.5,-60.,-39.));
#3529=CARTESIAN_POINT('',(0.,-60.,-39.));
#3530=CARTESIAN_POINT('',(0.,-60.,-27.75));
#3531=CARTESIAN_POINT('',(60.,43.,-268.));
#3532=CARTESIAN_POINT('',(60.,43.,-91.));
#3533=CARTESIAN_POINT('',(60.,43.,-91.));
#3534=CARTESIAN_POINT('',(57.,46.,-91.));
#3535=CARTESIAN_POINT('',(60.,43.,-268.));
#3536=CARTESIAN_POINT('',(60.,43.,-268.));
#3537=CARTESIAN_POINT('',(60.,43.,-268.));
#3538=CARTESIAN_POINT('',(57.,46.,-268.));
#3539=CARTESIAN_POINT('',(57.,46.,-268.));
#3540=CARTESIAN_POINT('',(49.,-60.,-81.));
#3541=CARTESIAN_POINT('',(49.,33.,-81.));
#3542=CARTESIAN_POINT('',(49.,33.,-74.5));
#3543=CARTESIAN_POINT('',(-57.,46.,-268.));
#3544=CARTESIAN_POINT('',(-57.,46.,-91.));
#3545=CARTESIAN_POINT('',(-57.,46.,-91.));
#3546=CARTESIAN_POINT('',(-60.,43.,-91.));
#3547=CARTESIAN_POINT('',(-57.,46.,-268.));
#3548=CARTESIAN_POINT('',(-57.,46.,-268.));
#3549=CARTESIAN_POINT('',(-57.,46.,-268.));
#3550=CARTESIAN_POINT('',(-60.,43.,-268.));
#3551=CARTESIAN_POINT('',(-60.,43.,-268.));
#3552=CARTESIAN_POINT('',(-49.,-60.,-81.));
#3553=CARTESIAN_POINT('',(-49.,33.,-81.));
#3554=CARTESIAN_POINT('',(-49.,33.,-74.5));
#3555=CARTESIAN_POINT('',(60.,43.,-268.));
#3556=CARTESIAN_POINT('',(60.,43.,-71.));
#3557=CARTESIAN_POINT('',(57.,46.,-71.));
#3558=CARTESIAN_POINT('',(60.,43.,-71.));
#3559=CARTESIAN_POINT('',(57.,46.,-268.));
#3560=CARTESIAN_POINT('',(57.,46.,-49.));
#3561=CARTESIAN_POINT('',(60.,43.,-49.));
#3562=CARTESIAN_POINT('',(60.,43.,-49.));
#3563=CARTESIAN_POINT('',(60.,43.,-268.));
#3564=CARTESIAN_POINT('',(49.,-60.,-39.));
#3565=CARTESIAN_POINT('',(49.,33.,-39.));
#3566=CARTESIAN_POINT('',(49.,33.,-32.5));
#3567=CARTESIAN_POINT('',(-57.,46.,-268.));
#3568=CARTESIAN_POINT('',(-57.,46.,-71.));
#3569=CARTESIAN_POINT('',(-60.,43.,-71.));
#3570=CARTESIAN_POINT('',(-57.,46.,-71.));
#3571=CARTESIAN_POINT('',(-60.,43.,-268.));
#3572=CARTESIAN_POINT('',(-60.,43.,-49.));
#3573=CARTESIAN_POINT('',(-57.,46.,-49.));
#3574=CARTESIAN_POINT('',(-57.,46.,-49.));
#3575=CARTESIAN_POINT('',(-57.,46.,-268.));
#3576=CARTESIAN_POINT('',(-49.,-60.,-39.));
#3577=CARTESIAN_POINT('',(-49.,33.,-39.));
#3578=CARTESIAN_POINT('',(-49.,33.,-32.5));
#3579=CARTESIAN_POINT('',(-60.,43.,-268.));
#3580=CARTESIAN_POINT('',(-60.,33.,-91.));
#3581=CARTESIAN_POINT('',(-60.,33.,-91.));
#3582=CARTESIAN_POINT('',(-60.,43.,-268.));
#3583=CARTESIAN_POINT('',(-60.,-60.,-66.));
#3584=CARTESIAN_POINT('',(-60.,-55.,-66.));
#3585=CARTESIAN_POINT('',(-60.,-55.,-66.));
#3586=CARTESIAN_POINT('',(-60.,-55.,-54.));
#3587=CARTESIAN_POINT('',(-60.,-55.,-54.));
#3588=CARTESIAN_POINT('',(-60.,43.,0.));
#3589=CARTESIAN_POINT('',(-60.,43.,0.));
#3590=CARTESIAN_POINT('',(-60.,43.,-268.));
#3591=CARTESIAN_POINT('',(-60.,43.,-29.));
#3592=CARTESIAN_POINT('',(-60.,33.,-29.));
#3593=CARTESIAN_POINT('',(-60.,33.,-29.));
#3594=CARTESIAN_POINT('',(-60.,33.,-49.));
#3595=CARTESIAN_POINT('',(-60.,33.,-49.));
#3596=CARTESIAN_POINT('',(-60.,33.,-49.));
#3597=CARTESIAN_POINT('',(-60.,33.,-71.));
#3598=CARTESIAN_POINT('',(-60.,33.,-71.));
#3599=CARTESIAN_POINT('',(-60.,33.,-91.));
#3600=CARTESIAN_POINT('',(60.,-60.,-268.));
#3601=CARTESIAN_POINT('',(60.,33.,-91.));
#3602=CARTESIAN_POINT('',(60.,33.,-91.));
#3603=CARTESIAN_POINT('',(60.,33.,-71.));
#3604=CARTESIAN_POINT('',(60.,33.,-71.));
#3605=CARTESIAN_POINT('',(60.,33.,-71.));
#3606=CARTESIAN_POINT('',(60.,33.,-49.));
#3607=CARTESIAN_POINT('',(60.,33.,-49.));
#3608=CARTESIAN_POINT('',(60.,33.,-29.));
#3609=CARTESIAN_POINT('',(60.,33.,-29.));
#3610=CARTESIAN_POINT('',(60.,33.,-29.));
#3611=CARTESIAN_POINT('',(60.,43.,-29.));
#3612=CARTESIAN_POINT('',(60.,43.,-268.));
#3613=CARTESIAN_POINT('',(60.,43.,0.));
#3614=CARTESIAN_POINT('',(60.,-60.,0.));
#3615=CARTESIAN_POINT('',(60.,-55.,-54.));
#3616=CARTESIAN_POINT('',(60.,-55.,-54.));
#3617=CARTESIAN_POINT('',(60.,-55.,-66.));
#3618=CARTESIAN_POINT('',(60.,-55.,-66.));
#3619=CARTESIAN_POINT('',(60.,-60.,-66.));
#3620=CARTESIAN_POINT('',(60.,-60.,-268.));
#3621=CARTESIAN_POINT('',(-57.,46.,-268.));
#3622=CARTESIAN_POINT('',(-57.,46.,-29.));
#3623=CARTESIAN_POINT('',(-57.,46.,-29.));
#3624=CARTESIAN_POINT('',(-57.,46.,0.));
#3625=CARTESIAN_POINT('',(-57.,46.,0.));
#3626=CARTESIAN_POINT('',(-57.,46.,-268.));
#3627=CARTESIAN_POINT('',(60.,43.,-268.));
#3628=CARTESIAN_POINT('',(60.,43.,-29.));
#3629=CARTESIAN_POINT('',(57.,46.,-29.));
#3630=CARTESIAN_POINT('',(57.,46.,-268.));
#3631=CARTESIAN_POINT('',(57.,46.,0.));
#3632=CARTESIAN_POINT('',(60.,43.,0.));
#3633=CARTESIAN_POINT('',(57.,46.,-268.));
#3634=CARTESIAN_POINT('',(0.,46.,-261.));
#3635=CARTESIAN_POINT('',(0.,46.,-258.));
#3636=CARTESIAN_POINT('',(0.,46.,-7.));
#3637=CARTESIAN_POINT('',(0.,46.,-4.));
#3638=CARTESIAN_POINT('',(60.,46.,-91.));
#3639=CARTESIAN_POINT('',(49.,46.,-91.));
#3640=CARTESIAN_POINT('',(57.,46.,-268.));
#3641=CARTESIAN_POINT('',(-49.,46.,-91.));
#3642=CARTESIAN_POINT('',(-49.,46.,-91.));
#3643=CARTESIAN_POINT('',(-49.,46.,-81.));
#3644=CARTESIAN_POINT('',(-49.,46.,-71.));
#3645=CARTESIAN_POINT('',(-60.,46.,-71.));
#3646=CARTESIAN_POINT('',(-49.,46.,-49.));
#3647=CARTESIAN_POINT('',(-49.,46.,-49.));
#3648=CARTESIAN_POINT('',(-49.,46.,-39.));
#3649=CARTESIAN_POINT('',(-49.,46.,-29.));
#3650=CARTESIAN_POINT('',(-60.,46.,-29.));
#3651=CARTESIAN_POINT('',(57.,46.,0.));
#3652=CARTESIAN_POINT('',(49.,46.,-29.));
#3653=CARTESIAN_POINT('',(49.,46.,-29.));
#3654=CARTESIAN_POINT('',(49.,46.,-39.));
#3655=CARTESIAN_POINT('',(49.,46.,-49.));
#3656=CARTESIAN_POINT('',(60.,46.,-49.));
#3657=CARTESIAN_POINT('',(49.,46.,-71.));
#3658=CARTESIAN_POINT('',(49.,46.,-71.));
#3659=CARTESIAN_POINT('',(49.,46.,-81.));
#3660=CARTESIAN_POINT('',(0.,0.,-268.));
#3661=CARTESIAN_POINT('',(0.,0.,-268.));
#3662=CARTESIAN_POINT('',(35.,0.,-268.));
#3663=CARTESIAN_POINT('',(0.,0.,0.));
#3664=CARTESIAN_POINT('',(0.,0.,0.));
#3665=CARTESIAN_POINT('',(35.,0.,0.));
#3666=CARTESIAN_POINT('',(60.,-55.,-66.));
#3667=CARTESIAN_POINT('',(60.,-55.,-66.));
#3668=CARTESIAN_POINT('',(60.,-55.,-54.));
#3669=CARTESIAN_POINT('',(60.,-55.,-54.));
#3670=CARTESIAN_POINT('',(60.,-60.,-66.));
#3671=CARTESIAN_POINT('',(-49.,33.,-39.));
#3672=CARTESIAN_POINT('',(-49.,33.,-49.));
#3673=CARTESIAN_POINT('',(-49.,33.,-49.));
#3674=CARTESIAN_POINT('',(-60.,33.,-29.));
#3675=CARTESIAN_POINT('',(-49.,33.,-29.));
#3676=CARTESIAN_POINT('',(-49.,33.,-39.));
#3677=CARTESIAN_POINT('',(-49.,33.,-49.));
#3678=CARTESIAN_POINT('',(-49.,33.,-49.));
#3679=CARTESIAN_POINT('',(-60.,33.,-29.));
#3680=CARTESIAN_POINT('',(-49.,33.,-29.));
#3681=CARTESIAN_POINT('',(-49.,33.,-39.));
#3682=CARTESIAN_POINT('',(49.,33.,-39.));
#3683=CARTESIAN_POINT('',(60.,33.,-49.));
#3684=CARTESIAN_POINT('',(49.,33.,-49.));
#3685=CARTESIAN_POINT('',(49.,33.,-39.));
#3686=CARTESIAN_POINT('',(49.,33.,-29.));
#3687=CARTESIAN_POINT('',(49.,33.,-29.));
#3688=CARTESIAN_POINT('',(60.,33.,-49.));
#3689=CARTESIAN_POINT('',(49.,33.,-49.));
#3690=CARTESIAN_POINT('',(49.,33.,-39.));
#3691=CARTESIAN_POINT('',(49.,33.,-29.));
#3692=CARTESIAN_POINT('',(49.,33.,-29.));
#3693=CARTESIAN_POINT('',(-49.,33.,-81.));
#3694=CARTESIAN_POINT('',(-49.,33.,-91.));
#3695=CARTESIAN_POINT('',(-49.,33.,-91.));
#3696=CARTESIAN_POINT('',(-60.,33.,-71.));
#3697=CARTESIAN_POINT('',(-49.,33.,-71.));
#3698=CARTESIAN_POINT('',(-49.,33.,-81.));
#3699=CARTESIAN_POINT('',(-49.,33.,-91.));
#3700=CARTESIAN_POINT('',(-49.,33.,-91.));
#3701=CARTESIAN_POINT('',(-60.,33.,-71.));
#3702=CARTESIAN_POINT('',(-49.,33.,-71.));
#3703=CARTESIAN_POINT('',(-49.,33.,-81.));
#3704=CARTESIAN_POINT('',(49.,33.,-81.));
#3705=CARTESIAN_POINT('',(60.,33.,-91.));
#3706=CARTESIAN_POINT('',(49.,33.,-91.));
#3707=CARTESIAN_POINT('',(49.,33.,-81.));
#3708=CARTESIAN_POINT('',(49.,33.,-71.));
#3709=CARTESIAN_POINT('',(49.,33.,-71.));
#3710=CARTESIAN_POINT('',(60.,33.,-91.));
#3711=CARTESIAN_POINT('',(49.,33.,-91.));
#3712=CARTESIAN_POINT('',(49.,33.,-81.));
#3713=CARTESIAN_POINT('',(49.,33.,-71.));
#3714=CARTESIAN_POINT('',(49.,33.,-71.));
#3715=CARTESIAN_POINT('',(0.,-57.9,-30.25));
#3716=CARTESIAN_POINT('',(0.,-57.9,-39.));
#3717=CARTESIAN_POINT('',(0.,-57.9,-27.75));
#3718=CARTESIAN_POINT('',(0.,-57.9,-39.));
#3719=CARTESIAN_POINT('',(0.,-57.9,-30.25));
#3720=CARTESIAN_POINT('',(0.,-50.,-39.));
#3721=CARTESIAN_POINT('',(0.,-50.,-39.));
#3722=CARTESIAN_POINT('',(0.,-60.,-39.));
#3723=CARTESIAN_POINT('',(0.,-60.,-30.25));
#3724=CARTESIAN_POINT('',(0.,-50.,-34.));
#3725=CARTESIAN_POINT('',(0.,-50.,-39.));
#3726=CARTESIAN_POINT('',(0.,-50.,-34.));
#3727=CARTESIAN_POINT('',(0.,-50.,-39.));
#3728=CARTESIAN_POINT('',(0.,-60.,-39.));
#3729=CARTESIAN_POINT('',(0.,-60.,-34.));
#3730=CARTESIAN_POINT('',(-60.,-60.,-268.));
#3731=CARTESIAN_POINT('',(0.,-57.9,-72.25));
#3732=CARTESIAN_POINT('',(0.,-57.9,-81.));
#3733=CARTESIAN_POINT('',(0.,-57.9,-69.75));
#3734=CARTESIAN_POINT('',(0.,-57.9,-81.));
#3735=CARTESIAN_POINT('',(0.,-57.9,-72.25));
#3736=CARTESIAN_POINT('',(0.,-50.,-81.));
#3737=CARTESIAN_POINT('',(0.,-50.,-81.));
#3738=CARTESIAN_POINT('',(0.,-60.,-81.));
#3739=CARTESIAN_POINT('',(0.,-60.,-72.25));
#3740=CARTESIAN_POINT('',(0.,-50.,-75.));
#3741=CARTESIAN_POINT('',(0.,-50.,-81.));
#3742=CARTESIAN_POINT('',(0.,-50.,-75.));
#3743=CARTESIAN_POINT('',(0.,-50.,-81.));
#3744=CARTESIAN_POINT('',(0.,-60.,-81.));
#3745=CARTESIAN_POINT('',(0.,-60.,-75.));
#3746=CARTESIAN_POINT('',(-60.,-60.,-268.));
#3747=CARTESIAN_POINT('',(0.,0.,-1.));
#3748=CARTESIAN_POINT('',(0.,0.,-1.));
#3749=CARTESIAN_POINT('',(35.,0.,-1.));
#3750=CARTESIAN_POINT('',(0.,0.,-1.));
#3751=CARTESIAN_POINT('',(0.,0.,-1.));
#3752=CARTESIAN_POINT('',(34.,0.,-1.));
#3753=CARTESIAN_POINT('',(0.,0.,-1.));
#3754=CARTESIAN_POINT('',(0.,0.,0.));
#3755=CARTESIAN_POINT('',(34.,0.,0.));
#3756=CARTESIAN_POINT('',(0.,0.,0.));
#3757=CARTESIAN_POINT('',(0.,-28.,0.));
#3758=CARTESIAN_POINT('',(-3.,-28.,0.));
#3759=CARTESIAN_POINT('',(0.,28.,0.));
#3760=CARTESIAN_POINT('',(-3.,28.,0.));
#3761=CARTESIAN_POINT('',(0.,0.,0.));
#3762=CARTESIAN_POINT('',(18.,0.,0.));
#3763=CARTESIAN_POINT('',(0.,31.5,-258.));
#3764=CARTESIAN_POINT('',(0.,0.,-258.));
#3765=CARTESIAN_POINT('',(-31.5,0.,-258.));
#3766=CARTESIAN_POINT('',(0.,0.,-258.));
#3767=CARTESIAN_POINT('',(0.,0.,-88.));
#3768=CARTESIAN_POINT('',(-31.5,0.,-88.));
#3769=CARTESIAN_POINT('',(0.,18.,-88.));
#3770=CARTESIAN_POINT('',(0.,0.,-88.));
#3771=CARTESIAN_POINT('',(-18.,0.,-88.));
#3772=CARTESIAN_POINT('',(0.,0.,-258.));
#3773=CARTESIAN_POINT('',(0.,28.,-9.73205080756888));
#3774=CARTESIAN_POINT('',(0.,28.,-8.));
#3775=CARTESIAN_POINT('',(-3.,28.,-8.));
#3776=CARTESIAN_POINT('',(0.,28.,-8.));
#3777=CARTESIAN_POINT('',(0.,28.,-9.73205080756888));
#3778=CARTESIAN_POINT('',(0.,36.,-6.99999999999999));
#3779=CARTESIAN_POINT('',(0.,36.,-6.99999999999999));
#3780=CARTESIAN_POINT('',(0.,36.,-4.6));
#3781=CARTESIAN_POINT('',(0.,36.,-6.99999999999999));
#3782=CARTESIAN_POINT('',(0.,36.,-4.));
#3783=CARTESIAN_POINT('',(0.,36.,-6.99999999999999));
#3784=CARTESIAN_POINT('',(0.,36.2705,-6.99999999999999));
#3785=CARTESIAN_POINT('',(0.,36.2705,-4.27049999999999));
#3786=CARTESIAN_POINT('',(0.,46.,-7.));
#3787=CARTESIAN_POINT('',(0.,45.7295,-7.));
#3788=CARTESIAN_POINT('',(0.,45.7295,-4.27049999999999));
#3789=CARTESIAN_POINT('',(0.,45.7295,-7.));
#3790=CARTESIAN_POINT('',(0.,46.,-7.));
#3791=CARTESIAN_POINT('',(0.,45.5,-7.));
#3792=CARTESIAN_POINT('',(0.,45.5,-4.6));
#3793=CARTESIAN_POINT('',(0.,45.5,-7.));
#3794=CARTESIAN_POINT('',(0.,46.,-7.));
#3795=CARTESIAN_POINT('',(0.,46.,-5.1));
#3796=CARTESIAN_POINT('',(0.,46.,-5.1));
#3797=CARTESIAN_POINT('',(-0.721687836487032,46.,-8.25));
#3798=CARTESIAN_POINT('',(-0.721687836487032,46.,-8.25));
#3799=CARTESIAN_POINT('',(-1.44337567297406,46.,-7.));
#3800=CARTESIAN_POINT('',(0.721687836487032,46.,-8.25));
#3801=CARTESIAN_POINT('',(0.721687836487032,46.,-8.25));
#3802=CARTESIAN_POINT('',(1.44337567297406,46.,-7.));
#3803=CARTESIAN_POINT('',(1.44337567297406,46.,-7.));
#3804=CARTESIAN_POINT('',(0.721687836487032,46.,-5.75));
#3805=CARTESIAN_POINT('',(0.721687836487032,46.,-5.75));
#3806=CARTESIAN_POINT('',(-0.721687836487032,46.,-5.75));
#3807=CARTESIAN_POINT('',(-0.721687836487032,46.,-5.75));
#3808=CARTESIAN_POINT('',(-1.44337567297406,46.,-7.));
#3809=CARTESIAN_POINT('',(0.721687836487032,44.,-8.25));
#3810=CARTESIAN_POINT('',(-0.721687836487032,44.,-8.25));
#3811=CARTESIAN_POINT('',(-0.721687836487032,44.,-8.25));
#3812=CARTESIAN_POINT('',(0.721687836487032,44.,-8.25));
#3813=CARTESIAN_POINT('',(0.721687836487032,44.,-8.25));
#3814=CARTESIAN_POINT('',(0.721687836487032,44.,-8.25));
#3815=CARTESIAN_POINT('',(-0.721687836487032,44.,-8.25));
#3816=CARTESIAN_POINT('',(-1.44337567297406,44.,-7.));
#3817=CARTESIAN_POINT('',(-1.44337567297406,44.,-7.));
#3818=CARTESIAN_POINT('',(-0.721687836487032,44.,-8.25));
#3819=CARTESIAN_POINT('',(-1.44337567297406,44.,-7.));
#3820=CARTESIAN_POINT('',(-0.721687836487032,44.,-5.75));
#3821=CARTESIAN_POINT('',(-0.721687836487032,44.,-5.75));
#3822=CARTESIAN_POINT('',(-1.44337567297406,44.,-7.));
#3823=CARTESIAN_POINT('',(-0.721687836487032,44.,-5.75));
#3824=CARTESIAN_POINT('',(0.721687836487032,44.,-5.75));
#3825=CARTESIAN_POINT('',(0.721687836487032,44.,-5.75));
#3826=CARTESIAN_POINT('',(-0.721687836487032,44.,-5.75));
#3827=CARTESIAN_POINT('',(0.721687836487032,44.,-5.75));
#3828=CARTESIAN_POINT('',(1.44337567297406,44.,-7.));
#3829=CARTESIAN_POINT('',(1.44337567297406,44.,-7.));
#3830=CARTESIAN_POINT('',(0.721687836487032,44.,-5.75));
#3831=CARTESIAN_POINT('',(1.44337567297406,44.,-7.));
#3832=CARTESIAN_POINT('',(1.44337567297406,44.,-7.));
#3833=CARTESIAN_POINT('',(0.,44.,0.));
#3834=CARTESIAN_POINT('',(0.,-28.,-9.73205080756888));
#3835=CARTESIAN_POINT('',(0.,-28.,-8.));
#3836=CARTESIAN_POINT('',(-3.,-28.,-8.));
#3837=CARTESIAN_POINT('',(0.,-28.,-8.));
#3838=CARTESIAN_POINT('',(0.,-28.,-9.73205080756888));
#3839=CARTESIAN_POINT('',(0.,36.,-261.));
#3840=CARTESIAN_POINT('',(0.,36.,-261.));
#3841=CARTESIAN_POINT('',(0.,36.,-258.6));
#3842=CARTESIAN_POINT('',(0.,36.,-261.));
#3843=CARTESIAN_POINT('',(0.,36.,-258.));
#3844=CARTESIAN_POINT('',(0.,36.,-261.));
#3845=CARTESIAN_POINT('',(0.,36.2705,-261.));
#3846=CARTESIAN_POINT('',(0.,36.2705,-258.2705));
#3847=CARTESIAN_POINT('',(0.,46.,-261.));
#3848=CARTESIAN_POINT('',(0.,45.7295,-261.));
#3849=CARTESIAN_POINT('',(0.,45.7295,-258.2705));
#3850=CARTESIAN_POINT('',(0.,45.7295,-261.));
#3851=CARTESIAN_POINT('',(0.,46.,-261.));
#3852=CARTESIAN_POINT('',(0.,45.5,-261.));
#3853=CARTESIAN_POINT('',(0.,45.5,-258.6));
#3854=CARTESIAN_POINT('',(0.,45.5,-261.));
#3855=CARTESIAN_POINT('',(0.,46.,-261.));
#3856=CARTESIAN_POINT('',(0.,46.,-259.1));
#3857=CARTESIAN_POINT('',(0.,46.,-259.1));
#3858=CARTESIAN_POINT('',(-0.721687836487032,46.,-262.25));
#3859=CARTESIAN_POINT('',(-0.721687836487032,46.,-262.25));
#3860=CARTESIAN_POINT('',(-1.44337567297406,46.,-261.));
#3861=CARTESIAN_POINT('',(0.721687836487032,46.,-262.25));
#3862=CARTESIAN_POINT('',(0.721687836487032,46.,-262.25));
#3863=CARTESIAN_POINT('',(1.44337567297406,46.,-261.));
#3864=CARTESIAN_POINT('',(1.44337567297404,46.,-261.));
#3865=CARTESIAN_POINT('',(0.721687836487032,46.,-259.75));
#3866=CARTESIAN_POINT('',(0.721687836487032,46.,-259.75));
#3867=CARTESIAN_POINT('',(-0.721687836487032,46.,-259.75));
#3868=CARTESIAN_POINT('',(-0.721687836487032,46.,-259.75));
#3869=CARTESIAN_POINT('',(-1.44337567297406,46.,-261.));
#3870=CARTESIAN_POINT('',(0.721687836487032,44.,-262.25));
#3871=CARTESIAN_POINT('',(-0.721687836487032,44.,-262.25));
#3872=CARTESIAN_POINT('',(-0.721687836487032,44.,-262.25));
#3873=CARTESIAN_POINT('',(0.721687836487032,44.,-262.25));
#3874=CARTESIAN_POINT('',(0.721687836487032,44.,-262.25));
#3875=CARTESIAN_POINT('',(0.721687836487032,44.,-262.25));
#3876=CARTESIAN_POINT('',(-0.721687836487032,44.,-262.25));
#3877=CARTESIAN_POINT('',(-1.44337567297406,44.,-261.));
#3878=CARTESIAN_POINT('',(-1.44337567297406,44.,-261.));
#3879=CARTESIAN_POINT('',(-0.721687836487032,44.,-262.25));
#3880=CARTESIAN_POINT('',(-1.44337567297406,44.,-261.));
#3881=CARTESIAN_POINT('',(-0.721687836487032,44.,-259.75));
#3882=CARTESIAN_POINT('',(-0.721687836487032,44.,-259.75));
#3883=CARTESIAN_POINT('',(-1.44337567297406,44.,-261.));
#3884=CARTESIAN_POINT('',(-0.721687836487032,44.,-259.75));
#3885=CARTESIAN_POINT('',(0.721687836487032,44.,-259.75));
#3886=CARTESIAN_POINT('',(0.721687836487032,44.,-259.75));
#3887=CARTESIAN_POINT('',(-0.721687836487032,44.,-259.75));
#3888=CARTESIAN_POINT('',(0.721687836487032,44.,-259.75));
#3889=CARTESIAN_POINT('',(1.44337567297406,44.,-261.));
#3890=CARTESIAN_POINT('',(1.44337567297406,44.,-261.));
#3891=CARTESIAN_POINT('',(0.721687836487032,44.,-259.75));
#3892=CARTESIAN_POINT('',(1.44337567297406,44.,-261.));
#3893=CARTESIAN_POINT('',(1.44337567297406,44.,-261.));
#3894=CARTESIAN_POINT('',(0.,44.,0.));
#3895=CARTESIAN_POINT('',(0.,0.,-267.));
#3896=CARTESIAN_POINT('',(0.,0.,-267.));
#3897=CARTESIAN_POINT('',(35.,0.,-267.));
#3898=CARTESIAN_POINT('',(0.,0.,-267.));
#3899=CARTESIAN_POINT('',(0.,0.,-267.));
#3900=CARTESIAN_POINT('',(34.,0.,-267.));
#3901=CARTESIAN_POINT('',(0.,0.,-267.));
#3902=CARTESIAN_POINT('',(0.,0.,-268.));
#3903=CARTESIAN_POINT('',(34.,0.,-268.));
#3904=CARTESIAN_POINT('',(0.,0.,-268.));
#3905=CARTESIAN_POINT('',(0.,-28.,-268.));
#3906=CARTESIAN_POINT('',(-3.,-28.,-268.));
#3907=CARTESIAN_POINT('',(0.,28.,-268.));
#3908=CARTESIAN_POINT('',(-3.,28.,-268.));
#3909=CARTESIAN_POINT('',(0.,28.,-258.267949192431));
#3910=CARTESIAN_POINT('',(0.,28.,-260.));
#3911=CARTESIAN_POINT('',(-3.,28.,-260.));
#3912=CARTESIAN_POINT('',(0.,28.,-258.267949192431));
#3913=CARTESIAN_POINT('',(0.,28.,-268.));
#3914=CARTESIAN_POINT('',(0.,-28.,-258.267949192431));
#3915=CARTESIAN_POINT('',(0.,-28.,-260.));
#3916=CARTESIAN_POINT('',(-3.,-28.,-260.));
#3917=CARTESIAN_POINT('',(0.,-28.,-258.267949192431));
#3918=CARTESIAN_POINT('',(0.,-28.,-268.));
#3919=CARTESIAN_POINT('',(0.,0.,0.));
#3920=CARTESIAN_POINT('',(0.,0.,13.));
#3921=CARTESIAN_POINT('',(0.,0.,13.));
#3922=CARTESIAN_POINT('',(13.273,0.,13.));
#3923=CARTESIAN_POINT('',(0.,0.,13.));
#3924=CARTESIAN_POINT('',(20.5,0.,13.));
#3925=CARTESIAN_POINT('',(10.25,17.753520777581,13.));
#3926=CARTESIAN_POINT('',(0.,0.,13.));
#3927=CARTESIAN_POINT('',(10.25,-17.753520777581,13.));
#3928=CARTESIAN_POINT('',(0.,0.,13.));
#3929=CARTESIAN_POINT('',(-10.25,-17.753520777581,13.));
#3930=CARTESIAN_POINT('',(0.,0.,13.));
#3931=CARTESIAN_POINT('',(-20.5,0.,13.));
#3932=CARTESIAN_POINT('',(0.,0.,13.));
#3933=CARTESIAN_POINT('',(-10.25,17.753520777581,13.));
#3934=CARTESIAN_POINT('',(0.,0.,13.));
#3935=CARTESIAN_POINT('',(0.,0.,13.227));
#3936=CARTESIAN_POINT('',(0.,0.,12.));
#3937=CARTESIAN_POINT('',(-12.273,0.,12.));
#3938=CARTESIAN_POINT('',(0.,0.,12.));
#3939=CARTESIAN_POINT('',(15.,36.,12.));
#3940=CARTESIAN_POINT('',(15.,9.01387818865993,12.));
#3941=CARTESIAN_POINT('',(15.,-9.01387818865993,12.));
#3942=CARTESIAN_POINT('',(0.,0.,12.));
#3943=CARTESIAN_POINT('',(-15.,9.01387818865993,12.));
#3944=CARTESIAN_POINT('',(-15.,36.,12.));
#3945=CARTESIAN_POINT('',(-15.,-9.01387818865993,12.));
#3946=CARTESIAN_POINT('',(0.,0.,12.));
#3947=CARTESIAN_POINT('',(0.,0.,12.));
#3948=CARTESIAN_POINT('',(15.,9.9498743710662,11.));
#3949=CARTESIAN_POINT('',(15.,9.64305011764126,11.3392069750638));
#3950=CARTESIAN_POINT('',(15.,9.33138452872971,11.6729184601697));
#3951=CARTESIAN_POINT('',(15.,9.01387818865998,12.0000000000001));
#3952=CARTESIAN_POINT('',(15.,9.9498743710662,11.));
#3953=CARTESIAN_POINT('',(0.,0.,11.));
#3954=CARTESIAN_POINT('',(-15.,9.9498743710662,11.));
#3955=CARTESIAN_POINT('',(-15.,9.01387818865993,12.));
#3956=CARTESIAN_POINT('',(-15.,9.33170936121047,11.6725838315509));
#3957=CARTESIAN_POINT('',(-15.,9.64334445043966,11.338881577912));
#3958=CARTESIAN_POINT('',(-15.,9.94987437106627,11.));
#3959=CARTESIAN_POINT('',(0.,0.,12.));
#3960=CARTESIAN_POINT('',(15.,-9.01387818865993,12.));
#3961=CARTESIAN_POINT('',(15.,-9.33170936121047,11.6725838315509));
#3962=CARTESIAN_POINT('',(15.,-9.64334445043966,11.338881577912));
#3963=CARTESIAN_POINT('',(15.,-9.94987437106627,11.));
#3964=CARTESIAN_POINT('',(15.,-9.9498743710662,11.));
#3965=CARTESIAN_POINT('',(-15.,-9.9498743710662,11.));
#3966=CARTESIAN_POINT('',(-15.,-9.64305011764126,11.3392069750638));
#3967=CARTESIAN_POINT('',(-15.,-9.33138452872972,11.6729184601697));
#3968=CARTESIAN_POINT('',(-15.,-9.01387818865999,12.0000000000001));
#3969=CARTESIAN_POINT('',(-15.,-9.9498743710662,11.));
#3970=CARTESIAN_POINT('',(0.,0.,11.));
#3971=CARTESIAN_POINT('',(0.,0.,-258.));
#3972=CARTESIAN_POINT('',(0.,0.,-248.));
#3973=CARTESIAN_POINT('',(-18.,0.,-248.));
#3974=CARTESIAN_POINT('',(0.,0.,6.87379544349359));
#3975=CARTESIAN_POINT('',(15.,-9.9498743710662,2.));
#3976=CARTESIAN_POINT('',(15.,9.9498743710662,1.99999999999995));
#3977=CARTESIAN_POINT('',(15.,-9.9498743710662,-258.));
#3978=CARTESIAN_POINT('',(-15.,-9.9498743710662,-258.));
#3979=CARTESIAN_POINT('',(-15.,-9.9498743710662,1.99999999999995));
#3980=CARTESIAN_POINT('',(0.,0.,6.87379544349359));
#3981=CARTESIAN_POINT('',(-15.,9.9498743710662,2.));
#3982=CARTESIAN_POINT('',(-15.,9.9498743710662,-258.));
#3983=CARTESIAN_POINT('',(15.,9.9498743710662,-258.));
#3984=CARTESIAN_POINT('',(0.,18.,-248.));
#3985=CARTESIAN_POINT('',(0.,0.,-248.));
#3986=CARTESIAN_POINT('',(-31.5,0.,-248.));
#3987=CARTESIAN_POINT('',(0.,0.,-258.));
#3988=CARTESIAN_POINT('',(0.,0.,-258.));
#3989=CARTESIAN_POINT('',(-31.5,0.,-258.));
#3990=CARTESIAN_POINT('',(0.,31.5,-258.));
#3991=CARTESIAN_POINT('',(-15.,36.,12.));
#3992=CARTESIAN_POINT('',(-15.,36.,2.));
#3993=CARTESIAN_POINT('',(-15.,36.,2.));
#3994=CARTESIAN_POINT('',(18.,36.,1.02524091130128));
#3995=CARTESIAN_POINT('',(15.,36.,2.));
#3996=CARTESIAN_POINT('',(15.,36.,2.));
#3997=CARTESIAN_POINT('',(0.,0.,13.));
#3998=CARTESIAN_POINT('',(20.5,11.8356805183873,14.8309861482792));
#3999=CARTESIAN_POINT('',(17.1464674492712,13.7718434392867,13.7131419647029));
#4000=CARTESIAN_POINT('',(13.7425905870018,15.7370726620063,13.));
#4001=CARTESIAN_POINT('',(10.25,17.753520777581,13.));
#4002=CARTESIAN_POINT('',(20.5,11.8356805183873,14.8309861482793));
#4003=CARTESIAN_POINT('',(20.5,-1.78700174305456E-15,13.));
#4004=CARTESIAN_POINT('',(20.5,4.0528755242241,13.));
#4005=CARTESIAN_POINT('',(20.5,7.98381844849105,13.7190493468114));
#4006=CARTESIAN_POINT('',(20.5,11.8356805183873,14.8309861482793));
#4007=CARTESIAN_POINT('',(0.,0.,13.));
#4008=CARTESIAN_POINT('',(2.21335640002541E-14,23.6713610367747,14.8309861482792));
#4009=CARTESIAN_POINT('',(-3.35353255072875,21.7351981158752,13.7131419647029));
#4010=CARTESIAN_POINT('',(-6.75740941299818,19.7699688931556,13.));
#4011=CARTESIAN_POINT('',(-10.25,17.753520777581,13.));
#4012=CARTESIAN_POINT('',(-1.19731044504435E-16,23.6713610367747,14.8309861482793));
#4013=CARTESIAN_POINT('',(10.25,17.753520777581,13.));
#4014=CARTESIAN_POINT('',(8.51023517712918,18.7579744663921,13.));
#4015=CARTESIAN_POINT('',(5.04042274019302,20.7612716108947,13.3518085595827));
#4016=CARTESIAN_POINT('',(1.67257841710193,22.7056974374201,14.2734600092453));
#4017=CARTESIAN_POINT('',(-8.30510304031768E-15,23.6713610367747,14.8309861482793));
#4018=CARTESIAN_POINT('',(0.,0.,13.));
#4019=CARTESIAN_POINT('',(-10.25,17.753520777581,13.));
#4020=CARTESIAN_POINT('',(-11.9897648228708,16.7490670887699,13.));
#4021=CARTESIAN_POINT('',(-15.459577259807,14.7457699442673,13.3518085595827));
#4022=CARTESIAN_POINT('',(-18.8274215828981,12.8013441177419,14.2734600092453));
#4023=CARTESIAN_POINT('',(-20.5,11.8356805183873,14.8309861482793));
#4024=CARTESIAN_POINT('',(-20.5,11.8356805183873,14.8309861482793));
#4025=CARTESIAN_POINT('',(-20.5,11.8356805183873,14.8309861482793));
#4026=CARTESIAN_POINT('',(-20.5,7.98031455181436,13.7180378589666));
#4027=CARTESIAN_POINT('',(-20.5,4.05434449842332,13.));
#4028=CARTESIAN_POINT('',(-20.5,5.87311557690391E-15,13.));
#4029=CARTESIAN_POINT('',(0.,0.,13.));
#4030=CARTESIAN_POINT('',(-20.5,-11.8356805183873,14.8309861482792));
#4031=CARTESIAN_POINT('',(-17.1464674492712,-13.7718434392867,13.7131419647029));
#4032=CARTESIAN_POINT('',(-13.7425905870018,-15.7370726620063,13.));
#4033=CARTESIAN_POINT('',(-10.25,-17.753520777581,13.));
#4034=CARTESIAN_POINT('',(-20.5,-11.8356805183873,14.8309861482793));
#4035=CARTESIAN_POINT('',(-20.5,5.87311557690391E-15,13.));
#4036=CARTESIAN_POINT('',(-20.5,-4.0528755242241,13.));
#4037=CARTESIAN_POINT('',(-20.5,-7.98381844849105,13.7190493468114));
#4038=CARTESIAN_POINT('',(-20.5,-11.8356805183873,14.8309861482793));
#4039=CARTESIAN_POINT('',(0.,0.,13.));
#4040=CARTESIAN_POINT('',(-2.21335640002541E-14,-23.6713610367747,14.8309861482792));
#4041=CARTESIAN_POINT('',(3.35353255072875,-21.7351981158752,13.7131419647029));
#4042=CARTESIAN_POINT('',(6.75740941299818,-19.7699688931556,13.));
#4043=CARTESIAN_POINT('',(10.25,-17.753520777581,13.));
#4044=CARTESIAN_POINT('',(1.19731044504435E-16,-23.6713610367747,14.8309861482793));
#4045=CARTESIAN_POINT('',(-10.25,-17.753520777581,13.));
#4046=CARTESIAN_POINT('',(-8.51023517712918,-18.7579744663921,13.));
#4047=CARTESIAN_POINT('',(-5.04042274019302,-20.7612716108947,13.3518085595827));
#4048=CARTESIAN_POINT('',(-1.67257841710193,-22.7056974374201,14.2734600092453));
#4049=CARTESIAN_POINT('',(8.30510304031768E-15,-23.6713610367747,14.8309861482793));
#4050=CARTESIAN_POINT('',(0.,0.,13.));
#4051=CARTESIAN_POINT('',(20.5,-11.8356805183873,14.8309861482793));
#4052=CARTESIAN_POINT('',(20.5,-7.98031455181435,13.7180378589666));
#4053=CARTESIAN_POINT('',(20.5,-4.05434449842332,13.));
#4054=CARTESIAN_POINT('',(20.5,-9.03506267917195E-15,13.));
#4055=CARTESIAN_POINT('',(20.5,-11.8356805183873,14.8309861482793));
#4056=CARTESIAN_POINT('',(10.25,-17.753520777581,13.));
#4057=CARTESIAN_POINT('',(11.9897648228708,-16.7490670887699,13.));
#4058=CARTESIAN_POINT('',(15.459577259807,-14.7457699442673,13.3518085595827));
#4059=CARTESIAN_POINT('',(18.8274215828981,-12.8013441177419,14.2734600092453));
#4060=CARTESIAN_POINT('',(20.5,-11.8356805183873,14.8309861482793));
#4061=CARTESIAN_POINT('',(0.,23.6713610367747,25.));
#4062=CARTESIAN_POINT('',(-20.5,11.8356805183873,25.));
#4063=CARTESIAN_POINT('',(-20.5,11.8356805183873,23.1690138517207));
#4064=CARTESIAN_POINT('',(-20.5,11.8356805183873,23.1690138517208));
#4065=CARTESIAN_POINT('',(-17.1464674492712,13.7718434392867,24.2868580352971));
#4066=CARTESIAN_POINT('',(-13.7425905870018,15.7370726620063,25.));
#4067=CARTESIAN_POINT('',(-10.25,17.753520777581,25.));
#4068=CARTESIAN_POINT('',(-10.25,17.753520777581,25.));
#4069=CARTESIAN_POINT('',(-10.25,17.753520777581,25.));
#4070=CARTESIAN_POINT('',(-8.51023517712919,18.7579744663921,25.));
#4071=CARTESIAN_POINT('',(-5.04042274019302,20.7612716108947,24.6481914404173));
#4072=CARTESIAN_POINT('',(-1.67257841710194,22.7056974374201,23.7265399907547));
#4073=CARTESIAN_POINT('',(7.98444771663242E-15,23.6713610367747,23.1690138517208));
#4074=CARTESIAN_POINT('',(0.,23.6713610367747,23.1690138517207));
#4075=CARTESIAN_POINT('',(0.,23.6713610367747,25.));
#4076=CARTESIAN_POINT('',(20.5,11.8356805183873,25.));
#4077=CARTESIAN_POINT('',(-2.05265373585207E-14,23.6713610367747,23.1690138517208));
#4078=CARTESIAN_POINT('',(3.35353255072875,21.7351981158752,24.2868580352971));
#4079=CARTESIAN_POINT('',(6.75740941299817,19.7699688931556,25.));
#4080=CARTESIAN_POINT('',(10.25,17.753520777581,25.));
#4081=CARTESIAN_POINT('',(10.25,17.753520777581,25.));
#4082=CARTESIAN_POINT('',(10.25,17.753520777581,25.));
#4083=CARTESIAN_POINT('',(11.9897648228708,16.7490670887699,25.));
#4084=CARTESIAN_POINT('',(15.459577259807,14.7457699442673,24.6481914404173));
#4085=CARTESIAN_POINT('',(18.8274215828981,12.8013441177419,23.7265399907547));
#4086=CARTESIAN_POINT('',(20.5,11.8356805183873,23.1690138517207));
#4087=CARTESIAN_POINT('',(20.5,11.8356805183873,23.1690138517207));
#4088=CARTESIAN_POINT('',(20.5,11.8356805183873,25.));
#4089=CARTESIAN_POINT('',(20.5,-11.8356805183873,25.));
#4090=CARTESIAN_POINT('',(20.5,11.8356805183873,23.1690138517207));
#4091=CARTESIAN_POINT('',(20.5,7.98031455181435,24.2819621410334));
#4092=CARTESIAN_POINT('',(20.5,4.05434449842332,25.));
#4093=CARTESIAN_POINT('',(20.5,6.05003437510873E-15,25.));
#4094=CARTESIAN_POINT('',(20.5,0.,25.));
#4095=CARTESIAN_POINT('',(20.5,-8.888595287985E-16,25.));
#4096=CARTESIAN_POINT('',(20.5,-4.05287552422411,25.));
#4097=CARTESIAN_POINT('',(20.5,-7.98381844849106,24.2809506531886));
#4098=CARTESIAN_POINT('',(20.5,-11.8356805183873,23.1690138517207));
#4099=CARTESIAN_POINT('',(20.5,-11.8356805183873,23.1690138517207));
#4100=CARTESIAN_POINT('',(20.5,-11.8356805183873,25.));
#4101=CARTESIAN_POINT('',(0.,-23.6713610367747,25.));
#4102=CARTESIAN_POINT('',(20.5,-11.8356805183873,23.1690138517208));
#4103=CARTESIAN_POINT('',(17.1464674492712,-13.7718434392867,24.2868580352971));
#4104=CARTESIAN_POINT('',(13.7425905870018,-15.7370726620063,25.));
#4105=CARTESIAN_POINT('',(10.25,-17.753520777581,25.));
#4106=CARTESIAN_POINT('',(10.25,-17.753520777581,25.));
#4107=CARTESIAN_POINT('',(10.25,-17.753520777581,25.));
#4108=CARTESIAN_POINT('',(8.51023517712919,-18.7579744663921,25.));
#4109=CARTESIAN_POINT('',(5.04042274019302,-20.7612716108947,24.6481914404173));
#4110=CARTESIAN_POINT('',(1.67257841710194,-22.7056974374201,23.7265399907547));
#4111=CARTESIAN_POINT('',(-7.98444771663242E-15,-23.6713610367747,23.1690138517208));
#4112=CARTESIAN_POINT('',(4.73894578322957E-16,-23.6713610367747,23.1690138517207));
#4113=CARTESIAN_POINT('',(0.,-23.6713610367747,25.));
#4114=CARTESIAN_POINT('',(-20.5,-11.8356805183873,25.));
#4115=CARTESIAN_POINT('',(2.07796571075038E-14,-23.6713610367747,23.1690138517208));
#4116=CARTESIAN_POINT('',(-3.35353255072875,-21.7351981158752,24.2868580352971));
#4117=CARTESIAN_POINT('',(-6.75740941299817,-19.7699688931556,25.));
#4118=CARTESIAN_POINT('',(-10.25,-17.753520777581,25.));
#4119=CARTESIAN_POINT('',(-10.25,-17.753520777581,25.));
#4120=CARTESIAN_POINT('',(-10.25,-17.753520777581,25.));
#4121=CARTESIAN_POINT('',(-11.9897648228708,-16.7490670887699,25.));
#4122=CARTESIAN_POINT('',(-15.459577259807,-14.7457699442673,24.6481914404173));
#4123=CARTESIAN_POINT('',(-18.8274215828981,-12.8013441177419,23.7265399907547));
#4124=CARTESIAN_POINT('',(-20.5,-11.8356805183873,23.1690138517207));
#4125=CARTESIAN_POINT('',(-20.5,-11.8356805183873,23.1690138517207));
#4126=CARTESIAN_POINT('',(-20.5,-11.8356805183873,25.));
#4127=CARTESIAN_POINT('',(-20.5,11.8356805183873,25.));
#4128=CARTESIAN_POINT('',(-20.5,-11.8356805183873,23.1690138517207));
#4129=CARTESIAN_POINT('',(-20.5,-7.98031455181435,24.2819621410334));
#4130=CARTESIAN_POINT('',(-20.5,-4.05434449842332,25.));
#4131=CARTESIAN_POINT('',(-20.5,-6.05003437510873E-15,25.));
#4132=CARTESIAN_POINT('',(-20.5,0.,25.));
#4133=CARTESIAN_POINT('',(-20.5,8.888595287985E-16,25.));
#4134=CARTESIAN_POINT('',(-20.5,4.05287552422411,25.));
#4135=CARTESIAN_POINT('',(-20.5,7.98381844849106,24.2809506531886));
#4136=CARTESIAN_POINT('',(-20.5,11.8356805183873,23.1690138517207));
#4137=CARTESIAN_POINT('',(0.,0.,21.8245735194571));
#4138=CARTESIAN_POINT('',(0.,0.,25.));
#4139=CARTESIAN_POINT('',(0.,0.,21.8245735194571));
#4140=CARTESIAN_POINT('',(0.,0.,25.));
#4141=CARTESIAN_POINT('',(0.,0.,21.8245735194571));
#4142=CARTESIAN_POINT('',(0.,0.,25.));
#4143=CARTESIAN_POINT('',(0.,0.,21.8245735194571));
#4144=CARTESIAN_POINT('',(0.,0.,25.));
#4145=CARTESIAN_POINT('',(0.,0.,21.8245735194571));
#4146=CARTESIAN_POINT('',(0.,0.,25.));
#4147=CARTESIAN_POINT('',(0.,0.,21.8245735194571));
#4148=CARTESIAN_POINT('',(0.,0.,25.));
#4149=CARTESIAN_POINT('',(0.,0.,52.));
#4150=CARTESIAN_POINT('',(0.,0.,52.));
#4151=CARTESIAN_POINT('',(-12.273,0.,52.));
#4152=CARTESIAN_POINT('',(0.,0.,52.));
#4153=CARTESIAN_POINT('',(0.,0.,50.773));
#4154=CARTESIAN_POINT('',(-13.5,0.,50.773));
#4155=CARTESIAN_POINT('',(0.,0.,12.));
#4156=CARTESIAN_POINT('',(0.,0.,25.));
#4157=CARTESIAN_POINT('',(13.5,0.,25.));
#4158=CARTESIAN_POINT('',(0.,0.,25.));
#4159=CARTESIAN_POINT('',(0.,0.,0.));
#4160=MECHANICAL_DESIGN_GEOMETRIC_PRESENTATION_REPRESENTATION('',(#1881,
#1882,#1883,#1884,#1885,#1886,#1887,#1888,#1889,#1890,#1891,#1892,#1893,
#1894,#1895,#1896,#1897,#1898,#1899,#1900,#1901,#1902,#1903,#1904,#1905,
#1906,#1907,#1908,#1909,#1910,#1911,#1912,#1913,#1914,#1915,#1916,#1917,
#1918,#1919,#1920,#1921,#1922,#1923,#1924,#1925,#1926,#1927,#1928,#1929,
#1930,#1931,#1932,#1933,#1934,#1935,#1936,#1937,#1938,#1939,#1940,#1941,
#1942,#1943,#1944,#1945,#1946,#1947,#1948,#1949,#1950,#1951,#1952,#1953,
#1954,#1955,#1956,#1957,#1958,#1959,#1960,#1961,#1962,#1963,#1964,#1965,
#1966,#1967,#1968,#1969,#1970,#1971,#1972,#1973,#1974,#1975,#1976,#1977),
#4161);
#4161=(
GEOMETRIC_REPRESENTATION_CONTEXT(3)
GLOBAL_UNCERTAINTY_ASSIGNED_CONTEXT((#4164))
GLOBAL_UNIT_ASSIGNED_CONTEXT((#4169,#4168,#4167))
REPRESENTATION_CONTEXT('JECX-MF-160-J-EXLA-63-160(0)',
'TOP_LEVEL_ASSEMBLY_PART')
);
#4162=(
GEOMETRIC_REPRESENTATION_CONTEXT(3)
GLOBAL_UNCERTAINTY_ASSIGNED_CONTEXT((#4165))
GLOBAL_UNIT_ASSIGNED_CONTEXT((#4169,#4168,#4167))
REPRESENTATION_CONTEXT('JECX-MF-EXLA-63-160(0_body)','COMPONENT_PART')
);
#4163=(
GEOMETRIC_REPRESENTATION_CONTEXT(3)
GLOBAL_UNCERTAINTY_ASSIGNED_CONTEXT((#4166))
GLOBAL_UNIT_ASSIGNED_CONTEXT((#4169,#4168,#4167))
REPRESENTATION_CONTEXT('JECX-MF-EXLA-63-160(0_rod)','COMPONENT_PART')
);
#4164=UNCERTAINTY_MEASURE_WITH_UNIT(LENGTH_MEASURE(1.E-5),#4169,
'DISTANCE_ACCURACY_VALUE','Maximum Tolerance applied to model');
#4165=UNCERTAINTY_MEASURE_WITH_UNIT(LENGTH_MEASURE(1.E-5),#4169,
'DISTANCE_ACCURACY_VALUE','Maximum Tolerance applied to model');
#4166=UNCERTAINTY_MEASURE_WITH_UNIT(LENGTH_MEASURE(1.E-5),#4169,
'DISTANCE_ACCURACY_VALUE','Maximum Tolerance applied to model');
#4167=(
NAMED_UNIT(*)
SI_UNIT($,.STERADIAN.)
SOLID_ANGLE_UNIT()
);
#4168=(
NAMED_UNIT(*)
PLANE_ANGLE_UNIT()
SI_UNIT($,.RADIAN.)
);
#4169=(
LENGTH_UNIT()
NAMED_UNIT(*)
SI_UNIT(.MILLI.,.METRE.)
);
#4170=PRODUCT_DEFINITION_SHAPE('','',#4175);
#4171=PRODUCT_DEFINITION_SHAPE('','',#4176);
#4172=PRODUCT_DEFINITION_SHAPE(' ','NAUO PRDDFN',#50);
#4173=PRODUCT_DEFINITION_SHAPE('','',#4177);
#4174=PRODUCT_DEFINITION_SHAPE(' ','NAUO PRDDFN',#51);
#4175=PRODUCT_DEFINITION('','',#4181,#4178);
#4176=PRODUCT_DEFINITION('','',#4182,#4179);
#4177=PRODUCT_DEFINITION('','',#4183,#4180);
#4178=PRODUCT_DEFINITION_CONTEXT('',#4197,'design');
#4179=PRODUCT_DEFINITION_CONTEXT('',#4197,'design');
#4180=PRODUCT_DEFINITION_CONTEXT('',#4197,'design');
#4181=PRODUCT_DEFINITION_FORMATION_WITH_SPECIFIED_SOURCE('','',#4187,
 .NOT_KNOWN.);
#4182=PRODUCT_DEFINITION_FORMATION_WITH_SPECIFIED_SOURCE('','',#4188,
 .NOT_KNOWN.);
#4183=PRODUCT_DEFINITION_FORMATION_WITH_SPECIFIED_SOURCE('','',#4189,
 .NOT_KNOWN.);
#4184=PRODUCT_RELATED_PRODUCT_CATEGORY('','',(#4187));
#4185=PRODUCT_RELATED_PRODUCT_CATEGORY('','',(#4188));
#4186=PRODUCT_RELATED_PRODUCT_CATEGORY('','',(#4189));
#4187=PRODUCT('JECX-MF-160-J-EXLA-63-160(0)',
'JECX-MF-160-J-EXLA-63-160(0)','JECX-MF-160-J-EXLA-63-160(0)',(#4193));
#4188=PRODUCT('JECX-MF-EXLA-63-160(0_body)',
'JECX-MF-EXLA-63-160(0_body)','JECX-MF-EXLA-63-160(0_body)',(#4194));
#4189=PRODUCT('JECX-MF-EXLA-63-160(0_rod)','JECX-MF-EXLA-63-160(0_rod)',
'JECX-MF-EXLA-63-160(0_rod)',(#4195));
#4190=PRODUCT_CATEGORY('','');
#4191=PRODUCT_CATEGORY('','');
#4192=PRODUCT_CATEGORY('','');
#4193=PRODUCT_CONTEXT('',#4197,'mechanical');
#4194=PRODUCT_CONTEXT('',#4197,'mechanical');
#4195=PRODUCT_CONTEXT('',#4197,'mechanical');
#4196=APPLICATION_PROTOCOL_DEFINITION('international standard',
'automotive_design',2010,#4197);
#4197=APPLICATION_CONTEXT(
'core data for automotive mechanical design processes');
ENDSEC;
END-ISO-10303-21;
